date_maj,gagnant,secteur,pays_execution,valeur_attribuee,acheteur,titre,cpv,sous_traitance,date_publication,publication_number,lien,a_demarcher,pays_titulaire,titulaire_etranger,statut_prospection,date_detection
2026-07-03,Deutsche Gesellschaft für Internationale Zusammenarbeit (GIZ) Gm,Energie / petrole-gaz,"DZA, EGY, ISR, JOR, LBN, Libye, MAR, Palestine, SYR, TUN","2 999 500,00 EUR","European Union, represented by the European Commission",Belgium-Brussels: Other sources of energy supplies and distribution,"09330000, 24111600, 31121300, 65400000, 71314000",non,2023-01-18,34162-2023,https://ted.europa.eu/en/notice/34162-2023/html,oui,,,nouveau,2026-07-03
2026-07-03,(gagnant non publie),Ingenierie / etudes,Ukraine,,Department of Capital Construction of the Executive Committee of Kryvyi Rih City Council on behalf of Kryvyi Rih City Council,Ukraine-Kryvyi Rih: Construction supervision services,71520000,non,2023-01-30,59797-2023,https://ted.europa.eu/en/notice/59797-2023/html,verifier,,,nouveau,2026-07-03
2026-07-03,Deutsche Gesellschaft für Internationale Zusammenarbeit (GIZ) Gm,Energie / petrole-gaz,"DZA, EGY, ISR, JOR, LBN, Libye, MAR, Palestine, SYR, TUN","2 999 500,00 EUR","European Union, represented by the European Commission",Belgium-Brussels: Other sources of energy supplies and distribution,"09330000, 24111600, 31121300, 65400000, 71314000",non,2023-02-01,65669-2023,https://ted.europa.eu/en/notice/65669-2023/html,oui,,,nouveau,2026-07-03
2026-07-03,ALTAI SAS,Administration / defense,Irak,"474 720,00 EUR",Deutsche Gesellschaft für Internationale Zusammenarbeit (GIZ) GmbH,Germany-Eschborn: Business development consultancy services,"66111000, 75211200, 79411100",non,2023-03-06,134186-2023,https://ted.europa.eu/en/notice/134186-2023/html,oui,,,nouveau,2026-07-03
2026-07-03,EGIS International; EGIS Ukraina; SYSTEMA Transport Planning Consultants,Ingenierie / etudes,"ARM, AZE, GEO, MDA, Ukraine","5 200 000,00 EUR",European Investment Bank,Luxembourg-Luxembourg: Facility for Eastern Partnership Investment in Connectivity (EPIC) – Technical Assistance Framework Agreement for Transport Infrastructure Project Preparation,"71311220, 71311230, 71313400, 71322000, 71335000, 71356200",non,2023-03-20,164432-2023,https://ted.europa.eu/en/notice/164432-2023/html,oui,,,nouveau,2026-07-03
2026-07-03,B.U.COMBINES USA Inc,Energie / petrole-gaz,Ukraine,"1,00 EUR",Deutsche Gesellschaft für Internationale Zusammenarbeit (GIZ) GmbH,Germany-Eschborn: Street lamps,"09330000, 34928530",non,2023-05-03,264539-2023,https://ted.europa.eu/en/notice/264539-2023/html,oui,,,nouveau,2026-07-03
2026-07-03,DIW Econ GmbH,Administration / defense,Ukraine,"616 625,00 EUR",Deutsche Gesellschaft für Internationale Zusammenarbeit (GIZ) GmbH,Germany-Eschborn: Environmental issues consultancy services,"75131000, 90712000, 90713000, 90720000, 90721000",non,2023-05-15,285550-2023,https://ted.europa.eu/en/notice/285550-2023/html,oui,,,nouveau,2026-07-03
2026-07-03,DIW Econ GmbH,Administration / defense,Ukraine,"340 175,00 EUR",Deutsche Gesellschaft für Internationale Zusammenarbeit (GIZ) GmbH,Germany-Eschborn: Environmental issues consultancy services,"75131000, 90712000, 90713000, 90720000, 90721000",non,2023-05-15,285972-2023,https://ted.europa.eu/en/notice/285972-2023/html,oui,,,nouveau,2026-07-03
2026-07-03,Urban Technology Alliance LP (UTA),Ingenierie / etudes,Ukraine,"149 950,00 EUR",Department of Capital Construction and Roads Management of Sumy City Council,Ukraine-Sumy: Supervision of building work,71247000,non,2023-05-16,291389-2023,https://ted.europa.eu/en/notice/291389-2023/html,oui,,,nouveau,2026-07-03
2026-07-03,PlanBørneFonden; Swisscontact — Fondation Suisse pour la coopération technique National,Administration / defense,Mali,"14 995 675,00 DKK",L'ambassade du Danemark au Mali,Mali-Bamako: Business development consultancy services,"75211200, 79400000, 79411100",non,2023-05-22,302507-2023,https://ted.europa.eu/en/notice/302507-2023/html,oui,,,nouveau,2026-07-03
2026-07-03,NIRAS A/S National,Administration / defense,Mali,"15 977 330,00 DKK",L'ambassade du Danemark au Mali,Mali-Bamako: Foreign economic-aid-related services,"75211200, 79410000",non,2023-05-22,304408-2023,https://ted.europa.eu/en/notice/304408-2023/html,oui,,,nouveau,2026-07-03
2026-07-03,NET Engineering S.p.A,Ingenierie / etudes,Ukraine,"700 000,00 EUR",European Investment Bank,Luxembourg-Luxembourg: Feasibility Study with Preliminary Design for the Modernisation of Railway Line at Kovel–Yahodyn–Polish Border Section with Further Electrification,71311230,non,2023-06-14,352612-2023,https://ted.europa.eu/en/notice/352612-2023/html,oui,,,nouveau,2026-07-03
2026-07-03,NET Engineering S.p.A,Ingenierie / etudes,Ukraine,"673 561,00 EUR",European Investment Bank,Luxembourg-Luxembourg: Feasibility Study with Preliminary Design for the Modernisation of Railway Line at Kovel-Yahodyn-Polish Border Section with Further Electrification,71311230,non,2023-06-22,377220-2023,https://ted.europa.eu/en/notice/377220-2023/html,oui,,,nouveau,2026-07-03
2026-07-03,TRANSTEC; NIRAS; Cowater,Ingenierie / etudes,Ukraine,"6 392 000,00 EUR",European Investment Bank,Luxembourg-Luxembourg: Technical Assistance to Support the Implementation of the Ukraine Recovery Programme (URP) in Ukraine,71356200,non,2023-06-22,377324-2023,https://ted.europa.eu/en/notice/377324-2023/html,oui,,,nouveau,2026-07-03
2026-07-03,Nommon Solutions and Technologies S.L,Sante,Mexique,"271 350,00 EUR",Deutsche Gesellschaft für Internationale Zusammenarbeit (GIZ) GmbH,Germany-Eschborn: Counselling services,"85312320, 90700000, 90713000",non,2023-07-28,459747-2023,https://ted.europa.eu/en/notice/459747-2023/html,oui,,,nouveau,2026-07-03
2026-07-03,AFC-GOPA,Ingenierie / etudes,Niger,"3 499 800,00 EUR","European Union, represented by the European Commission, on behalf of and for the account of Niger",Niger-Niamey: Technical assistance services,71356200,non,2023-07-31,464232-2023,https://ted.europa.eu/en/notice/464232-2023/html,oui,,,nouveau,2026-07-03
2026-07-03,AFC Agriculture and Finance Consultants GmbH,Administration / defense,Burkina Faso,"868 487,44 EUR",Deutsche Gesellschaft für Internationale Zusammenarbeit (GIZ) GmbH,Germany-Eschborn: Foreign economic-aid-related services,"75211200, 77100000, 77110000, 79400000, 80000000, 80400000, 98000000",non,2023-08-01,465431-2023,https://ted.europa.eu/en/notice/465431-2023/html,oui,,,nouveau,2026-07-03
2026-07-03,GKW Consult GmbH,Ingenierie / etudes,Burkina Faso,"350 000,00 EUR",European Investment Bank,Luxembourg-Luxembourg: Feasibility study for the improvement of drinking water and sanitation services from the Soum dam,71356200,non,2023-08-08,481028-2023,https://ted.europa.eu/en/notice/481028-2023/html,oui,,,nouveau,2026-07-03
2026-07-03,ADAM SMITH EUROPE BV,Ingenierie / etudes,Somalie,"5 362 130,00 EUR",European Union - Represented by the European Commission,Kenya-Nairobi: Technical assistance services,71356200,non,2023-08-11,491097-2023,https://ted.europa.eu/en/notice/491097-2023/html,oui,,,nouveau,2026-07-03
2026-07-03,(gagnant non publie),Administration / defense,Niger,,"Ambassade Royale du Danemark, Burkina Faso",Burkina Faso-Ouagadougou: Evaluation consultancy services,"75211200, 79419000",non,2023-08-14,495440-2023,https://ted.europa.eu/en/notice/495440-2023/html,verifier,,,nouveau,2026-07-03
2026-07-03,ADAM SMITH EUROPE BV,Ingenierie / etudes,Somalie,"5 362 130,00 EUR",European Union - Represented by the European Commission,Kenya-Nairobi: Technical assistance services,71356200,non,2023-08-21,503803-2023,https://ted.europa.eu/en/notice/503803-2023/html,oui,,,nouveau,2026-07-03
2026-07-03,(gagnant non publie),Ingenierie / etudes,Ukraine,,Public Utility Company «Misksvitlo» of Dnipro City Council,Ukraine-Dnipro: Construction supervision services,71520000,non,2023-10-10,609269-2023,https://ted.europa.eu/en/notice/609269-2023/html,verifier,,,nouveau,2026-07-03
2026-07-03,Cowater International SA,Ingenierie / etudes,Somalie,"1 999 800,00 EUR","European Union, represented by the European Commission",Kenya-Nairobi: Technical assistance services,71356200,non,2023-10-10,610513-2023,https://ted.europa.eu/en/notice/610513-2023/html,oui,,,nouveau,2026-07-03
2026-07-03,DAI GLOBAL AUSTRIA GMBH & CO KG National; EXPERTISE ADVISORS National,Environnement / traitement,Ukraine,"500 000,00 EUR","European Union, represented by the European Commission, on behalf of and for the account of Ukraine",Ukraine-Kyiv: Environmental issues consultancy services,90713000,non,2023-10-13,619452-2023,https://ted.europa.eu/en/notice/619452-2023/html,oui,,,nouveau,2026-07-03
2026-07-03,NIRAS IC SP ZOO National,Ingenierie / etudes,Ukraine,"1 000 000,00 EUR","European Union, represented by the European Commission",Ukraine-Kyiv: Energy-efficiency consultancy services,"71314000, 71314300",non,2023-10-24,645325-2023,https://ted.europa.eu/en/notice/645325-2023/html,oui,,,nouveau,2026-07-03
2026-07-03,(gagnant non publie),Ingenierie / etudes,Ukraine,,Kamianske City Council,Ukraine-Kamianske: Construction supervision services,71520000,non,2023-10-24,645652-2023,https://ted.europa.eu/en/notice/645652-2023/html,verifier,,,nouveau,2026-07-03
2026-07-03,AGRECO G.E.I.E & AMBERO Consulting GmbH,Environnement / traitement,Burkina Faso,"1 849 175,00 EUR","European Union, represented by the European Commission",Burkina Faso-Ouagadougou: Environmental issues consultancy services,90713000,non,2023-11-10,680421-2023,https://ted.europa.eu/en/notice/680421-2023/html,oui,,,nouveau,2026-07-03
2026-07-03,Posch & Partner GmbH,Ingenierie / etudes,Ukraine,"600 000,00 EUR",European Investment Bank,Luxembourg-Luxembourg: Management and Technical Assistance Support for Completion of the Mykolayiv Water Project,"71356200, 71800000",non,2023-11-13,686715-2023,https://ted.europa.eu/en/notice/686715-2023/html,oui,,,nouveau,2026-07-03
2026-07-03,"Institut de radioprotection et de sûreté nucléaire (IRSN); Gesellschaft für Anlagen- und Reaktorsicherheit (GRS) gGmbH; Státní ústav radiační ochrany, v.v.i. (SURO)",Ingenierie / etudes,Ukraine,"3 918 440,00 EUR","European Union, represented by the European Commission, on behalf of and for the account of Ukraine",Belgium-Brussels: Nuclear safety services,"71356300, 80531200, 80532000, 80550000, 98113100",non,2023-11-20,701884-2023,https://ted.europa.eu/en/notice/701884-2023/html,oui,,,nouveau,2026-07-03
2026-07-03,(gagnant non publie),Conseil / services aux entreprises,"ETH, Niger, UGA",,Ministry of Foreign Affairs of Denmark,Denmark – Evaluation consultancy services – Evaluation of Management of Danish Development Cooperation 20 years after decentralisation,"79419000, 75211200",non,2023-11-22,710062-2023,https://ted.europa.eu/en/notice/710062-2023/html,verifier,,,nouveau,2026-07-03
2026-07-03,COWI A/S (DK) National,Ingenierie / etudes,"GUY, Haiti, JAM, SUR, TTO","8 500 000,00 EUR",European Investment Bank,Luxembourg-Luxembourg: Technical Assistance for the Caribbean Sustainable Water Management and Clean Oceans Programme,71356200,non,2023-11-28,720132-2023,https://ted.europa.eu/en/notice/720132-2023/html,oui,,,nouveau,2026-07-03
2026-07-03,(gagnant non publie),Conseil / services aux entreprises,Niger,,"Ambassade Royale du Danemark, Burkina Faso",Burkina Faso – Accounting and auditing services – L’audit de Danemark-Niger Cadre Stratégique 2023-2027,"79210000, 75211200, 79211200, 79211000, 79212000, 79212100, 79313000, 79212500",non,2023-12-18,766260-2023,https://ted.europa.eu/en/notice/766260-2023/html,verifier,,,nouveau,2026-07-03
2026-07-03,PEM Consult A/S,Conseil / services aux entreprises,"ETH, Niger, UGA","4 262 192,00 DKK",Ministry of Foreign Affairs of Denmark,Denmark – Evaluation consultancy services – Evaluation of Management of Danish Development Cooperation 20 years after decentralisation,"79419000, 75211200",oui,2024-01-03,4616-2024,https://ted.europa.eu/en/notice/4616-2024/html,oui,,,nouveau,2026-07-03
2026-07-03,RESTAURO Sp. z o.o. National,BTP / construction,Ukraine,"2 770 347,74 PLN",Narodowy Instytut Polskiego Dziedzictwa Kulturowego za Granicą POLONIKA,Poland-Warsaw: Supervision of building work,"45000000, 45400000, 45453000, 71247000, 71248000, 71520000, 71521000, 71530000, 71540000, 92522000",non,2024-01-09,12278-2024,https://ted.europa.eu/en/notice/12278-2024/html,oui,,,nouveau,2026-07-03
2026-07-03,(gagnant non publie),Energie / petrole-gaz,Ukraine,,Deutsche Gesellschaft für Internationale Zusammenarbeit (GIZ) GmbH,Germany – Solar energy – 39 Solar / Battery Plants for Ukraine,"09330000, 09331000, 09331200",non,2024-01-18,34174-2024,https://ted.europa.eu/en/notice/34174-2024/html,verifier,,,nouveau,2026-07-03
2026-07-03,Limited Liability Company “Veritex” with FC,Ingenierie / etudes,Ukraine,"768 670,00 EUR",Zaporizhzhia City Council,Ukraine-Zaporizhzhia: Construction supervision services,71520000,non,2024-03-01,126715-2024,https://ted.europa.eu/en/notice/126715-2024/html,oui,,,nouveau,2026-07-03
2026-07-03,ACK International,Conseil / services aux entreprises,Mali,"34 259 761,00 DKK",L'Ambassade Royale du Danemark au Mali,Mali – Business development consultancy services – Appel d’offres pour Gestionnaire pour le Fonds d’Appui à la Création d’Entreprise par les Jeunes Phase II (FACEJ II),"79411100, 75211200",non,2024-03-14,156539-2024,https://ted.europa.eu/en/notice/156539-2024/html,oui,,,nouveau,2026-07-03
2026-07-03,Niras A/S,Administration / defense,Mali,"19 818 840,00 DKK",L'ambassade du Danemark au Mali,Mali – Administrative development project services – Appel d’offres pour le recrutement d’un Gestionnaire pour le Fonds d'Appui Aux Moteurs du Changement II (FAMOC II),"75112100, 75211200",oui,2024-04-09,206801-2024,https://ted.europa.eu/en/notice/206801-2024/html,oui,,,nouveau,2026-07-03
2026-07-03,INGOB.ZT GmbH National; Delta Pods Architects ZT GmbH National,Ingenierie / etudes,Ukraine,"1 150 000,00 EUR",European Investment Bank,Luxembourg-Luxembourg: Technical Assistance to Support the Implementation of the Ukraine Vocational Education and Training Project – Phase 1: Concept Design and Prioritisation of Investments,71356200,non,2024-06-17,354704-2024,https://ted.europa.eu/en/notice/354704-2024/html,oui,,,nouveau,2026-07-03
2026-07-03,(gagnant non publie),Administration / defense,Mexique,,Deutsche Gesellschaft für Internationale Zusammenarbeit (GIZ) GmbH,Germany – Foreign economic-aid-related services – 81305402 - Strengthening Sustainable Finance in Mexico through Policy Analysis and Capacity Development,"75211200, 66171000",non,2024-07-11,415074-2024,https://ted.europa.eu/en/notice/415074-2024/html,verifier,,,nouveau,2026-07-03
2026-07-03,Tana Copenhagen ApS,Conseil / services aux entreprises,"Irak, LBN, TUR","19 999 200,00 DKK","Department for the Middle East and North Africa (MENA), Ministry of Foreign Affairs of Denmark","Denmark – Performance review services – Monitoring, Evaluation, Accountability and Learning Unit for Syria-Iraq Peace and Stabilisation programme 2022-2025","79313000, 75211200, 79311000, 79311100, 79311200, 79311300, 79311400, 79311410, 79412000, 79419000, 79421100, 92400000",oui,2024-07-30,457982-2024,https://ted.europa.eu/en/notice/457982-2024/html,oui,,,nouveau,2026-07-03
2026-07-03,(gagnant non publie),Conseil / services aux entreprises,Mali,,Udenrigsministeriet,Denmark – Accounting and auditing services – Appel d’offres pour l’audit de « Danemark-Mali Cadre de transition 2024-2027 »,"79210000, 79211000, 79211200, 79212000, 79212100, 79212500, 75211200, 79313000",non,2024-08-12,484972-2024,https://ted.europa.eu/en/notice/484972-2024/html,verifier,,,nouveau,2026-07-03
2026-07-03,(gagnant non publie),Environnement / traitement,Ukraine,,Deutsche Gesellschaft für Internationale Zusammenarbeit (GIZ) GmbH,"Germany – Sewage, refuse, cleaning and environmental services – 81305096-Financing Energy for Low-carbon Investment - Cities Advisory Facility - Eastern Partnership and Central Asia Program (FELICITY II)","90000000, 71313400, 71313430, 71313450, 71800000, 90700000, 90713000",non,2024-08-21,502028-2024,https://ted.europa.eu/en/notice/502028-2024/html,verifier,,,nouveau,2026-07-03
2026-07-03,(gagnant non publie),Energie / petrole-gaz,Ukraine,,Deutsche Gesellschaft für Internationale Zusammenarbeit (GIZ) GmbH,Germany – Solar energy – 44 Solaranlagen für Ukraine,"09330000, 09331000",non,2024-08-30,522820-2024,https://ted.europa.eu/en/notice/522820-2024/html,verifier,,,nouveau,2026-07-03
2026-07-03,(gagnant non publie),Administration / defense,Somalie,"1 348 400,00 EUR",Deutsche Gesellschaft für Internationale Zusammenarbeit (GIZ) GmbH,"Germany – Foreign economic-aid-related services – 81303940-Strategic advice, capacity development, knowledge transfer to support graduation of IDPs and host communities in Somalia","75211200, 79400000, 80400000, 98200000",non,2024-09-04,528547-2024,https://ted.europa.eu/en/notice/528547-2024/html,verifier,,,nouveau,2026-07-03
2026-07-03,(gagnant non publie),Administration / defense,"BDI, RDC, RWA, UGA",,Deutsche Gesellschaft für Internationale Zusammenarbeit (GIZ) GmbH,"Germany – Foreign economic-aid-related services – 81308703-Strengthening Civil Society in the Localisation of the Women, Peace and Security Agenda in the Great Lakes Region","75211200, 79400000",non,2024-10-23,644740-2024,https://ted.europa.eu/en/notice/644740-2024/html,verifier,,,nouveau,2026-07-03
2026-07-03,(gagnant non publie),Administration / defense,"ETH, SDN, Somalie","630 500,00 EUR",Deutsche Gesellschaft für Internationale Zusammenarbeit (GIZ) GmbH,Germany – Foreign economic-aid-related services – 81309444-Prevention of Female Genital Mutilation through Generation Dialogues and institutional capacity building (Horn of Africa),"75211200, 80400000, 85320000",non,2024-11-20,707036-2024,https://ted.europa.eu/en/notice/707036-2024/html,verifier,,,nouveau,2026-07-03
2026-07-03,LLC UkrSpetsService,Energie / petrole-gaz,Ukraine,"11 000 000,00 EUR",Enabel,"Belgium – Electricity, heating, solar and nuclear energy – Procurement contract for the provision of mobile heating systems (Ukraine)",09300000,non,2025-01-08,8442-2025,https://ted.europa.eu/en/notice/8442-2025/html,oui,,,nouveau,2026-07-03
2026-07-03,Conseil Management Audit et Formation,Conseil / services aux entreprises,Mali,"4 626 600,00 DKK",Ministère des Affaires Etrangères du Danemark,Denmark – Accounting and auditing services – Appel d’offres pour l’audit de « Danemark-Mali Cadre de transition 2024-2027 »,"79210000, 79211000, 79211200, 79212000, 79212100, 79212500, 75211200, 79313000",non,2025-02-05,78165-2025,https://ted.europa.eu/en/notice/78165-2025/html,oui,,,nouveau,2026-07-03
2026-07-03,VF Worldwide Holdings Ltd,Administration / defense,Ukraine,"102 560 000,00 CZK",Ministerstvo zahraničních věcí,Czechia – Diplomatic services – Externí poskytování služeb ke zpracování žádostí o dlouhodobé pobyty za účelem zaměstnání v rámci REŽIMU UKRAJINA,75211100,non,2025-02-10,89357-2025,https://ted.europa.eu/en/notice/89357-2025/html,oui,,,nouveau,2026-07-03
2026-07-03,VF Worldwide Holdings Ltd,Administration / defense,Ukraine,"102 560 000,00 CZK",Ministerstvo zahraničních věcí,Czechia – Diplomatic services – Externí poskytování služeb ke zpracování žádostí o dlouhodobé pobyty za účelem zaměstnání v rámci REŽIMU UKRAJINA,75211100,non,2025-02-11,92154-2025,https://ted.europa.eu/en/notice/92154-2025/html,oui,,,nouveau,2026-07-03
2026-07-03,Adam Smith International Ltd,Administration / defense,Somalie,"39 612 496,31 DKK",Ministry of Foreign Affairs,Denmark – Foreign economic-aid-related services – Facility Manager of the Civic Engagement Support Facility in Somalia including Somaliland,"75211200, 75112100, 79412000, 79420000, 79421000, 79421100",oui,2025-04-02,209969-2025,https://ted.europa.eu/en/notice/209969-2025/html,oui,,,nouveau,2026-07-03
2026-07-03,Euroconsult Mott MacDonald BV,Administration / defense,Somalie,"135 000 000,00 DKK",Ministry of Foreign Affairs,Denmark – Foreign economic-aid-related services – Somaliland Development Fund III (SDF3),"75211200, 75112100, 79412000, 79420000, 79421000, 79421100",oui,2025-04-22,259187-2025,https://ted.europa.eu/en/notice/259187-2025/html,oui,,,nouveau,2026-07-03
2026-07-03,(gagnant non publie),Energie / petrole-gaz,Palestine,,Utenriksdepartementet,"Norway – Research and development consultancy services – Independent inspections with project implementation, technical assistance and capacity building.","73200000, 09300000, 71310000",non,2025-07-01,425015-2025,https://ted.europa.eu/en/notice/425015-2025/html,verifier,,,nouveau,2026-07-03
2026-07-03,GOPA AFC GmbH,Ingenierie / etudes,Ukraine,"8 222 800,00 EUR",European Investment Bank,Luxembourg – Technical assistance services – Ukraine and Moldova TA for Financial Inclusion Recovery (UMIR),71356200,non,2025-07-30,498698-2025,https://ted.europa.eu/en/notice/498698-2025/html,oui,,,nouveau,2026-07-03
2026-07-03,AFC Agriculture and Finance Consultants GmbH,Environnement / traitement,Mali,,Deutsche Gesellschaft für Internationale Zusammenarbeit (GIZ) GmbH,Germany – Services incidental to agricultural production – 81314710-Diagnostique de la transition agroécologique et élaboration de la stratégie nationale sur l'agroécologie au Mali,"77110000, 77100000, 90711000",non,2025-08-13,531169-2025,https://ted.europa.eu/en/notice/531169-2025/html,oui,,,nouveau,2026-07-03
2026-07-03,GOPA International Energy Consultants GmbH,Ingenierie / etudes,Burkina Faso,,Deutsche Gesellschaft für Internationale Zusammenarbeit (GIZ) GmbH,"Germany – Consulting services for water-supply and waste consultancy – 81315082-Appuyer l'accès à l'eau potable, la promotion et la gestion de l'assainissement autonome dans la région Hauts-Bassins","71800000, 71241000, 90713100",non,2025-08-19,539745-2025,https://ted.europa.eu/en/notice/539745-2025/html,oui,,,nouveau,2026-07-03
2026-07-03,NIRAS Finland Oy,Administration / defense,"ALB, BIH, DZA, EGY, JOR, LBN, Libye, MAR, MKD, Mali, MNE, Niger, SDN, SEN, SRB, SYR, TCD, TUN, TUR, XKX","8 984 550,00 DKK",Ministry of Foreign Affairs of Denmark,"Denmark – Foreign economic-aid-related services – Monitoring, Evaluation, Accountability and Learning (MEAL) under the Migration Programmes","75211200, 79313000, 79314000, 79419000",oui,2025-09-04,576375-2025,https://ted.europa.eu/en/notice/576375-2025/html,oui,,,nouveau,2026-07-03
2026-07-03,TaskBridge,Environnement / traitement,Somalie,"318 350,50 EUR",Deutsche Gesellschaft für Internationale Zusammenarbeit (GIZ) GmbH,Germany – Environmental issues consultancy services – 81316763-Climate-resilient Water Resources Management in Somalia,90713000,non,2025-11-06,735193-2025,https://ted.europa.eu/en/notice/735193-2025/html,oui,,,nouveau,2026-07-03
2026-07-03,RESTAURO Sp. z o.o,Ingenierie / etudes,Ukraine,"2 770 347,74 PLN","Narodowy Instytut Polskiego Dziedzictwa Kulturowego za Granicą ""POLONIKA""",Poland – Supervision of building work – Pełnienie funkcji inwestora zastępczego przy remoncie i konserwacji fasady Kamienicy Królewskiej na Rynku we Lwowie (Ukraina),71247000,non,2025-11-19,765792-2025,https://ted.europa.eu/en/notice/765792-2025/html,oui,,,nouveau,2026-07-03
2026-07-03,EGIS International,Ingenierie / etudes,Ukraine,"464 400,00 EUR",LCE “Lvivavtodor”,Ukraine – Construction supervision services – Ukraine Urban Road Safety Project / Procurement of Construction Supervision Services for Road Safety Improvement Project in Lviv – Package 1,71520000,non,2025-12-09,816289-2025,https://ted.europa.eu/en/notice/816289-2025/html,oui,,,nouveau,2026-07-03
2026-07-03,NIRAS A/S,Administration / defense,"BEN, Burkina Faso, CIV, GHA, Mali, Niger, TGO","3 750 000,00 DKK",Ministry of Foreign Affairs,"Denmark – Foreign economic-aid-related services – Consultancy Services for Monitoring, Evaluation, Accountability and Learning (MEAL) under the Peace and Stabilization Programme for West Africa (PSP WA), 2025-2028","75211200, 79313000, 79314000, 79419000",oui,2026-01-08,8359-2026,https://ted.europa.eu/en/notice/8359-2026/html,oui,,,nouveau,2026-07-03
2026-07-03,Asantys Systems GmbH,Energie / petrole-gaz,Ukraine,,Deutsche Gesellschaft für Internationale Zusammenarbeit (GIZ) GmbH,Germany – Batteries – 300 Batteriesysteme für Ukraine,"31440000, 09331000",non,2026-01-08,8949-2026,https://ted.europa.eu/en/notice/8949-2026/html,oui,,,nouveau,2026-07-03
2026-07-03,Yandalux Solar GmbH,Energie / petrole-gaz,Ukraine,,Deutsche Gesellschaft für Internationale Zusammenarbeit (GIZ) GmbH,Germany – Solar energy – 240 Solaranlagen für Ukraine,09330000,non,2026-01-08,10759-2026,https://ted.europa.eu/en/notice/10759-2026/html,oui,,,nouveau,2026-07-03
2026-07-03,RESTAURO Sp. z o.o,Ingenierie / etudes,Ukraine,"2 770 347,74 PLN","Narodowy Instytut Polskiego Dziedzictwa Kulturowego za Granicą ""POLONIKA""",Poland – Supervision of building work – Pełnienie funkcji inwestora zastępczego przy remoncie i konserwacji fasady Kamienicy Królewskiej na Rynku we Lwowie (Ukraina),71247000,non,2026-01-12,18672-2026,https://ted.europa.eu/en/notice/18672-2026/html,oui,,,nouveau,2026-07-03
2026-07-03,JB Globale Beschaffungs GmbH; Autaris Energy UG (haftungsbeschränkt),Energie / petrole-gaz,Ukraine,,Deutsche Gesellschaft für Internationale Zusammenarbeit (GIZ) GmbH,Germany – Generators – Mobile Hybridgeneratoren 30-60 kVA - Ukraine,"31120000, 09330000, 09331000",non,2026-01-19,37544-2026,https://ted.europa.eu/en/notice/37544-2026/html,oui,,,nouveau,2026-07-03
2026-07-03,GÜÇBIR JENERATÖR SANAYI VE TICARET ANONIM SIRKETI,Energie / petrole-gaz,Ukraine,,Deutsche Gesellschaft für Internationale Zusammenarbeit (GIZ) GmbH,Germany – Generators – Mobile Hybridgeneratoren 30-45 kVA Ukraine,"31120000, 09330000, 09331000",non,2026-01-20,39283-2026,https://ted.europa.eu/en/notice/39283-2026/html,oui,,,nouveau,2026-07-03
2026-07-03,Artificial Intelligence Map,Ingenierie / etudes,Ukraine,"150 375,37 EUR",Všį Statybos sektoriaus vystymo agentūra,Lithuania – Aerial mapping services – Ukrainos savivaldos vienetų teritorijų kartografinio pagrindo parengimo paslaugos,71354200,non,2026-02-09,91208-2026,https://ted.europa.eu/en/notice/91208-2026/html,oui,,,nouveau,2026-07-03
2026-07-03,Beak Consultants GmbH,Conseil / services aux entreprises,RDC,"549 040,00 EUR",Deutsche Gesellschaft für Internationale Zusammenarbeit (GIZ) GmbH,Germany – Business development consultancy services – 81320252-Strategic environmental and social assessment of the mining sector (SESA) to be carried out in the DRC,"79411100, 90711000, 90711400",non,2026-02-18,116010-2026,https://ted.europa.eu/en/notice/116010-2026/html,oui,,,nouveau,2026-07-03
2026-07-03,AFI SERVICIOS SA DE CV,Administration / defense,Mexique,"73 864,00 EUR",Dirección de la Fundación para la Internacionalización de las Administraciones Públicas,Spain – Development consultancy services – Servicios de apoyo al Instituto de Planeación y Gestión del Desarrollo (IMEPLAN) y la Agencia Metropolitana de Servicios de Infraestructura para la Movilidad (AMIM) del Área Metropolitana de Guadalajara (AMG) para la realización de un estudio sobre el valor,"73220000, 75130000, 90713000",non,2026-02-19,119834-2026,https://ted.europa.eu/en/notice/119834-2026/html,oui,,,nouveau,2026-07-03
2026-07-03,Limited Liability Company “Ukrenergoprom”; Ukrspecservice LLC; Additional Liability Company “Brovary Factory of Boiler Equipment Ardenz”,Energie / petrole-gaz,Ukraine,"5 093 650,00 EUR",Enabel,"Belgium – Electricity, heating, solar and nuclear energy – Mobile Boilers for Chernihiv, Nizhyn and Pryluky - Urgency","09300000, 09000000",non,2026-02-20,122414-2026,https://ted.europa.eu/en/notice/122414-2026/html,oui,,,nouveau,2026-07-03
2026-07-03,Tana Copenhagen ApS,Administration / defense,Ukraine,"5 843 500,00 DKK",Ministry of Foreign Affairs,"Denmark – Foreign economic-aid-related services – External assistance with Monitoring, Evaluation, Accountability and Learning (MEAL) of the Ukraine Transition Programme 2025 - 2028","75211200, 79313000, 79419000",non,2026-02-25,133105-2026,https://ted.europa.eu/en/notice/133105-2026/html,oui,,,nouveau,2026-07-03
2026-07-03,HAITI OCEAN PROJECT INC; SOCIETE D'OBSERVATION MULTIMODALE DE L'ENVIRONNEMENT; BAHAMAS MARINE MAMMAL RESEARCH ORGANISATION; AQUASEARCH; AQUASEARCH 228638-2026 Page 14/17; RIPPLES TO WAVE INC,Ingenierie / etudes,"COL, Haiti, JAM, VEN","53 177,39 EUR",OFB,France – Marine research services – Campagnes de suivi des mammifères marins par observation visuelle et acoustique passive dans la grande région Caraïbe - Projet CAMAC2,"73112000, 71351700, 60653000",oui,2026-04-02,228638-2026,https://ted.europa.eu/en/notice/228638-2026/html,oui,,,nouveau,2026-07-03
2026-07-03,EN_Consortium Helvetas-Niras,Administration / defense,Ukraine,"10 099 820,00 CHF",State Secretariat for Economic Affairs SECO,Switzerland – Foreign economic-aid-related services – (UR_01129-01) for the Implementation of the “Competitiveness for Recovery Ukraine 2026-2030 Program”,75211200,non,2026-04-17,263816-2026,https://ted.europa.eu/en/notice/263816-2026/html,oui,,,nouveau,2026-07-03
2026-07-03,Berlin Economics,Environnement / traitement,Ukraine,"2 167 895,00 EUR",Deutsche Gesellschaft für Internationale Zusammenarbeit (GIZ) GmbH,Germany – Environmental services – 81318145-Supporting Ukraine with data and analytical work to align with Paris Agreement and EU Environment and Climate Change goals,"90700000, 79410000, 90713000",non,2026-04-24,283787-2026,https://ted.europa.eu/en/notice/283787-2026/html,oui,,,nouveau,2026-07-03
2026-07-03,(gagnant non publie),Conseil / services aux entreprises,RDC,,Deutsche Gesellschaft für Internationale Zusammenarbeit (GIZ) GmbH,Germany – Business development consultancy services – 81322021-Strategic Environmental and Social Assessment (SESA) of the oil and gas sector to be carried out in the DRC,"79411100, 90711000, 90711400",non,2026-07-03,458340-2026,https://ted.europa.eu/en/notice/458340-2026/html,verifier,,,nouveau,2026-07-03
2026-07-03,MBF Yapi Insaat Ticaret A.S National,Telecom / equipements,MNE,"369 071,00 EUR","Government of Montenegro, Government of Montenegro, The Ministry of Finance, Directorate for Finance and Contracting of the EU Assistance Funds",Montenegro-Podgorica: Data equipment,32580000,non,2023-01-20,37777-2023,https://ted.europa.eu/en/notice/37777-2023/html,oui,,,nouveau,2026-07-03
2026-07-03,Nordic Consulting Group A/S National,Administration / defense,"EGY, JOR, MAR, TUN","40 458 569,20 DKK","Department for the Middle East and North Africa (MENA), Ministry of Foreign Affairs of Denmark","Denmark-Copenhagen: Business services: law, marketing, consulting, recruitment, printing and security","75211200, 79000000, 79311000, 79311100, 79311200, 79311300, 79311400, 79311410, 79314000, 79412000, 79419000, 79421000, 79421100, 92400000",non,2023-01-27,52991-2023,https://ted.europa.eu/en/notice/52991-2023/html,oui,,,nouveau,2026-07-03
2026-07-03,The National Authorising Officer (GON),Ingenierie / etudes,MOZ,"4 300 000,00 EUR",The National Authorising Officer (GON),Mozambique-Maputo: Construction-site supervision services,71521000,non,2023-02-07,77157-2023,https://ted.europa.eu/en/notice/77157-2023/html,oui,,,nouveau,2026-07-03
2026-07-03,Société Centrale pour l’Equipement du Territoire-Tunisie National,Ingenierie / etudes,MOZ,"4 300 000,00 EUR",The National Authorising Officer (GON),Mozambique-Maputo: Construction-site supervision services,71521000,non,2023-02-17,102956-2023,https://ted.europa.eu/en/notice/102956-2023/html,oui,,,nouveau,2026-07-03
2026-07-03,ICON-INSTITUT Sustain GmbH,Ingenierie / etudes,BGD,"1 149 200,00 EUR",Deutsche Gesellschaft für Internationale Zusammenarbeit (GIZ) GmbH,Germany-Eschborn: Health and safety services,"71317200, 85312320",non,2023-02-22,111139-2023,https://ted.europa.eu/en/notice/111139-2023/html,oui,,,nouveau,2026-07-03
2026-07-03,"BRENK SYSTEMPLANUNG GMBH; IDOM Consulting, Engineering, Architecture, S.A.U",Ingenierie / etudes,ZAF,"3 000 000,00 EUR","European Union, represented by the European Commission, on behalf of and for the account of South Africa",Belgium-Brussels: Nuclear safety services,"71356300, 80531200, 80532000, 80550000, 98113100",non,2023-02-24,114723-2023,https://ted.europa.eu/en/notice/114723-2023/html,oui,,,nouveau,2026-07-03
2026-07-03,Project Planning and Management Ltd National; Danish Energy Management A/S National,Ingenierie / etudes,UZB,"1 773 000,00 EUR",European Investment Bank,Luxembourg-Luxembourg: Technical Assistance (TA) for the Uzbekistan Energy Efficiency Loan,"71314300, 71356200",non,2023-03-22,173115-2023,https://ted.europa.eu/en/notice/173115-2023/html,oui,,,nouveau,2026-07-03
2026-07-03,SAFEGE SAS,Ingenierie / etudes,ALB,"1 680 000,00 EUR",European Investment Bank,Luxembourg-Luxembourg: AL – ERI - Preliminary Design for the Rehabilitation of the Corridor VIII Rrogozhina–Pogradec Section,71311230,non,2023-05-03,263525-2023,https://ted.europa.eu/en/notice/263525-2023/html,oui,,,nouveau,2026-07-03
2026-07-03,(gagnant non publie),Ingenierie / etudes,TUR,,RTE Réseau de Transport d’Electricité,France-Paris-La-Défense: Technical inspection services,"71318000, 71631000, 71730000",non,2023-05-08,271884-2023,https://ted.europa.eu/en/notice/271884-2023/html,verifier,,,nouveau,2026-07-03
2026-07-03,VALOR Construct SRL National,Ingenierie / etudes,MDA,"816 865,00 MDL",I.P. Muzeul Național de Istorie a Moldovei din Republica Moldova,Moldova-Chișinău: Supervision of building work,71247000,non,2023-05-15,288268-2023,https://ted.europa.eu/en/notice/288268-2023/html,oui,,,nouveau,2026-07-03
2026-07-03,NIRAS IC Sp. z o. o. National; European Recycling Industries' Confederation (EuRIC),Environnement / traitement,TUR,"1 191 601,00 EUR","General Directorate of European Union and Foreign Relations, Ministry of Environment, Urbanization and Climate Change",Turkey-Ankara: Environmental issues consultancy services,"90712500, 90713000",non,2023-06-12,348109-2023,https://ted.europa.eu/en/notice/348109-2023/html,oui,,,nouveau,2026-07-03
2026-07-03,Safege Sas Merkezi Fransa Ankara Merkez Subesi National; OPTIMAL Proje Yönetimi ve. Insaat Sanay Ticaret LTD Sti,Ingenierie / etudes,TUR,"2 790 000,00 EUR",European Investment Bank,Luxembourg-Luxembourg: Technical Assistance to Support the Implementation of Municipal Water Infrastructures in Turkey,71356200,non,2023-06-13,351922-2023,https://ted.europa.eu/en/notice/351922-2023/html,oui,,,nouveau,2026-07-03
2026-07-03,(gagnant non publie),Telecom / equipements,MDA,,Serviciul Tehnologii Informationale al Ministerului Afacerilor Interne al RM,Moldova-Chișinău: Telecommunications equipment and supplies,32500000,non,2023-06-16,357887-2023,https://ted.europa.eu/en/notice/357887-2023/html,verifier,,,nouveau,2026-07-03
2026-07-03,Tekne SRL National,Telecom / equipements,MDA,"550 000,00 EUR",Viešoji įstaiga Centrinė projektų valdymo agentūra,Lithuania-Vilnius: Communications control system,"32344280, 32570000, 32573000, 39300000",non,2023-06-26,379478-2023,https://ted.europa.eu/en/notice/379478-2023/html,oui,,,nouveau,2026-07-03
2026-07-03,Fondation pour l'Infrastructure Durable,Ingenierie / etudes,EGY,"247 640,00 EUR",Agence Française de Développement,France-Paris: Technical assistance services,71356200,non,2023-07-03,398655-2023,https://ted.europa.eu/en/notice/398655-2023/html,oui,,,nouveau,2026-07-03
2026-07-03,(gagnant non publie),Ingenierie / etudes,"ARE, BHR, KWT, OMN, QAT, SAU",,"European Union, represented by the European Commission",Belgium-Brussels: Climatology services,"71314300, 71351611, 90713000",non,2023-07-11,417100-2023,https://ted.europa.eu/en/notice/417100-2023/html,verifier,,,nouveau,2026-07-03
2026-07-03,DAI Global Belgium SRL,Ingenierie / etudes,ETH,"5 076 600,00 EUR","European Union, represented by the European Commission",Ethiopia-Addis Ababa: Technical assistance services,71356200,non,2023-07-24,446747-2023,https://ted.europa.eu/en/notice/446747-2023/html,oui,,,nouveau,2026-07-03
2026-07-03,WEglobal S.r.l National,Administration / defense,MNE,"1 000 000,00 EUR","European Union, represented by the European Commission",Montenegro-Podgorica: Project-management services other than for construction work,"75130000, 79421000",non,2023-08-11,491320-2023,https://ted.europa.eu/en/notice/491320-2023/html,oui,,,nouveau,2026-07-03
2026-07-03,"Centrum dopravnfho vyzkumu, v. v. i. Transport Research Centre (CDV) National; Tilkon National",Ingenierie / etudes,"ALB, BIH, MKD, MNE, SRB","130 700,00 EUR",The Permanent Secretariat of the Transport Community,Serbia-Belgrade: Technical assistance services,"71355000, 71356200",non,2023-08-21,504930-2023,https://ted.europa.eu/en/notice/504930-2023/html,oui,,,nouveau,2026-07-03
2026-07-03,ENCONET CONSULTING GMBH; UJD Nuclear Regulatory Authority of the Slovak Republic; STUK Radiation and Nuclear Safety Authority of Finland International Ltd; TÜV NORD EnSys Hannover GmbH & Co. KG,Ingenierie / etudes,TUR,"3 500 000,00 EUR","European Union, represented by the European Commission",Belgium-Brussels: Nuclear safety services,"71356300, 80531200, 80532000, 80550000, 98113100",non,2023-09-12,548177-2023,https://ted.europa.eu/en/notice/548177-2023/html,oui,,,nouveau,2026-07-03
2026-07-03,"HEAT GmbH Energy Application and Technology National; Equinoccio Compania de Comercio Exterior, S.L",Ingenierie / etudes,"ARE, BHR, KWT, OMN, QAT, SAU","2 999 950,00 EUR","European Union, represented by the European Commission",Belgium-Brussels: Climatology services,71351611,non,2023-09-15,556847-2023,https://ted.europa.eu/en/notice/556847-2023/html,oui,,,nouveau,2026-07-03
2026-07-03,ARGE-INTEGRATION International Management Consultants GmbH-Europolis,Administration / defense,MDA,"136 640,00 EUR",Deutsche Gesellschaft für Internationale Zusammenarbeit (GIZ) GmbH,Germany-Eschborn: Business development consultancy services,"75211200, 79411100",non,2023-09-25,576071-2023,https://ted.europa.eu/en/notice/576071-2023/html,oui,,,nouveau,2026-07-03
2026-07-03,ENCONET Consulting Ges.m.b.H; SNSA (Slovenian Nuclear Safety Administration),Ingenierie / etudes,NGA,"963 600,00 EUR","European Union, represented by the European Commission",Belgium-Brussels: Nuclear safety services,"71356300, 80531200, 80532000, 80550000, 98113100",non,2023-09-29,587287-2023,https://ted.europa.eu/en/notice/587287-2023/html,oui,,,nouveau,2026-07-03
2026-07-03,PROMAN S.A,Administration / defense,ETH,"499 764,00 EUR",Deutsche Gesellschaft für Internationale Zusammenarbeit (GIZ) GmbH,Germany-Eschborn: Advertising campaign services,"75211200, 79341400, 79413000, 79960000, 79998000",non,2023-10-02,592461-2023,https://ted.europa.eu/en/notice/592461-2023/html,oui,,,nouveau,2026-07-03
2026-07-03,INTEGRATION International Management Consultants GmbH,Administration / defense,UZB,"1 140 600,00 EUR",Deutsche Gesellschaft für Internationale Zusammenarbeit (GIZ) GmbH,Germany-Eschborn: Business and management consultancy and related services,"75211200, 79300000, 79400000",non,2023-10-09,606572-2023,https://ted.europa.eu/en/notice/606572-2023/html,oui,,,nouveau,2026-07-03
2026-07-03,"Tumas Turkish Engineering, Consulting and Contracting Company",Ingenierie / etudes,MNE,"250 200,00 EUR",Ministry of Education,Montenegro-Podgorica: Construction-site supervision services,"71520000, 71521000",non,2023-10-27,653259-2023,https://ted.europa.eu/en/notice/653259-2023/html,oui,,,nouveau,2026-07-03
2026-07-03,JV Posch & Partner GmbH und MACS Energy & Water GmbH,Ingenierie / etudes,MDA,"765 050,00 EUR",Austrian Development Agency,Austria-Vienna: Construction supervision services,71520000,non,2023-11-03,666728-2023,https://ted.europa.eu/en/notice/666728-2023/html,oui,,,nouveau,2026-07-03
2026-07-03,UBM Uluslararası Birleşmiş Müşavirler Müşavirlik Hizmetleri A.Ş,Ingenierie / etudes,MNE,"1 241 850,00 EUR","Željeznička Infrastruktura Crne Gore AD — Podgorica (ŽICG), Project Implementation Unit (PIU)",Montenegro-Podgorica: Construction supervision services,71520000,non,2023-11-07,674038-2023,https://ted.europa.eu/en/notice/674038-2023/html,oui,,,nouveau,2026-07-03
2026-07-03,(gagnant non publie),Ingenierie / etudes,MNE,,"European Union, represented by the European Commission",Montenegro-Podgorica: Supporting services for the government,"71311200, 75111200, 75130000",non,2023-11-29,724432-2023,https://ted.europa.eu/en/notice/724432-2023/html,verifier,,,nouveau,2026-07-03
2026-07-03,(gagnant non publie),Ingenierie / etudes,JOR,,"European Union, represented by the European Commission, on behalf of and for the account of Jordan",Jordan-Amman: Technical assistance services,71356200,non,2023-12-05,736124-2023,https://ted.europa.eu/en/notice/736124-2023/html,verifier,,,nouveau,2026-07-03
2026-07-03,(gagnant non publie),Sante,ZAF,,Deutsche Gesellschaft für Internationale Zusammenarbeit (GIZ) GmbH,Germany – Health services – 81296106-Training and Organizational Development support to the South African Health Products Regulatory Authority to attain WHO Maturity Level 4,"85100000, 71317200, 85000000",non,2023-12-14,757798-2023,https://ted.europa.eu/en/notice/757798-2023/html,verifier,,,nouveau,2026-07-03
2026-07-03,(gagnant non publie),Environnement / traitement,BGD,,Deutsche Gesellschaft für Internationale Zusammenarbeit (GIZ) GmbH,Germany – Environmental management – 81295283 - Livable and inclusive cities for all (LICA),90710000,non,2023-12-19,769286-2023,https://ted.europa.eu/en/notice/769286-2023/html,verifier,,,nouveau,2026-07-03
2026-07-03,CA17 International National,Ingenierie / etudes,CMR,"1 049 640,00 EUR",Agence Française de Développement,France-Paris: Technical assistance services,"71356200, 90713000",non,2023-12-22,777461-2023,https://ted.europa.eu/en/notice/777461-2023/html,oui,,,nouveau,2026-07-03
2026-07-03,(gagnant non publie),Formation / education,NGA,,Deutsche Gesellschaft für Internationale Zusammenarbeit (GIZ) GmbH,Germany – Adult and other education services – 81297055-Consulting Services to improve the economic activities of women and young people using digital & entrepreneurial skills,"80400000, 72600000, 75211200, 98200000",non,2024-01-11,18748-2024,https://ted.europa.eu/en/notice/18748-2024/html,verifier,,,nouveau,2026-07-03
2026-07-03,WSP Group Africa (Pty) Ltd,Ingenierie / etudes,ZAF,"270 000,00 EUR",Agence Française de Développement,France-Paris: Technical assistance services,"71241000, 71356200",non,2024-01-12,21888-2024,https://ted.europa.eu/en/notice/21888-2024/html,oui,,,nouveau,2026-07-03
2026-07-03,(gagnant non publie),Administration / defense,CMR,,Deutsche Gesellschaft für Internationale Zusammenarbeit (GIZ) GmbH,"Germany – Forestry services – 81299820-Appui à la COMIFAC : diplomatie environnementale, communication et offre de formation professionnelle en matière de forêts","77200000, 75211100, 77000000, 80000000",non,2024-01-17,33002-2024,https://ted.europa.eu/en/notice/33002-2024/html,verifier,,,nouveau,2026-07-03
2026-07-03,WEGLOBAL SRL,Ingenierie / etudes,"ALB, BIH, MKD, MNE, SRB","4 566 600,00 EUR","European Union, represented by the European Commission",Belgium-Brussels: Technical assistance services,71356200,non,2024-01-26,51637-2024,https://ted.europa.eu/en/notice/51637-2024/html,oui,,,nouveau,2026-07-03
2026-07-03,(gagnant non publie),BTP / construction,MNE,,Municipality of Bijelo Polje,Montenegro-Bijelo Polje: Wastewater treatment plant construction work,45252127,non,2024-02-21,106428-2024,https://ted.europa.eu/en/notice/106428-2024/html,verifier,,,nouveau,2026-07-03
2026-07-03,(gagnant non publie),Conseil / services aux entreprises,JOR,,Deutsche Gesellschaft für Internationale Zusammenarbeit (GIZ) GmbH,Germany – Advertising and marketing services – 81299686-Awareness Raising Campaign for Inclusive Education in Jordan,"79340000, 75211200, 98200000",non,2024-02-23,114326-2024,https://ted.europa.eu/en/notice/114326-2024/html,verifier,,,nouveau,2026-07-03
2026-07-03,SETEC INTERNATIONAL,Ingenierie / etudes,MDG,"26 646 187 669,01 MGA",Agence Routière,Madagascar-Antananarivo: Construction-site supervision services,71521000,non,2024-02-27,118277-2024,https://ted.europa.eu/en/notice/118277-2024/html,oui,,,nouveau,2026-07-03
2026-07-03,(gagnant non publie),Ingenierie / etudes,MNE,,"Ministry of Education, Science and Innovation",Montenegro-Podgorica: Construction supervision services,71520000,non,2024-03-29,188379-2024,https://ted.europa.eu/en/notice/188379-2024/html,verifier,,,nouveau,2026-07-03
2026-07-03,Kamstrup Aktiebolag,Energie / petrole-gaz,ALB,"250 000 000,00 SEK",Göteborg Energi Aktiebolag,"Sweden – District heating – Flexibilitet, uppkoppling och styrning av fjärrvärme o fjärrkyla FLEXUS","09323000, 16000000",non,2024-04-18,231471-2024,https://ted.europa.eu/en/notice/231471-2024/html,oui,,,nouveau,2026-07-03
2026-07-03,IRD ENGINEERING - SOCIETA' A RESPONSABILITA' LIMITATA National; DRI upravljanje investicij d.o.o,Ingenierie / etudes,ALB,"2 200 000,00 EUR","European Union, represented by the European Commission, on behalf of and for the account of Albania",Albania-Tirana: Highways consultancy services,"60112000, 71311210, 79417000",non,2024-04-24,241812-2024,https://ted.europa.eu/en/notice/241812-2024/html,oui,,,nouveau,2026-07-03
2026-07-03,(gagnant non publie),Administration / defense,MDA,,Deutsche Gesellschaft für Internationale Zusammenarbeit (GIZ) GmbH,Germany – Foreign economic-aid-related services – 81302812-Consultancy Services for improving the performance of the public institutions in Moldova in the process of EU integration,"75211200, 75000000, 75130000",non,2024-04-25,248046-2024,https://ted.europa.eu/en/notice/248046-2024/html,verifier,,,nouveau,2026-07-03
2026-07-03,(gagnant non publie),Ingenierie / etudes,ALB,,"European Union, represented by the European Commission, on behalf of and for the account of Albania",Albania-Tirana: Highways consultancy services,"60112000, 71311210, 79417000",non,2024-05-03,262822-2024,https://ted.europa.eu/en/notice/262822-2024/html,verifier,,,nouveau,2026-07-03
2026-07-03,(gagnant non publie),Ingenierie / etudes,NGA,,"European Union, represented by the European Commission",Nigeria-Abuja: Research and development services and related consultancy services,"71314200, 71323100, 71621000, 73000000, 79112100",non,2024-05-13,277589-2024,https://ted.europa.eu/en/notice/277589-2024/html,verifier,,,nouveau,2026-07-03
2026-07-03,(gagnant non publie),Ingenierie / etudes,NGA,,"European Union, represented by the European Commission",Nigeria-Abuja: Research and development services and related consultancy services,"71314200, 71323100, 71621000, 73000000, 79112100",non,2024-05-17,291170-2024,https://ted.europa.eu/en/notice/291170-2024/html,verifier,,,nouveau,2026-07-03
2026-07-03,(gagnant non publie),Administration / defense,MDG,,Deutsche Gesellschaft für Internationale Zusammenarbeit (GIZ) GmbH,Germany – Foreign economic-aid-related services – 81302152-Conseil et soutien sur la promotion de la participation sociale et politique dans les communes partenaires à Madagascar,"75211200, 98130000, 98200000",non,2024-05-24,308577-2024,https://ted.europa.eu/en/notice/308577-2024/html,verifier,,,nouveau,2026-07-03
2026-07-03,(gagnant non publie),Ingenierie / etudes,"ALB, BIH, MKD, MNE, SRB",,"European Union, represented by the European Commission",Belgium-Brussels: Engineering services,"71300000, 71310000",non,2024-06-07,336324-2024,https://ted.europa.eu/en/notice/336324-2024/html,verifier,,,nouveau,2026-07-03
2026-07-03,(gagnant non publie),Formation / education,JOR,,Deutsche Gesellschaft für Internationale Zusammenarbeit (GIZ) GmbH,Germany – Environmental training services – 81301718-Strengthening a Green Business Development Service (BDS) Ecosystem in Jordan,"80540000, 71314000, 71314300, 79411100",non,2024-06-12,348189-2024,https://ted.europa.eu/en/notice/348189-2024/html,verifier,,,nouveau,2026-07-03
2026-07-03,(gagnant non publie),Ingenierie / etudes,ALB,,Hekurudha Shqiptare / Albanian Railways,Albania – Engineering design services – Design of electrification of Corridor VIII railway line,71320000,non,2024-06-19,361511-2024,https://ted.europa.eu/en/notice/361511-2024/html,verifier,,,nouveau,2026-07-03
2026-07-03,(gagnant non publie),Ingenierie / etudes,MDA,,Moldova Energy Projects Implementation Unit,Moldova-Chisinau: Engineering design services for the construction of civil engineering works,71322000,non,2024-06-21,367406-2024,https://ted.europa.eu/en/notice/367406-2024/html,verifier,,,nouveau,2026-07-03
2026-07-03,(gagnant non publie),Ingenierie / etudes,EGY,,Ministry of Foreign Affairs,"Netherlands – Geological, geophysical and other scientific prospecting services – BZ EA Nile Delta Sand Survey",71351000,non,2024-06-21,368669-2024,https://ted.europa.eu/en/notice/368669-2024/html,verifier,,,nouveau,2026-07-03
2026-07-03,(gagnant non publie),Ingenierie / etudes,MDA,,IP Compania „Teleradio – Moldova”,Moldova – Engineering design services for the construction of civil engineering works – Concurs de soluții pentru identificarea soluțiilor/ideilor pentru proiectarea și construirea noului sediu al furnizorului public național de servicii media Compania „Teleradio-Moldova”,"71322000, 71220000",non,2024-07-09,408075-2024,https://ted.europa.eu/en/notice/408075-2024/html,verifier,,,nouveau,2026-07-03
2026-07-03,(gagnant non publie),Formation / education,JOR,,Deutsche Gesellschaft für Internationale Zusammenarbeit (GIZ) GmbH,Germany – Education and training services – 81309403-Unterstützung und Beratung von Betrieben im Kammer- und Verbandsnetzwerk der Spitzenverbände der deutschen Wirtschaft zum Kooperationsaufbau mit jordanischen Partnerinstitutionen,"80000000, 75211200",non,2024-08-21,500170-2024,https://ted.europa.eu/en/notice/500170-2024/html,verifier,,,nouveau,2026-07-03
2026-07-03,(gagnant non publie),Ingenierie / etudes,JOR,,Deutsche Gesellschaft für Internationale Zusammenarbeit (GIZ) GmbH,Germany – Engineering services – 81304759 - Electric Load Management in the Jordanian Water Sector,"71300000, 71314000",non,2024-08-26,509741-2024,https://ted.europa.eu/en/notice/509741-2024/html,verifier,,,nouveau,2026-07-03
2026-07-03,(gagnant non publie),Administration / defense,"DZA, EGY, JOR, MAR, TUN",,"Ministry of Foreign Affairs of Denmark, Department for the Middle East and North Africa (MENA)",Denmark – Foreign economic-aid-related services – Programme for Human Rights and Inclusion of the Danish Arab Partnership Programme (DAPP),"75211200, 79420000, 79421000, 79421100",non,2024-09-03,526461-2024,https://ted.europa.eu/en/notice/526461-2024/html,verifier,,,nouveau,2026-07-03
2026-07-03,(gagnant non publie),Administration / defense,"DZA, EGY, JOR, MAR, TUN",,"Ministry of Foreign Affairs of Denmark, Department for the Middle East and North Africa (MENA)",Denmark – Foreign economic-aid-related services – Youth Inclusion and Employment Project under the Programme for Youth Employment and Entrepreneurship of the Danish Arab Partnership Programme (DAPP),"75211200, 79420000, 79421000, 79421100",non,2024-09-03,528200-2024,https://ted.europa.eu/en/notice/528200-2024/html,verifier,,,nouveau,2026-07-03
2026-07-03,(gagnant non publie),Administration / defense,JOR,,Deutsche Gesellschaft für Internationale Zusammenarbeit (GIZ) GmbH,"Germany – Foreign economic-aid-related services – 81303985a-Politikberatung, Stärkung der Ausbildungsqualität in umweltrelevanten Bereichen, Integration von Frauen in BB in Jordanien","75211200, 80500000, 98200000",non,2024-09-25,577027-2024,https://ted.europa.eu/en/notice/577027-2024/html,verifier,,,nouveau,2026-07-03
2026-07-03,(gagnant non publie),Conseil / services aux entreprises,MDG,,Deutsche Gesellschaft für Internationale Zusammenarbeit (GIZ) GmbH,Germany – Business development consultancy services – 81307750-Appui-conseil et accompagnement au développement urbain inclusif de l'agglomération d'Antananarivo,"79411100, 73220000, 75110000, 75200000, 90712100",non,2024-10-09,606742-2024,https://ted.europa.eu/en/notice/606742-2024/html,verifier,,,nouveau,2026-07-03
2026-07-03,(gagnant non publie),Conseil / services aux entreprises,EGY,,Deutsche Gesellschaft für Internationale Zusammenarbeit (GIZ) GmbH,Germany – Business development consultancy services – 81308025-Strengthening the Green Services Portfolio of Business Service Providers in Egypt,"79411100, 75211200",non,2024-10-25,650657-2024,https://ted.europa.eu/en/notice/650657-2024/html,verifier,,,nouveau,2026-07-03
2026-07-03,(gagnant non publie),Telecom / equipements,MDA,,Instituția Publică „Agenția Servicii Publice”,Moldova – Telecommunications equipment and supplies – Echipament de comunicații electronice (cu excepția echipamentului telefonic),32500000,non,2024-10-30,660008-2024,https://ted.europa.eu/en/notice/660008-2024/html,verifier,,,nouveau,2026-07-03
2026-07-03,(gagnant non publie),Ingenierie / etudes,EGY,,Ministry of Foreign Affairs by RIS,"Netherlands – Geological, geophysical and other scientific prospecting services – EA-BZ-Nile Delta Sand Survey the negotiated procedure without prior publication",71351000,non,2024-11-04,666732-2024,https://ted.europa.eu/en/notice/666732-2024/html,verifier,,,nouveau,2026-07-03
2026-07-03,(gagnant non publie),Conseil / services aux entreprises,OMN,,Polska Agencja Kosmiczna,"Poland – Relocation services – RELOKACJA, MODERNIZACJA I INSTALACJA AUTOMATYCZNYCH ZESTAWÓW TELESKOPOWYCH (AZT) WRAZ Z USŁUGĄ WDROŻENIA DO UŻYTKOWANIA W LOKALIZACJI JABAL SHAMS OBSERVATORY","98392000, 48900000, 79421200, 72263000, 38635000",non,2024-11-05,672356-2024,https://ted.europa.eu/en/notice/672356-2024/html,verifier,,,nouveau,2026-07-03
2026-07-03,(gagnant non publie),IT / numerique,TUR,,Istanbul Metropolitan Municipality,"Türkiye, Germany, Ireland, Slovenia, Portugal, Sweden, Finland – Research and experimental development services – CircularPSP: Pre-commercial procurement (PCP) to buy R&D (research and development) services to develop a Public Service Platforms for Circular, Innovative and Resilient Municipalities.","73100000, 30211300, 72000000, 72212931, 72230000, 72243000, 72245000, 72250000, 72253000, 72262000, 72266000, 72300000, 72310000, 72311100, 72312100, 72313000, 72314000, 72315200, 72316000, 72317000, 72319000, 72320000, 72321000, 72322000, 72330000, 73000000, 73110000, 75110000, 75112100, 79300000, 79311300, 79311400, 79311410, 79314000, 79315000, 79400000, 79410000, 79411000, 79411100, 79415200, 79416000, 79416200, 79418000, 79419000, 79530000, 90700000, 90710000, 90711000, 90712000, 90712100, 90712200, 90712300, 90712400, 90712500, 90713000, 90714000, 90714100, 90714200, 90714300",non,2024-11-21,709311-2024,https://ted.europa.eu/en/notice/709311-2024/html,verifier,,,nouveau,2026-07-03
2026-07-03,(gagnant non publie),Ingenierie / etudes,MDA,,Permanent Secretariat of the Transport Community,Serbia – Technical assistance services – Technical Assistance for the preparation of a National ITS Strategy for the Republic of Moldova,71356200,non,2025-01-10,14797-2025,https://ted.europa.eu/en/notice/14797-2025/html,verifier,,,nouveau,2026-07-03
2026-07-03,(gagnant non publie),Ingenierie / etudes,TUR,,"European Commission, INTPA - International Partnerships",Belgium – Nuclear safety services – Cooperation with the Turkish Organisation in Charge of Radioactive Waste Management (TR4.01/23),"98113100, 71356300, 80531200, 80550000, 80532000",non,2025-01-22,44033-2025,https://ted.europa.eu/en/notice/44033-2025/html,verifier,,,nouveau,2026-07-03
2026-07-03,(gagnant non publie),Ingenierie / etudes,CMR,,Banque Européenne d'Investissement,Luxembourg – Railway engineering services – Assistance à l'Unité de Gestion de Projet du renouvellement de la ligne ferroviaire Bélabo - Ngaoundéré,71311230,non,2025-02-05,77979-2025,https://ted.europa.eu/en/notice/77979-2025/html,verifier,,,nouveau,2026-07-03
2026-07-03,(gagnant non publie),Telecom / equipements,MDA,,Instituția Publică „Agenția Servicii Publice”,Moldova – Telecommunications equipment and supplies – Echipament de comunicații electronice (cu excepția echipamentului telefonic) pentru perioada anilor 2024-2025,32500000,non,2025-02-06,81930-2025,https://ted.europa.eu/en/notice/81930-2025/html,verifier,,,nouveau,2026-07-03
2026-07-03,(gagnant non publie),Environnement / traitement,ZAF,,Deutsche Gesellschaft für Internationale Zusammenarbeit (GIZ) GmbH,Germany – Environmental management – 81309813-Advisory services for climate resilient water and wastewater management in selected municipalities,"90710000, 79000000",non,2025-02-07,86057-2025,https://ted.europa.eu/en/notice/86057-2025/html,verifier,,,nouveau,2026-07-03
2026-07-03,(gagnant non publie),Ingenierie / etudes,MDA,,"Î.S. ,,Administrația de Stat a Drumurilor”","Moldova – Engineering design services for the construction of civil engineering works – Servicii de proiectare privind construcția drumului de acces la podul peste râul Prut și construcția punctului de trecere a frontierei (PTF), amplasat în regiunea s. Zagarancea, r-ul Ungheni",71322000,non,2025-02-13,99228-2025,https://ted.europa.eu/en/notice/99228-2025/html,verifier,,,nouveau,2026-07-03
2026-07-03,(gagnant non publie),Ingenierie / etudes,ARM,,European Investment Bank,Luxembourg – Technical assistance services – Technical Assistance to support the implementation of Yerevan Energy Efficiency Project - Phase II,71356200,non,2025-02-13,99487-2025,https://ted.europa.eu/en/notice/99487-2025/html,verifier,,,nouveau,2026-07-03
2026-07-03,(gagnant non publie),Ingenierie / etudes,MNE,,"Ministry of Education, Science and Innovation",Montenegro – Construction supervision services – Supervision service on adaptation works of nine Vocational Education and Training (VET) schools in Montenegro,71520000,non,2025-02-18,109055-2025,https://ted.europa.eu/en/notice/109055-2025/html,verifier,,,nouveau,2026-07-03
2026-07-03,(gagnant non publie),Ingenierie / etudes,MNE,,"European Union, represented by the European Commission on behalf of and for the account of Montenegro","Montenegro – Technical assistance services – Technical assistance for capacity building and improved legal harmonization, performance and efficiency within the transport sector in Montenegro","71356200, 75111200",non,2025-04-15,243271-2025,https://ted.europa.eu/en/notice/243271-2025/html,verifier,,,nouveau,2026-07-03
2026-07-03,(gagnant non publie),Administration / defense,ARM,,Deutsche Gesellschaft für Internationale Zusammenarbeit (GIZ) GmbH,Germany – Foreign economic-aid-related services – Promotion of Technical and Vocational Education and Training in Armenia,"75211200, 79400000",non,2025-04-24,265414-2025,https://ted.europa.eu/en/notice/265414-2025/html,verifier,,,nouveau,2026-07-03
2026-07-03,(gagnant non publie),Ingenierie / etudes,ALB,,Hekurudha Shqiptare /Albanian Railways,Albania – Engineering design services – Design of electrification of Corridor VIII railway line,71320000,non,2025-04-28,273325-2025,https://ted.europa.eu/en/notice/273325-2025/html,verifier,,,nouveau,2026-07-03
2026-07-03,(gagnant non publie),Conseil / services aux entreprises,MOZ,,Deutsche Gesellschaft für Internationale Zusammenarbeit (GIZ) GmbH,Germany – Business and management consultancy and related services – 81310987-Technical Support in the Elaboration of the Mozambican NDC 3.0,"79400000, 75211200",non,2025-04-29,274737-2025,https://ted.europa.eu/en/notice/274737-2025/html,verifier,,,nouveau,2026-07-03
2026-07-03,(gagnant non publie),Ingenierie / etudes,ALB,,Government of Albania,Albania – Telecommunication consultancy services – Support to improve the legal and regulatory framework and capacities for digital connectivity based on EU acquis,71316000,non,2025-06-11,374434-2025,https://ted.europa.eu/en/notice/374434-2025/html,verifier,,,nouveau,2026-07-03
2026-07-03,(gagnant non publie),BTP / construction,EGY,,Gharbia Company for Water and Wastewater,"Egypt – Wastewater-plant repair and maintenance work – Rehabilitation (Rebuild) of Tanta Wastewater Treatment Plant 100,000 m3/day",45259100,non,2025-06-17,388471-2025,https://ted.europa.eu/en/notice/388471-2025/html,verifier,,,nouveau,2026-07-03
2026-07-03,(gagnant non publie),IT / numerique,MOZ,,Finnish National Agency for Education,Finland – Research and development services and related consultancy services – Regional Teachers Initiative for Africa (RTIA): Technical Expertise for Mozambique,"73000000, 72212931, 72224000, 73200000, 75112100, 75121000, 79400000, 79421200, 79421000",non,2025-06-25,410439-2025,https://ted.europa.eu/en/notice/410439-2025/html,verifier,,,nouveau,2026-07-03
2026-07-03,(gagnant non publie),Telecom / equipements,MDA,,Instituția Publică „Agenția Servicii Publice”,Moldova – Telecommunications equipment and supplies – Echipament de comunicații electronice (cu excepția echipamentului telefonic),32500000,non,2025-07-21,475103-2025,https://ted.europa.eu/en/notice/475103-2025/html,verifier,,,nouveau,2026-07-03
2026-07-03,(gagnant non publie),Administration / defense,MDG,,Deutsche Gesellschaft für Internationale Zusammenarbeit (GIZ) GmbH,Germany – Provision of services to the community – 81316199-Appui à l'aménagement des paysages productifs dans les zones d'intervention du programme PADDI,"75200000, 79411100, 90710000",non,2025-08-19,540616-2025,https://ted.europa.eu/en/notice/540616-2025/html,verifier,,,nouveau,2026-07-03
2026-07-03,(gagnant non publie),IT / numerique,TUR,,Istanbul Metropolitan Municipality,"Türkiye, Germany, Ireland, Slovenia, Portugal, Sweden, Finland – Research and experimental development services – CircularPSP: Pre-commercial procurement (PCP) to buy R&D (research and development) services to develop a Public Service Platforms for Circular, Innovative and Resilient Municipalities.","73100000, 30211300, 72000000, 72212931, 72230000, 72243000, 72245000, 72250000, 72253000, 72262000, 72266000, 72300000, 72310000, 72311100, 72312100, 72313000, 72314000, 72315200, 72316000, 72317000, 72319000, 72320000, 72321000, 72322000, 72330000, 73000000, 73110000, 75110000, 75112100, 79300000, 79311300, 79311400, 79311410, 79314000, 79315000, 79400000, 79410000, 79411000, 79411100, 79415200, 79416000, 79416200, 79418000, 79419000, 79530000, 90700000, 90710000, 90711000, 90712000, 90712100, 90712200, 90712300, 90712400, 90712500, 90713000, 90714000, 90714100, 90714200, 90714300",non,2025-09-22,618057-2025,https://ted.europa.eu/en/notice/618057-2025/html,verifier,,,nouveau,2026-07-03
2026-07-03,(gagnant non publie),Telecom / equipements,MDA,,IMSP SCR TIMOFEI MOSNEAGA,Moldova – Optical-fibre cables – Fibră optică și produse conexe cu instalare,32562000,non,2025-09-25,626429-2025,https://ted.europa.eu/en/notice/626429-2025/html,verifier,,,nouveau,2026-07-03
2026-07-03,(gagnant non publie),Ingenierie / etudes,ZAF,,Município de Almada,"Portugal – Energy-management services – Celebração de um Contrato de Gestão de Eficiência Energética, ao abrigo do Decreto-Lei n.º 50/2021 de 15 de junho, para a implementação de medidas de melhoria da eficiência energética no ""Sistema",71314200,non,2025-09-29,634433-2025,https://ted.europa.eu/en/notice/634433-2025/html,verifier,,,nouveau,2026-07-03
2026-07-03,(gagnant non publie),Ingenierie / etudes,MNE,,"European Commission, ENEST - Enlargement and Eastern Neighbourhood","Montenegro – Digital cadastral maps – Supply of Aerial Images, Digital Ortho-photo maps and Digital Terrain Model, vehicles and on-the-spot control equipment for the IPARD Agency in Montenegro","30221000, 71354100, 71354200, 71355100, 79961200",non,2025-10-02,645607-2025,https://ted.europa.eu/en/notice/645607-2025/html,verifier,,,nouveau,2026-07-03
2026-07-03,(gagnant non publie),Ingenierie / etudes,TUR,,"European Commission, ENEST.C - Neighbourhood East & Türkiye",Türkiye – Development consultancy services – Technical Assistance to Monitor the Performance of EU Support to Refugees in Türkiye,"73220000, 71356200",non,2025-10-15,676817-2025,https://ted.europa.eu/en/notice/676817-2025/html,verifier,,,nouveau,2026-07-03
2026-07-03,(gagnant non publie),Ingenierie / etudes,MDG,,JIRO SY RANO MALAGASY (JIRAMA),Madagascar – Construction supervision services – Maitrise d'œuvre des travaux urgents et prioritaires de renforcement et d'extension du système AEP de l'agglomération d’Antananarivo,71520000,non,2025-10-20,687906-2025,https://ted.europa.eu/en/notice/687906-2025/html,verifier,,,nouveau,2026-07-03
2026-07-03,(gagnant non publie),BTP / construction,EGY,,Construction Authority for Potable Water and Wastewater,Egypt – Wastewater treatment plant construction work – Design and Construction of Extension & Upgrade of Alexandria West Wastewater Treatment Plant,45252127,non,2025-10-30,717551-2025,https://ted.europa.eu/en/notice/717551-2025/html,verifier,,,nouveau,2026-07-03
2026-07-03,(gagnant non publie),Ingenierie / etudes,MOZ,,"European Commission, INTPA - International Partnerships","Mozambique – Technical support services – Contract Amendment: Technical assistance in support of trade and development in Mozambique – Promove Comércio, CTR FED/2022/433-462",71356300,non,2025-11-03,724347-2025,https://ted.europa.eu/en/notice/724347-2025/html,verifier,,,nouveau,2026-07-03
2026-07-03,(gagnant non publie),Ingenierie / etudes,MNE,,Municipality of Kolašin,"Montenegro – Construction supervision services – Supervision of works on construction of the wastewater treatment plant, wastewater collection system and implementation of water supply priority measures in the Municipality of Kolašin",71520000,non,2025-11-04,727507-2025,https://ted.europa.eu/en/notice/727507-2025/html,verifier,,,nouveau,2026-07-03
2026-07-03,(gagnant non publie),Environnement / traitement,JOR,,Deutsche Gesellschaft für Internationale Zusammenarbeit (GIZ) GmbH,Germany – Environmental issues consultancy services – 81318033 - Establishing a Coordination Mechanism and Building the Institutional Capacity on Climate Financing for the Water Sector,"90713000, 79951000, 90713100",non,2025-11-10,744464-2025,https://ted.europa.eu/en/notice/744464-2025/html,verifier,,,nouveau,2026-07-03
2026-07-03,(gagnant non publie),Administration / defense,MDA,,Deutsche Gesellschaft für Internationale Zusammenarbeit (GIZ) GmbH,Germany – Foreign economic-aid-related services – 81317289-Reengineering of public services in the real estate cadastre in Moldova,"75211200, 75130000",non,2025-11-13,752195-2025,https://ted.europa.eu/en/notice/752195-2025/html,verifier,,,nouveau,2026-07-03
2026-07-03,(gagnant non publie),Telecom / equipements,MDA,,IMSP SCR TIMOFEI MOSNEAGA,Moldova – Optical-fibre cables – Fibră optică și produse conexe cu instalare REPETAT,32562000,non,2025-11-14,757095-2025,https://ted.europa.eu/en/notice/757095-2025/html,verifier,,,nouveau,2026-07-03
2026-07-03,(gagnant non publie),Conseil / services aux entreprises,JOR,,Deutsche Gesellschaft für Internationale Zusammenarbeit (GIZ) GmbH,Germany – Business development consultancy services – 81316934 - Enhancing and Sustaining the Water-Energy-Food-Environment (WEFE) Nexus Governance in Jordan,"79411100, 75211200, 90713000, 98113100",non,2025-11-21,774062-2025,https://ted.europa.eu/en/notice/774062-2025/html,verifier,,,nouveau,2026-07-03
2026-07-03,(gagnant non publie),Telecom / equipements,MNE,,"European Commission, ENEST - Enlargement and Eastern Neighbourhood",Montenegro – Satellite communications equipment – Supply of equipment for fisheries sector and fisheries inspectors,"32531000, 18100000, 30200000, 32232000, 32250000, 34100000",non,2025-11-24,776123-2025,https://ted.europa.eu/en/notice/776123-2025/html,verifier,,,nouveau,2026-07-03
2026-07-03,(gagnant non publie),Telecom / equipements,MNE,,"European Commission, ENEST - Enlargement and Eastern Neighbourhood",Montenegro – Satellite communications equipment – Supply of equipment for fisheries sector and fisheries inspectors,"32531000, 18100000, 30200000, 32232000, 32250000, 34100000",non,2025-11-24,776145-2025,https://ted.europa.eu/en/notice/776145-2025/html,verifier,,,nouveau,2026-07-03
2026-07-03,(gagnant non publie),Telecom / equipements,MNE,,"European Commission, ENEST - Enlargement and Eastern Neighbourhood",Montenegro – Satellite communications equipment – Supply of equipment for fisheries sector and fisheries inspectors,"32531000, 18100000, 30200000, 32232000, 32250000, 34100000",non,2025-11-24,776411-2025,https://ted.europa.eu/en/notice/776411-2025/html,verifier,,,nouveau,2026-07-03
2026-07-03,(gagnant non publie),Telecom / equipements,MNE,,"European Commission, ENEST - Enlargement and Eastern Neighbourhood",Montenegro – Satellite communications equipment – Supply of equipment for fisheries sector and fisheries inspectors,"32531000, 18100000, 30200000, 32232000, 32250000, 34100000",non,2025-11-24,778548-2025,https://ted.europa.eu/en/notice/778548-2025/html,verifier,,,nouveau,2026-07-03
2026-07-03,(gagnant non publie),BTP / construction,EGY,,Dakahlia Water and Sanitation Company,"Egypt – Construction works for sewage treatment plants, purification plants and refuse incineration plants – Design and Build of Nabrouh Wastewater Treatment Plant – Rehabilitation and Expansion 15,000 m3/day",45252000,non,2025-11-27,787992-2025,https://ted.europa.eu/en/notice/787992-2025/html,verifier,,,nouveau,2026-07-03
2026-07-03,(gagnant non publie),Administration / defense,EGY,,Deutsche Gesellschaft für Internationale Zusammenarbeit (GIZ) GmbH,Germany – Foreign economic-aid-related services – 81317493-Strategic Corporate-Startup Partnerships for Industry Climate Solutions (SCSP-ICS),"75211200, 79400000, 79411100",non,2025-12-04,805024-2025,https://ted.europa.eu/en/notice/805024-2025/html,verifier,,,nouveau,2026-07-03
2026-07-03,(gagnant non publie),IT / numerique,JOR,,Deutsche Gesellschaft für Internationale Zusammenarbeit (GIZ) GmbH,"Germany – IT services: consulting, software development, Internet and support – 81314139-Provision requirements of Stage 1 Audit of ISO 27001 certification in Jordan's water sector","72000000, 65110000, 72220000",non,2025-12-05,807943-2025,https://ted.europa.eu/en/notice/807943-2025/html,verifier,,,nouveau,2026-07-03
2026-07-03,(gagnant non publie),Environnement / traitement,BGD,,Deutsche Gesellschaft für Internationale Zusammenarbeit (GIZ) GmbH,Germany – Urban environmental development planning – 81314000-Implementation of Innovation Lab Process and 12 respective Process Lines in Bangladesh,90712100,non,2025-12-05,808437-2025,https://ted.europa.eu/en/notice/808437-2025/html,verifier,,,nouveau,2026-07-03
2026-07-03,(gagnant non publie),Environnement / traitement,TUR,,"General Directorate of European Union and Foreign Relations, Ministry of Environment Urbanization and Climate Change",Türkiye – Environmental services – Identification of Marine Habitats and Potentially Marine NATURA 2000 Areas,"90700000, 71356200, 98360000",non,2025-12-10,819918-2025,https://ted.europa.eu/en/notice/819918-2025/html,verifier,,,nouveau,2026-07-03
2026-07-03,(gagnant non publie),Ingenierie / etudes,NGA,,Deutsche Gesellschaft für Internationale Zusammenarbeit (GIZ) GmbH,Germany – Energy and related services – 81317713_Supporting the development of a sustainable approach towards data management and capacity building for electrification,"71314000, 72000000",non,2025-12-16,835203-2025,https://ted.europa.eu/en/notice/835203-2025/html,verifier,,,nouveau,2026-07-03
2026-07-03,(gagnant non publie),BTP / construction,TUR,,"Gaziantep Metropolitan Municipality, General Directorate of Gaziantep Water and Wastewater Administration",Türkiye – Wastewater treatment plant construction work – Construction of İslahiye Wastewater Treatment Plant,45252127,non,2025-12-17,839248-2025,https://ted.europa.eu/en/notice/839248-2025/html,verifier,,,nouveau,2026-07-03
2026-07-03,(gagnant non publie),Ingenierie / etudes,MOZ,,Deutsche Gesellschaft für Internationale Zusammenarbeit (GIZ) GmbH,Germany – Energy and related services – 81320071-Provision of Business Development Services (BDS) to Clean Cooking and Solar PV Companies in Mozambique,"71314000, 79400000",non,2025-12-22,851817-2025,https://ted.europa.eu/en/notice/851817-2025/html,verifier,,,nouveau,2026-07-03
2026-07-03,(gagnant non publie),IT / numerique,ZAF,,Finnish National Agency for Education,Finland – Research and development services and related consultancy services – Regional Teachers Initiative for Africa (RTIA): Technical Expertise for South Africa,"73000000, 72224000, 73200000, 75112100, 75121000, 79400000, 79421200, 79421000",non,2026-01-14,25381-2026,https://ted.europa.eu/en/notice/25381-2026/html,verifier,,,nouveau,2026-07-03
2026-07-03,(gagnant non publie),Ingenierie / etudes,"ALB, BIH, MKD, MNE, SRB, XKX",,European Investment Bank,Luxembourg – Technical assistance services – Western Balkans Investment Framework (WBIF) – Infrastructure Project Facility Technical Assistance 13 (IPF 13): Digital; Clean Energy; Environment and Climate Change; Social and Sustainable Transport,71356200,non,2026-01-14,25913-2026,https://ted.europa.eu/en/notice/25913-2026/html,verifier,,,nouveau,2026-07-03
2026-07-03,(gagnant non publie),Environnement / traitement,MNE,,"Government of Montenegro, Ministry of Public Works",Montenegro – Environmental institution building or planning – Capacity Building for IPA Programming and Implementation,"90712500, 90713000, 71356200",non,2026-01-26,55144-2026,https://ted.europa.eu/en/notice/55144-2026/html,verifier,,,nouveau,2026-07-03
2026-07-03,(gagnant non publie),BTP / construction,TUR,,Gölbaşı Municipality,Türkiye – Wastewater treatment plant construction work – Construction of Gölbaşı Wastewater Treatment Plant - Earthquake Reconstruction Framework Loan,45252127,non,2026-01-27,60517-2026,https://ted.europa.eu/en/notice/60517-2026/html,verifier,,,nouveau,2026-07-03
2026-07-03,(gagnant non publie),Ingenierie / etudes,JOR,,Ministry of Water and Irrigation - Jordan Valley Authority,"Jordan – Civil engineering consultancy services – Contract Administration and Construction Supervision of the Pipe Conveyor from Telal Al-Thahab to the downstream location on King Abdallah Canal, at Turnout 95",71311000,non,2026-01-28,62807-2026,https://ted.europa.eu/en/notice/62807-2026/html,verifier,,,nouveau,2026-07-03
2026-07-03,(gagnant non publie),Energie / petrole-gaz,UZB,,Deutsche Gesellschaft für Internationale Zusammenarbeit (GIZ) GmbH,Germany – Solar energy – 6 Solarplants for Uzbekistan,09330000,non,2026-02-02,73558-2026,https://ted.europa.eu/en/notice/73558-2026/html,verifier,,,nouveau,2026-07-03
2026-07-03,(gagnant non publie),Conseil / services aux entreprises,MNE,,"European Commission, ENEST - Enlargement and Eastern Neighbourhood",Montenegro – Project-management services other than for construction work – Addendum for extension of services - Policy and legal Advice Centre (PLAC) for Montenegro,79421000,non,2026-02-04,81994-2026,https://ted.europa.eu/en/notice/81994-2026/html,verifier,,,nouveau,2026-07-03
2026-07-03,(gagnant non publie),Environnement / traitement,TUR,,"General Directorate of European Union and Foreign Relations, Ministry of Environment Urbanization and Climate Change","Türkiye – Environmental services – Improving marine monitoring and reporting practices in compliance to Marine Strategy Framework Directive (MSFD, 2008/56/EC)","90700000, 71356200, 90733100",non,2026-02-09,91758-2026,https://ted.europa.eu/en/notice/91758-2026/html,verifier,,,nouveau,2026-07-03
2026-07-03,(gagnant non publie),Ingenierie / etudes,MDG,,JIRO SY RANO MALAGASY (JIRAMA),Madagascar – Construction supervision services – Etudes d'Avant-projet Détaillé et d'impact environnemental et social et élaboration des Dossiers d'Appel d’Offres pour la tranche des travaux prioritaires de renforcement et d'extension du système,71520000,non,2026-02-13,104290-2026,https://ted.europa.eu/en/notice/104290-2026/html,verifier,,,nouveau,2026-07-03
2026-07-03,(gagnant non publie),Environnement / traitement,MNE,,"Government of Montenegro, Public Works Administration",Montenegro – Environmental institution building or planning – Support to Montenegro in fulfilling requirements under Chapter 27 of the EU Acquis and related capacity building,"90712500, 80540000",non,2026-02-13,105110-2026,https://ted.europa.eu/en/notice/105110-2026/html,verifier,,,nouveau,2026-07-03
2026-07-03,(gagnant non publie),Energie / petrole-gaz,TUR,,BORUSAN MAKİNA VE GÜÇ SİSTEMLERİ SANAYİ VE TİCARET ANONİM ŞİRKETİ,Türkiye – Solar installation – Power-to-Heat,"09332000, 09331000",non,2026-02-24,130238-2026,https://ted.europa.eu/en/notice/130238-2026/html,verifier,,,nouveau,2026-07-03
2026-07-03,(gagnant non publie),Environnement / traitement,MNE,,Capital Projects Administration,Montenegro – Environmental information systems – Support to the Establishment of the EIONET for Monitoring and Reporting System,"90714100, 80540000",non,2026-02-25,133025-2026,https://ted.europa.eu/en/notice/133025-2026/html,verifier,,,nouveau,2026-07-03
2026-07-03,(gagnant non publie),Ingenierie / etudes,NGA,,Deutsche Gesellschaft für Internationale Zusammenarbeit (GIZ) GmbH,Germany – Energy and related services – 81320184-Capacity building and certification for Renewable Energy (RE) & Energy Efficiency (EE),71314000,non,2026-02-26,135025-2026,https://ted.europa.eu/en/notice/135025-2026/html,verifier,,,nouveau,2026-07-03
2026-07-03,(gagnant non publie),Ingenierie / etudes,"JAM, UGA",,Agence Française de Développement,France – Technical assistance services – Assistance technique à des banques publiques de développement pour promouvoir les investissements durables dans les systèmes alimentaires Technical Assistance to Public Development Banks to promote sustainable investments in food systems,71356200,non,2026-02-27,139930-2026,https://ted.europa.eu/en/notice/139930-2026/html,verifier,,,nouveau,2026-07-03
2026-07-03,(gagnant non publie),Ingenierie / etudes,TUR,,"General Directorate of European Union and Foreign Relations, Ministry of Environment and Urbanization",Türkiye – Technical assistance services – Building a Disaster Resilient Türkiye,"71356200, 48612000, 75000000, 90700000, 72212780",non,2026-02-27,140717-2026,https://ted.europa.eu/en/notice/140717-2026/html,verifier,,,nouveau,2026-07-03
2026-07-03,(gagnant non publie),Administration / defense,JOR,,Deutsche Gesellschaft für Internationale Zusammenarbeit (GIZ) GmbH,Germany – Foreign economic-aid-related services – 81318175-Tender Preparation and Support to the Tendering Process for a Pumped Hydroelectric Energy Storage (PHES) in Jordan,"75211200, 79400000, 79411100",non,2026-03-11,167621-2026,https://ted.europa.eu/en/notice/167621-2026/html,verifier,,,nouveau,2026-07-03
2026-07-03,(gagnant non publie),Conseil / services aux entreprises,MDG,,IRD,"France – Project-management services other than for construction work – Réalisation de prestations techniques, scientifiques et opérationnelles visant à améliorer la connaissance et la durabilité de la petite pêche côtière dans le sud-ouest de l’océan Indien pour le projet COREPECHE","79421000, 98390000, 73110000",non,2026-03-18,188223-2026,https://ted.europa.eu/en/notice/188223-2026/html,verifier,,,nouveau,2026-07-03
2026-07-03,(gagnant non publie),Administration / defense,MDA,,Deutsche Gesellschaft für Internationale Zusammenarbeit (GIZ) GmbH,Germany – Foreign economic-aid-related services – 81321279-Policy Advice and Capacity building on Urban & Regional Development in Moldova for EU-Accession,"75211200, 79100000, 79400000",non,2026-03-25,204579-2026,https://ted.europa.eu/en/notice/204579-2026/html,verifier,,,nouveau,2026-07-03
2026-07-03,(gagnant non publie),Ingenierie / etudes,ALB,,Government of Albania,Albania – Telecommunication consultancy services – Support to improve the legal and regulatory framework and capacities for digital connectivity based on EU acquis,71316000,non,2026-04-02,228168-2026,https://ted.europa.eu/en/notice/228168-2026/html,verifier,,,nouveau,2026-07-03
2026-07-03,(gagnant non publie),Conseil / services aux entreprises,ALB,,Ressort Infrastrukturfinanzierung WEIN,Switzerland – Project-design services other than for construction work – SECO Project: Smart Energy Municipalities (SEMP) Phase II Albania,79421200,non,2026-04-03,231867-2026,https://ted.europa.eu/en/notice/231867-2026/html,verifier,,,nouveau,2026-07-03
2026-07-03,(gagnant non publie),Conseil / services aux entreprises,EGY,,Deutsche Gesellschaft für Internationale Zusammenarbeit (GIZ) GmbH,Germany – Business and management consultancy and related services – 81320686-Contributing to the regulatory framework for sustainable industrial areas in Egypt,"79400000, 71313000, 90711200",non,2026-04-15,257318-2026,https://ted.europa.eu/en/notice/257318-2026/html,verifier,,,nouveau,2026-07-03
2026-07-03,(gagnant non publie),Ingenierie / etudes,MNE,,"Ministry of Education, Science and Innovation",Montenegro – Architectural design services – Preparation of the Main Design and Supervision on construction of an elementary school in Karabuško polje,"71220000, 71520000",non,2026-04-24,281034-2026,https://ted.europa.eu/en/notice/281034-2026/html,verifier,,,nouveau,2026-07-03
2026-07-03,(gagnant non publie),Administration / defense,TUR,,Deutsche Gesellschaft für Internationale Zusammenarbeit (GIZ) GmbH,Germany – Foreign economic-aid-related services – 81318103 - Third Party Monitoring (TPM) of GIZ MHPSS projects inside Syria,"75211200, 79313000",non,2026-05-05,304527-2026,https://ted.europa.eu/en/notice/304527-2026/html,verifier,,,nouveau,2026-07-03
2026-07-03,(gagnant non publie),Administration / defense,ZAF,,Deutsche Gesellschaft für Internationale Zusammenarbeit (GIZ) GmbH,"Germany – Foreign economic-aid-related services – 81321405 - Development of an innovative financial instrument to improve the bankability of African PtX projects, and to crowd in institutional investors from global financial hubs","75211200, 66170000, 66171000",non,2026-05-05,306746-2026,https://ted.europa.eu/en/notice/306746-2026/html,verifier,,,nouveau,2026-07-03
2026-07-03,(gagnant non publie),Administration / defense,ETH,,Deutsche Gesellschaft für Internationale Zusammenarbeit (GIZ) GmbH,Germany – Foreign economic-aid-related services – 81318370 - Support to the AU Commission in operationalizing a broad M&E framework for the African Union Data Policy Framework (DPF),"75211200, 72300000, 79411000",non,2026-05-05,307970-2026,https://ted.europa.eu/en/notice/307970-2026/html,verifier,,,nouveau,2026-07-03
2026-07-03,(gagnant non publie),Administration / defense,MNE,,Deutsche Gesellschaft für Internationale Zusammenarbeit (GIZ) GmbH,Germany – Foreign economic-aid-related services – 10009141 - Needs-based mobilisation of EU expertise for closing benchmarks and membership preparedness of Montenegro,"75211200, 79411100",non,2026-05-05,308266-2026,https://ted.europa.eu/en/notice/308266-2026/html,verifier,,,nouveau,2026-07-03
2026-07-03,(gagnant non publie),Ingenierie / etudes,MDG,,Agence Française du développement,France – Technical assistance services – Mise en place d’un dispositif d’assistance technique auprès des Ministères du secteur éducation-formation à Madagascar pour la mise en œuvre du fonds commun de l’éducation (FCE),71356200,non,2026-05-22,351233-2026,https://ted.europa.eu/en/notice/351233-2026/html,verifier,,,nouveau,2026-07-03
2026-07-03,(gagnant non publie),Administration / defense,TUR,,Konsulat Generalny RP w Stambule,Türkiye – Consular services – Usługi przyjmowania wniosków wizowych na rzecz polskich placówek zagranicznych w Republice Turcji,75211110,non,2026-05-27,358007-2026,https://ted.europa.eu/en/notice/358007-2026/html,verifier,,,nouveau,2026-07-03
2026-07-03,(gagnant non publie),Energie / petrole-gaz,NGA,,Deutsche Gesellschaft für Internationale Zusammenarbeit (GIZ) GmbH,Germany – Solar energy – 10 Solaranlagen für Nigeria,09330000,non,2026-06-01,374456-2026,https://ted.europa.eu/en/notice/374456-2026/html,verifier,,,nouveau,2026-07-03
2026-07-03,(gagnant non publie),Administration / defense,ETH,,Deutsche Gesellschaft für Internationale Zusammenarbeit (GIZ) GmbH,Germany – Foreign economic-aid-related services – Auftragsänderung 1: 81309444-Prevention of Female Genital Mutilation through Generation Dialogues and institutional capacity building (Horn of Africa),"75211200, 80400000, 85320000",non,2026-06-11,401629-2026,https://ted.europa.eu/en/notice/401629-2026/html,verifier,,,nouveau,2026-07-03
2026-07-03,(gagnant non publie),Ingenierie / etudes,EGY,,Agence Française de Développement,"France – Feasibility study, advisory service, analysis – AFD - AFD - Accompagnement du dispositif de formation professionnelle égyptien dans le secteur du ferroviaire / Rail skills preparatory project","71241000, 71356200",non,2026-06-16,410212-2026,https://ted.europa.eu/en/notice/410212-2026/html,verifier,,,nouveau,2026-07-03
2026-07-03,(gagnant non publie),Telecom / equipements,MDA,,Serviciul Tehnologii Informaționale,Moldova – Telecommunications equipment and supplies – Echipamente de tip NGFW,32500000,non,2026-06-18,417393-2026,https://ted.europa.eu/en/notice/417393-2026/html,verifier,,,nouveau,2026-07-03
2026-07-03,(gagnant non publie),Administration / defense,ALB,,"European Union, represented by the European Commission on behalf of and for the account of Albania","Albania – General public services – EU for Good Governance Technical Assistance at central and local level with a focus on Public Administration Reform, Public Finance Management and Anti-Corruption","75110000, 79421000, 75111000, 75130000",non,2026-06-22,427846-2026,https://ted.europa.eu/en/notice/427846-2026/html,verifier,,,nouveau,2026-07-03
2026-07-03,(gagnant non publie),Ingenierie / etudes,ETH,,Aarhus Universitet,Denmark – Geophysical consultancy services – Provision of an airborne geophysical survey of the Rift Valley Basin in Ethiopia,"71351210, 71352000",non,2026-07-03,457845-2026,https://ted.europa.eu/en/notice/457845-2026/html,verifier,,,nouveau,2026-07-03
2026-07-03,(gagnant non publie),Energie / petrole-gaz,MKD,,"Ministry of agriculture, forestry and water economy of The Republic of North Macedonia",North Macedonia-Skopje: Electricity,09310000,non,2023-01-03,2637-2023,https://ted.europa.eu/en/notice/2637-2023/html,verifier,,,nouveau,2026-07-03
2026-07-03,(gagnant non publie),Ingenierie / etudes,TJK,,Deutsche Gesellschaft für Internationale Zusammenarbeit (GIZ) GmbH,Germany-Eschborn: Counselling services,"71800000, 85312320, 90713100",non,2023-01-06,8506-2023,https://ted.europa.eu/en/notice/8506-2023/html,verifier,,,nouveau,2026-07-03
2026-07-03,(gagnant non publie),Energie / petrole-gaz,MKD,,"JP Gradski parking, Skopje","North Macedonia-Skopje: Electricity, heating, solar and nuclear energy","09300000, 09310000",non,2023-01-09,13709-2023,https://ted.europa.eu/en/notice/13709-2023/html,verifier,,,nouveau,2026-07-03
2026-07-03,(gagnant non publie),Energie / petrole-gaz,MKD,,Municipality of Kochani,North Macedonia-Kochani: Electricity,09310000,non,2023-01-13,20615-2023,https://ted.europa.eu/en/notice/20615-2023/html,verifier,,,nouveau,2026-07-03
2026-07-03,(gagnant non publie),Ingenierie / etudes,BOL,,Deutsche Gesellschaft für Internationale Zusammenarbeit (GIZ) GmbH,Germany-Eschborn: Environmental issues consultancy services,"71313000, 71314300, 73200000, 73220000, 75110000, 75130000, 79411100, 85312320, 90713000",non,2023-01-16,26772-2023,https://ted.europa.eu/en/notice/26772-2023/html,verifier,,,nouveau,2026-07-03
2026-07-03,(gagnant non publie),Ingenierie / etudes,MKD,,Joint Stock Company for performing energy activities National Energy Resources Skopje in state ownership (NER JSC Skopje),"North Macedonia-Skopje: Architectural, construction, engineering and inspection services","71000000, 71313440, 71322200",non,2023-01-16,26830-2023,https://ted.europa.eu/en/notice/26830-2023/html,verifier,,,nouveau,2026-07-03
2026-07-03,(gagnant non publie),Ingenierie / etudes,BIH,,Public Utility Vode Srpske,Bosnia and Herzegovina-Bijeljina: Construction supervision services,71520000,non,2023-01-27,53805-2023,https://ted.europa.eu/en/notice/53805-2023/html,verifier,,,nouveau,2026-07-03
2026-07-03,(gagnant non publie),BTP / construction,MWI,,Welthungerhilfe,Malawi-Lilongwe: Drilling and exploration work,"43132100, 45000000, 45255500",non,2023-02-01,66393-2023,https://ted.europa.eu/en/notice/66393-2023/html,verifier,,,nouveau,2026-07-03
2026-07-03,(gagnant non publie),Ingenierie / etudes,SRB,,"Ministry of Construction, Transport and Infrastructure",Serbia-Belgrade: Construction supervision services,"71313000, 71520000",non,2023-02-03,67448-2023,https://ted.europa.eu/en/notice/67448-2023/html,verifier,,,nouveau,2026-07-03
2026-07-03,(gagnant non publie),Ingenierie / etudes,IDN,,Deutsche Gesellschaft für Internationale Zusammenarbeit (GIZ) GmbH,Germany-Eschborn: General management consultancy services,"71311200, 79411000, 90700000",non,2023-02-10,89117-2023,https://ted.europa.eu/en/notice/89117-2023/html,verifier,,,nouveau,2026-07-03
2026-07-03,(gagnant non publie),Ingenierie / etudes,SRB,,Ministry of Health,Serbia-Belgrade: Engineering design services,71320000,non,2023-02-13,90826-2023,https://ted.europa.eu/en/notice/90826-2023/html,verifier,,,nouveau,2026-07-03
2026-07-03,(gagnant non publie),Ingenierie / etudes,KHM,,Agence Francaise de developpement,France-Paris: Technical assistance services,71356200,non,2023-02-14,93233-2023,https://ted.europa.eu/en/notice/93233-2023/html,verifier,,,nouveau,2026-07-03
2026-07-03,(gagnant non publie),Energie / petrole-gaz,MKD,,Municipality of Bitola,North Macedonia-Bitola: Electricity,09310000,non,2023-02-20,106879-2023,https://ted.europa.eu/en/notice/106879-2023/html,verifier,,,nouveau,2026-07-03
2026-07-03,(gagnant non publie),Ingenierie / etudes,TUN,,ministère des Affaires étrangères,"France-Paris: Architectural, construction, engineering and inspection services","71000000, 71200000, 71221000, 71300000",non,2023-02-27,121747-2023,https://ted.europa.eu/en/notice/121747-2023/html,verifier,,,nouveau,2026-07-03
2026-07-03,(gagnant non publie),Telecom / equipements,SRB,,"Ministry of Finance, Department for Contracting and Financing of EU Funded Programmes (CFCU)",Serbia-Belgrade: Computer equipment and supplies,"30200000, 30230000, 30236000, 32323500, 32522000",non,2023-02-28,122208-2023,https://ted.europa.eu/en/notice/122208-2023/html,verifier,,,nouveau,2026-07-03
2026-07-03,(gagnant non publie),Energie / petrole-gaz,CHL,,Centrum Astronomiczne im. Mikołaja Kopernika PAN,Poland-Warsaw: Solar photovoltaic modules,09331200,non,2023-03-07,137162-2023,https://ted.europa.eu/en/notice/137162-2023/html,verifier,,,nouveau,2026-07-03
2026-07-03,(gagnant non publie),Energie / petrole-gaz,MKD,,University clinic of gynecology and obstetrics,North Macedonia-Skopje: Electricity,09310000,non,2023-03-07,139418-2023,https://ted.europa.eu/en/notice/139418-2023/html,verifier,,,nouveau,2026-07-03
2026-07-03,(gagnant non publie),Energie / petrole-gaz,MKD,,Employment Service Agency of the Republic of North Macedonia,North Macedonia-Skopje: Electricity,09310000,non,2023-03-10,144571-2023,https://ted.europa.eu/en/notice/144571-2023/html,verifier,,,nouveau,2026-07-03
2026-07-03,(gagnant non publie),Ingenierie / etudes,TUN,,European Investment Bank,"Luxembourg-Luxembourg: Support for the environmental and social management of a STEG project in Tunisia: assistance and advice for the implementation of the Environmental and Social Management Framework (ESMF) and Resettlement Policy Framework (RPF), and monitoring of Environmental and Social Impact",71356200,non,2023-03-27,180448-2023,https://ted.europa.eu/en/notice/180448-2023/html,verifier,,,nouveau,2026-07-03
2026-07-03,(gagnant non publie),Ingenierie / etudes,BIH,,European Investment Bank,Luxembourg-Luxembourg: BiH – ERI – Technical Assistance for the Solid Waste and Wastewater Management in Banja Luka Project,71356200,non,2023-03-27,182142-2023,https://ted.europa.eu/en/notice/182142-2023/html,verifier,,,nouveau,2026-07-03
2026-07-03,(gagnant non publie),Ingenierie / etudes,LSO,,"European Union, represented by the European Commission",Lesotho-Maseru: Government services,"71356200, 75131000",non,2023-03-31,194615-2023,https://ted.europa.eu/en/notice/194615-2023/html,verifier,,,nouveau,2026-07-03
2026-07-03,(gagnant non publie),Ingenierie / etudes,TZA,,Deutsche Gesellschaft für Internationale Zusammenarbeit (GIZ) GmbH,Germany-Eschborn: Health and safety consultancy services,"71317200, 71317210, 85000000",non,2023-04-05,203635-2023,https://ted.europa.eu/en/notice/203635-2023/html,verifier,,,nouveau,2026-07-03
2026-07-03,(gagnant non publie),Energie / petrole-gaz,MKD,,Local Government Unit Prilep,North Macedonia-Prilep: Electricity,09310000,non,2023-04-14,221353-2023,https://ted.europa.eu/en/notice/221353-2023/html,verifier,,,nouveau,2026-07-03
2026-07-03,(gagnant non publie),Environnement / traitement,MKD,,Ministry of Finance - Central Financing and Contracting Department (CFCD),North Macedonia-Skopje: Environmental planning,"90712000, 90720000",non,2023-04-14,222873-2023,https://ted.europa.eu/en/notice/222873-2023/html,verifier,,,nouveau,2026-07-03
2026-07-03,(gagnant non publie),Energie / petrole-gaz,MKD,,Local Government Unit Prilep,North Macedonia-Prilep: Electricity,09310000,non,2023-04-14,223759-2023,https://ted.europa.eu/en/notice/223759-2023/html,verifier,,,nouveau,2026-07-03
2026-07-03,(gagnant non publie),Energie / petrole-gaz,MKD,,Public Enterprise for Railway Infrastructure Railways of Republic of Norh Macedonia-Skopje,"North Macedonia-Skopje: Electricity, heating, solar and nuclear energy",09300000,non,2023-04-18,227828-2023,https://ted.europa.eu/en/notice/227828-2023/html,verifier,,,nouveau,2026-07-03
2026-07-03,Друштво за трговија и услуги ЕНЕРЏИ ДЕЛИВЕРИ СОЛУШНС АД Скопје National,Energie / petrole-gaz,MKD,"21 187 000,00 MKD",University “Goce Delcev” – Stip,"North Macedonia-Stip: Petroleum products, fuel, electricity and other sources of energy","09000000, 09300000",non,2023-04-21,236188-2023,https://ted.europa.eu/en/notice/236188-2023/html,oui,,,nouveau,2026-07-03
2026-07-03,WTE Wassertechnik GmbH,BTP / construction,MKD,"184 534 856,29 EUR",PE “Vodovod I Kanalizacija – Skopje” (“Water supply and sewerage – Skopje”),North Macedonia-Skopje: Wastewater treatment plant construction work,45252127,non,2023-04-25,244430-2023,https://ted.europa.eu/en/notice/244430-2023/html,oui,,,nouveau,2026-07-03
2026-07-03,BG Consulting Engineers; IRD Engineering,Ingenierie / etudes,MKD,"3 329 105,00 EUR",PE “Vodovod I Kanalizacija – Skopje” (“Water supply and sewerage – Skopje”),North Macedonia-Skopje: Construction-site supervision services,71521000,non,2023-04-26,249436-2023,https://ted.europa.eu/en/notice/249436-2023/html,oui,,,nouveau,2026-07-03
2026-07-03,ENERDŽI DELIVERI SOLUŠNS AD Skopje,Energie / petrole-gaz,MKD,"30 000 000,00 MKD",Municipality of Aerodrom,"North Macedonia-Skopje: Electricity, heating, solar and nuclear energy",09300000,non,2023-05-03,266106-2023,https://ted.europa.eu/en/notice/266106-2023/html,oui,,,nouveau,2026-07-03
2026-07-03,BRL Ingienierie,Energie / eau / utilities,LSO,"371 998,00 EUR",Deutsche Gesellschaft für Internationale Zusammenarbeit (GIZ) GmbH,Germany-Eschborn: Water distribution,65110000,non,2023-05-12,282418-2023,https://ted.europa.eu/en/notice/282418-2023/html,oui,,,nouveau,2026-07-03
2026-07-03,(gagnant non publie),Ingenierie / etudes,ECU,,"EMPRESA PUBLICA MUNICIPAL DE TELECOMUNICACIONES, AGUA POTABLE, ALCANTARILLADO Y SANEAMIENTO DE CUENCA, ETAPA EP",Ecuador-Cuenca: Construction-site supervision services,71521000,non,2023-05-15,288347-2023,https://ted.europa.eu/en/notice/288347-2023/html,verifier,,,nouveau,2026-07-03
2026-07-03,MGGP Aero Sp. z.o.o. National,Ingenierie / etudes,BIH,"1 769 800,00 EUR","European Union, represented by the European Commission",Bosnia and Herzegovina-Sarajevo: Architectural and building-surveying services,"71251000, 71353000, 71354200, 71355000",non,2023-05-16,289059-2023,https://ted.europa.eu/en/notice/289059-2023/html,oui,,,nouveau,2026-07-03
2026-07-03,CPC SA,BTP / construction,ARG,"11 911 776 224,86 ARS",Agua y Saneamientos Argentinos S.A,Argentina-Ciudad Autónoma de Buenos Aires: Wastewater treatment plant construction work,45252127,non,2023-05-22,302380-2023,https://ted.europa.eu/en/notice/302380-2023/html,oui,,,nouveau,2026-07-03
2026-07-03,DAI GLOBAL AUSTRIA GMBH & CO KG,Ingenierie / etudes,MWI,"3 250 000,00 EUR","European Union, represented by the European Commission",Malawi-Lilongwe: Technical assistance services,71356200,non,2023-05-22,303325-2023,https://ted.europa.eu/en/notice/303325-2023/html,oui,,,nouveau,2026-07-03
2026-07-03,Aquito SpA,Energie / petrole-gaz,CHL,"341 634,00 USD",Centrum Astronomiczne im. Mikołaja Kopernika PAN,Poland-Warsaw: Solar photovoltaic modules,09331200,non,2023-05-23,306964-2023,https://ted.europa.eu/en/notice/306964-2023/html,oui,,,nouveau,2026-07-03
2026-07-03,MGGP Aero Sp. z.o.o. National,Ingenierie / etudes,BIH,"1 769 800,00 EUR","European Union, represented by the European Commission",Bosnia and Herzegovina-Sarajevo: Architectural and building-surveying services,"71251000, 71353000, 71354200, 71355000",non,2023-05-26,314962-2023,https://ted.europa.eu/en/notice/314962-2023/html,oui,,,nouveau,2026-07-03
2026-07-03,"Company for sales and services BIOTEK DOO export-import Skopje; Company for sales, production and services EUROKOM DOO import-export Skopje",Energie / petrole-gaz,MKD,"11 050 000,00 MKD",Ss. Cyril and Methodius University Faculty of Medicine Skopje,North Macedonia-Skopje: Radioactive materials,09343000,non,2023-05-30,322131-2023,https://ted.europa.eu/en/notice/322131-2023/html,oui,,,nouveau,2026-07-03
2026-07-03,Enerdzi deliveri solushns-Skopje 334751-2023 Page 3/3 VI.5. VI.4.4. VI.4.1. VI.4. VI.3. V.2.6. V.2.5. V.2.4. National,Energie / petrole-gaz,MKD,"100 000 000,00 MKD",Public Enterprise for Railway Infrastructure Railways of Republic of Norh Macedonia-Skopje,"North Macedonia-Skopje: Electricity, heating, solar and nuclear energy",09300000,non,2023-06-06,334751-2023,https://ted.europa.eu/en/notice/334751-2023/html,oui,,,nouveau,2026-07-03
2026-07-03,SALVA TERRA,Ingenierie / etudes,COM,"281 884,00 EUR",Agence Francaise de developpement,France-Paris: Technical assistance services,71356200,non,2023-06-06,337271-2023,https://ted.europa.eu/en/notice/337271-2023/html,oui,,,nouveau,2026-07-03
2026-07-03,Energy Delivery Solutions,Energie / petrole-gaz,MKD,"12 000 000,00 MKD",INTELLIGENCE AGENCY,North Macedonia-Skopje: Electricity,09310000,non,2023-06-09,344726-2023,https://ted.europa.eu/en/notice/344726-2023/html,oui,,,nouveau,2026-07-03
2026-07-03,ASACO General Trade & Contracting,Energie / petrole-gaz,ZMB,"2 500 000,00 EUR",SOLAR23,Germany-Ulm: Solar energy,"09300000, 09330000, 09331000, 09331200",non,2023-06-12,346716-2023,https://ted.europa.eu/en/notice/346716-2023/html,oui,,,nouveau,2026-07-03
2026-07-03,"Integra d.o.o. Mostar (Leader); Geocon d.o.o. Čitluk (Consortium Member); Integra d.o.o. Mostar, IGH d.o.o. Mostar, Geocon d.o.o. Čitluk consortium led by Integra d.o.o. Mostar",Ingenierie / etudes,BIH,"377 979,00 EUR","""Western Balkans Investment Framework (WBIF) Infrastructure Project Facility – Technical Assistance 8 (IPF 8)"" consortium, represented by COWI A/S (hereinafter: COWI IPF)",Denmark-Kongens Lyngby: Geotechnical engineering services,71332000,non,2023-06-13,351710-2023,https://ted.europa.eu/en/notice/351710-2023/html,oui,,,nouveau,2026-07-03
2026-07-03,(gagnant non publie),Energie / petrole-gaz,MKD,,Local Government Unit Prilep,North Macedonia-Prilep: Electricity,09310000,non,2023-06-16,355013-2023,https://ted.europa.eu/en/notice/355013-2023/html,verifier,,,nouveau,2026-07-03
2026-07-03,(gagnant non publie),Environnement / traitement,GHA,,Deutsche Gesellschaft für Internationale Zusammenarbeit (GIZ) GmbH,Germany-Eschborn: Environmental services,"90000000, 90500000, 90700000, 90710000, 90720000, 90721000",non,2023-06-16,356713-2023,https://ted.europa.eu/en/notice/356713-2023/html,verifier,,,nouveau,2026-07-03
2026-07-03,Eco Ltd,Ingenierie / etudes,PER,"314 937,00 EUR",Deutsche Gesellschaft für Internationale Zusammenarbeit (GIZ) GmbH,Germany-Eschborn: Energy and related services,71314000,non,2023-06-16,357722-2023,https://ted.europa.eu/en/notice/357722-2023/html,oui,,,nouveau,2026-07-03
2026-07-03,Друштво со ограничена одговорност основано од едно лице ЕСМ ПРОДАЖБА ДООЕЛ Скопје,Energie / petrole-gaz,MKD,"26 000 000,00 MKD",Health Insurance Fund of Macedonia,North Macedonia-Skopje: Electricity,09310000,non,2023-06-16,359265-2023,https://ted.europa.eu/en/notice/359265-2023/html,oui,,,nouveau,2026-07-03
2026-07-03,"IDOM Consulting, Engineering, Architecture SAU",Ingenierie / etudes,COL,"902 838,00 EUR",Deutsche Gesellschaft für Internationale Zusammenarbeit (GIZ) GmbH,Germany-Eschborn: Environmental services,"71313000, 80540000, 85312320, 90700000, 90710000, 90712500, 90713000",non,2023-06-16,359841-2023,https://ted.europa.eu/en/notice/359841-2023/html,oui,,,nouveau,2026-07-03
2026-07-03,AMBERO Consulting Gesellschaft mbH,Conseil / services aux entreprises,LBN,"1 214 900,00 EUR",Deutsche Gesellschaft für Internationale Zusammenarbeit (GIZ) GmbH,Germany-Eschborn: Counselling services,"77100000, 79411100, 79634000, 85312320, 90713000",non,2023-06-16,360025-2023,https://ted.europa.eu/en/notice/360025-2023/html,oui,,,nouveau,2026-07-03
2026-07-03,Company for trade and supply of electricity RENJUVABAL ENERJI SUPLAY RES DOO Skopje,Energie / petrole-gaz,MKD,"20 000 000,00 MKD",Ministry of Finance – Public Revenue Office,North Macedonia-Skopje: Electricity,09310000,non,2023-06-19,362592-2023,https://ted.europa.eu/en/notice/362592-2023/html,oui,,,nouveau,2026-07-03
2026-07-03,MGGP S.A,Ingenierie / etudes,MKD,"25 875 000,00 MKD","Ministry of agriculture, forestry and water economy of The Republic of North Macedonia",North Macedonia-Skopje: Aerial photography services,"71000000, 71355100, 77000000, 79961200",non,2023-06-19,364324-2023,https://ted.europa.eu/en/notice/364324-2023/html,oui,,,nouveau,2026-07-03
2026-07-03,(gagnant non publie),Transport / vehicules,SYC,,National Authorising Officer,Seychelles-Victoria: Transport equipment and auxiliary products to transportation,"34000000, 34500000, 34521000, 71350000, 71351924",non,2023-06-20,367679-2023,https://ted.europa.eu/en/notice/367679-2023/html,verifier,,,nouveau,2026-07-03
2026-07-03,(gagnant non publie),Ingenierie / etudes,IDN,,Deutsche Gesellschaft für Internationale Zusammenarbeit (GIZ) GmbH,Germany-Eschborn: Health and safety consultancy services,"71317200, 71317210",non,2023-06-26,380186-2023,https://ted.europa.eu/en/notice/380186-2023/html,verifier,,,nouveau,2026-07-03
2026-07-03,(gagnant non publie),Energie / petrole-gaz,MKD,,CPE Vodovod Kochani,North Macedonia-Kochani: Electricity,09310000,non,2023-06-26,380417-2023,https://ted.europa.eu/en/notice/380417-2023/html,verifier,,,nouveau,2026-07-03
2026-07-03,Öko-Institut e.V,Environnement / traitement,GHA,"715 799,40 EUR",Deutsche Gesellschaft für Internationale Zusammenarbeit (GIZ) GmbH,Germany-Eschborn: Environmental services,"90000000, 90500000, 90700000, 90710000, 90720000, 90721000",non,2023-06-28,386726-2023,https://ted.europa.eu/en/notice/386726-2023/html,oui,,,nouveau,2026-07-03
2026-07-03,Energy delivery solutions AD Skopje,Energie / petrole-gaz,MKD,"22 033 898,30 MKD",Municipality of Kochani,North Macedonia-Kochani: Electricity,09310000,non,2023-06-30,389996-2023,https://ted.europa.eu/en/notice/389996-2023/html,oui,,,nouveau,2026-07-03
2026-07-03,PHRENOS National,Ingenierie / etudes,SEN,"1 982 500,00 EUR","European Union, represented by the European Commission",Senegal-Dakar: Technical assistance services,71356200,non,2023-07-07,406458-2023,https://ted.europa.eu/en/notice/406458-2023/html,oui,,,nouveau,2026-07-03
2026-07-03,(gagnant non publie),Energie / petrole-gaz,MKD,,JP Vodovod Ohrid,North Macedonia-Ohrid: Electricity,09310000,non,2023-07-10,413382-2023,https://ted.europa.eu/en/notice/413382-2023/html,verifier,,,nouveau,2026-07-03
2026-07-03,INNOVATION ENERGIE DEVELOPPEMENT National,Ingenierie / etudes,SEN,"1 598 600,00 EUR",Government of Senegal,Senegal-Dakar: Technical assistance services,71356200,non,2023-07-14,425333-2023,https://ted.europa.eu/en/notice/425333-2023/html,oui,,,nouveau,2026-07-03
2026-07-03,PHRENOS National,Ingenierie / etudes,SEN,"1 982 500,00 EUR","European Union, represented by the European Commission",Senegal-Dakar: Technical assistance services,71356200,non,2023-07-14,427614-2023,https://ted.europa.eu/en/notice/427614-2023/html,oui,,,nouveau,2026-07-03
2026-07-03,Nordic Consulting Group A/S National,Administration / defense,TZA,"4 498 450,00 DKK","Ministry of Foreign Affairs of Denmark, department for Evaluation, Learning and Quality (ELK)",Denmark-Copenhagen: Evaluation consultancy services,"75211200, 79419000",non,2023-07-18,434152-2023,https://ted.europa.eu/en/notice/434152-2023/html,oui,,,nouveau,2026-07-03
2026-07-03,(gagnant non publie),Ingenierie / etudes,SRB,,"""Western Balkans Investment Framework (WBIF) Infrastructure Project Facility – Technical Assistance 8 (IPF 8)"" consortium, represented by COWI A/S (hereinafter: COWI IPF)",Denmark-Kongens Lyngby: Geotechnical engineering services,71332000,non,2023-07-19,439213-2023,https://ted.europa.eu/en/notice/439213-2023/html,verifier,,,nouveau,2026-07-03
2026-07-03,Geodetski zavod Celje,Ingenierie / etudes,MKD,"4 130 000,00 MKD","Ministry of agriculture, forestry and water economy of The Republic of North Macedonia",North Macedonia-Skopje: Surveying services,71355000,non,2023-07-28,458461-2023,https://ted.europa.eu/en/notice/458461-2023/html,oui,,,nouveau,2026-07-03
2026-07-03,Procuerment of elektricity 464820-2023 Page 3/3 VI.5. VI.4.1. VI.4. VI.3. V.2.5. V.2.4,Energie / petrole-gaz,MKD,"90 000 000,00 MKD",Customs Administration of the Republic of North Macedonia,North Macedonia-Skopje: Electricity,09310000,non,2023-07-31,464820-2023,https://ted.europa.eu/en/notice/464820-2023/html,oui,,,nouveau,2026-07-03
2026-07-03,DAI GLOBAL BELGIUM,Ingenierie / etudes,LSO,"2 700 000,00 EUR","European Union, represented by the European Commission",Lesotho-Maseru: Technical assistance services,"71356200, 98910000",non,2023-08-04,471348-2023,https://ted.europa.eu/en/notice/471348-2023/html,oui,,,nouveau,2026-07-03
2026-07-03,AMBERO Consulting Gesellschaft mbH,Environnement / traitement,BEN,"1 500 694,00 EUR",Deutsche Gesellschaft für Internationale Zusammenarbeit (GIZ) GmbH,"Germany-Eschborn: Sewage, refuse, cleaning and environmental services","90000000, 90712100",non,2023-08-08,481429-2023,https://ted.europa.eu/en/notice/481429-2023/html,oui,,,nouveau,2026-07-03
2026-07-03,(gagnant non publie),Energie / petrole-gaz,MKD,,JP Kolektorski sistem,North Macedonia-Ohrid: Electricity,09310000,non,2023-08-08,482966-2023,https://ted.europa.eu/en/notice/482966-2023/html,verifier,,,nouveau,2026-07-03
2026-07-03,Enegy Delivery Solutions AD Skopje,Energie / petrole-gaz,MKD,"472 000 000,00 EUR",Public Entreprise for State Roads - Skopje,North Macedonia-Skopje: Electricity,09310000,non,2023-08-11,487369-2023,https://ted.europa.eu/en/notice/487369-2023/html,oui,,,nouveau,2026-07-03
2026-07-03,DAI Global Belgium SRL National; Dvoper Ltd National; National Alliance for Local Economic Development (NALED) National,Environnement / traitement,SRB,"1 995 800,00 EUR","European Union, represented by the European Commission, on behalf of and for the account of Serbia","Serbia-Belgrade: Sewage, refuse, cleaning and environmental services","90000000, 90712500",non,2023-08-14,493865-2023,https://ted.europa.eu/en/notice/493865-2023/html,oui,,,nouveau,2026-07-03
2026-07-03,(gagnant non publie),Administration / defense,ECU,,Deutsche Gesellschaft für Internationale Zusammenarbeit (GIZ) GmbH,Germany-Eschborn: Foreign economic-aid-related services,"75211200, 79400000",non,2023-08-14,494572-2023,https://ted.europa.eu/en/notice/494572-2023/html,verifier,,,nouveau,2026-07-03
2026-07-03,SAI CONSULTING ENGINEERS PVT. LTD. (SYSTRA GROUP),Ingenierie / etudes,KEN,"3 794 947,00 EUR",Kenya National Highways Authority (keNHA),Kenya-Nairobi: Construction supervision services,71520000,non,2023-08-14,496691-2023,https://ted.europa.eu/en/notice/496691-2023/html,oui,,,nouveau,2026-07-03
2026-07-03,(gagnant non publie),Conseil / services aux entreprises,TGO,,"European Commission, Directorate-General for International Partnerships (INTPA), INTPA.A.3.DEL.TOGO.002 – Cooperation","Togo-Lomé: Technical assistance for the programme to support the fight against climate change, the protection of biodiversity and agroecology in Togo – PALCC+",79421000,non,2023-08-16,498088-2023,https://ted.europa.eu/en/notice/498088-2023/html,verifier,,,nouveau,2026-07-03
2026-07-03,"Drushtvo za trgovija i uslugi ""ENERGY DELIVERY SOLUTIONS"" AD, Skopje",Energie / petrole-gaz,MKD,"169 491 525,00 MKD",City of Skopje,"North Macedonia-Skopje: Electricity, heating, solar and nuclear energy",09300000,non,2023-08-21,505326-2023,https://ted.europa.eu/en/notice/505326-2023/html,oui,,,nouveau,2026-07-03
2026-07-03,International Centre for Environmental Management,Ingenierie / etudes,"KHM, LAO, MMR","1,00 EUR",Deutsche Gesellschaft für Internationale Zusammenarbeit (GIZ) GmbH,Germany-Eschborn: Business development consultancy services,"71313000, 71317000, 73220000, 75211200, 79411100, 90713000",non,2023-08-22,506414-2023,https://ted.europa.eu/en/notice/506414-2023/html,oui,,,nouveau,2026-07-03
2026-07-03,Geomehanika d.o.o. Belgrade National,Ingenierie / etudes,SRB,"330 000,00 EUR",PLANET SA SOCIETE ANONYME FOR PROVISION OF CONSULTANCY SERVICES,Greece-Athens: Geotechnical engineering services,71332000,non,2023-08-23,510103-2023,https://ted.europa.eu/en/notice/510103-2023/html,oui,,,nouveau,2026-07-03
2026-07-03,SAI CONSULTING ENGINEERS PVT. LTD. (SYSTRA GROUP),Ingenierie / etudes,KEN,"3 794 947,00 EUR",Kenya National Highways Authority (keNHA),Kenya-Nairobi: Construction supervision services,71520000,non,2023-09-04,531658-2023,https://ted.europa.eu/en/notice/531658-2023/html,oui,,,nouveau,2026-07-03
2026-07-03,DAI Global Belgium SRL National; Dvoper Ltd National; National Alliance for Local Economic Development (NALED) National,Environnement / traitement,SRB,"1 995 800,00 EUR","European Union, represented by the European Commission, on behalf of and for the account of Serbia","Serbia-Belgrade: Sewage, refuse, cleaning and environmental services","90000000, 90712500",non,2023-09-05,534102-2023,https://ted.europa.eu/en/notice/534102-2023/html,oui,,,nouveau,2026-07-03
2026-07-03,Gopa Infra GmbH,Ingenierie / etudes,RWA,"470 045,00 EUR",Deutsche Gesellschaft für Internationale Zusammenarbeit (GIZ) GmbH,Germany-Eschborn: Environmental services,"71313000, 90000000, 90500000, 90700000, 90710000, 90712500, 90713000",non,2023-09-19,562345-2023,https://ted.europa.eu/en/notice/562345-2023/html,oui,,,nouveau,2026-07-03
2026-07-03,R2M Solution Spain SL; Endef Engineering SL; Defcon8 Enterprise; Mondas,Energie / petrole-gaz,ISR,"4 147 489,00 EUR","Energy agency of Savinjska, Šaleška and Koroška region (KSSENA)",Slovenia-Velenje: Research and experimental development services,"09300000, 09310000, 09330000, 09331000, 09331100, 09331200, 09332000, 31121300, 31158100, 31161900, 31162000, 31162100, 31174000, 31200000, 31210000, 31400000, 31440000, 31682000, 32441100, 35125100, 38128000, 38433200, 38551000, 39715000, 39715100, 39715200, 39715210, 39715220, 39715230, 39715240, 39717200, 42510000, 44110000, 44111000, 44112000, 44115000, 44115800, 45310000, 48000000, 48211000, 48600000, 48610000, 48611000, 48612000, 48613000, 65400000, 71314000, 71314200, 71314300, 71314310, 71321000, 71321100, 71321200, 71323100, 71333000, 71334000, 72212190, 72212211, 72212931, 72222300, 73100000, 80420000",non,2023-09-19,564280-2023,https://ted.europa.eu/en/notice/564280-2023/html,oui,,,nouveau,2026-07-03
2026-07-03,Estudios Energéticos Consultores S.A,Energie / eau / utilities,TUN,"641 500,00 EUR",Deutsche Gesellschaft für Internationale Zusammenarbeit (GIZ) GmbH,Germany-Eschborn: Energy and related services,"65400000, 71314000",non,2023-09-20,565121-2023,https://ted.europa.eu/en/notice/565121-2023/html,oui,,,nouveau,2026-07-03
2026-07-03,Consortium GOPA-International Energy Consultants GmbH & Integration International Management Consultants GmbH & INTEGRATION Umwelt & Energie GmbH,Energie / eau / utilities,TUN,"376 900,00 EUR",Deutsche Gesellschaft für Internationale Zusammenarbeit (GIZ) GmbH,Germany-Eschborn: Energy and related services,"65400000, 71314000",non,2023-09-20,565654-2023,https://ted.europa.eu/en/notice/565654-2023/html,oui,,,nouveau,2026-07-03
2026-07-03,MPower Ventures AG,Energie / petrole-gaz,GHA,"1,00 EUR",Deutsche Gesellschaft für Internationale Zusammenarbeit (GIZ) GmbH,Germany-Eschborn: Solar energy,09330000,non,2023-09-22,572982-2023,https://ted.europa.eu/en/notice/572982-2023/html,oui,,,nouveau,2026-07-03
2026-07-03,IRD Engineering s.r.l. Italy; SUEZ Consulting (SAFEGE),Ingenierie / etudes,BIH,"1 435 000,00 EUR",Ministry of Finance of Republic of Srpska,Bosnia and Herzegovina-Banja Luka: Construction supervision services,71520000,non,2023-09-25,576356-2023,https://ted.europa.eu/en/notice/576356-2023/html,oui,,,nouveau,2026-07-03
2026-07-03,(gagnant non publie),BTP / construction,KGZ,,"Municipal Enterprise ""Kara Suu Taza Suu""",Kyrgyzstan-Kara-Suu: Wastewater treatment plant construction work,45252127,non,2023-09-26,580002-2023,https://ted.europa.eu/en/notice/580002-2023/html,verifier,,,nouveau,2026-07-03
2026-07-03,Company for trade and power supply RENEWABLE ENERGY SUPPLY RES DOO Skopje,Energie / petrole-gaz,MKD,"36 016 949,15 MKD",Local Government Unit Prilep,North Macedonia-Prilep: Electricity,09310000,non,2023-09-27,582057-2023,https://ted.europa.eu/en/notice/582057-2023/html,oui,,,nouveau,2026-07-03
2026-07-03,Akcionersko drushtvo za proektiranje i izveduvanje gradezno - zanatski raboti ENERGOMONT-Skopje,Mines / materiaux,MKD,"25 423 729,00 MKD",City of Skopje,North Macedonia-Skopje: Salt and pure sodium chloride,14400000,non,2023-10-02,591488-2023,https://ted.europa.eu/en/notice/591488-2023/html,oui,,,nouveau,2026-07-03
2026-07-03,ITP,Ingenierie / etudes,COL,"410 580,00 EUR",Deutsche Gesellschaft für Internationale Zusammenarbeit (GIZ) GmbH,Germany-Eschborn: Urban environmental development planning,"71410000, 90712100",non,2023-10-02,591898-2023,https://ted.europa.eu/en/notice/591898-2023/html,oui,,,nouveau,2026-07-03
2026-07-03,Beak Consultants GmbH National,Ingenierie / etudes,SAU,"270 000,00 EUR",Geologian tutkimuskeskus,"Finland-Espoo: Geological, geophysical and other scientific prospecting services","71351000, 71351100, 71351200, 71351210, 71351220, 71351913",non,2023-10-02,592291-2023,https://ted.europa.eu/en/notice/592291-2023/html,oui,,,nouveau,2026-07-03
2026-07-03,(gagnant non publie),Ingenierie / etudes,MKD,,Ministry of Finance - Central Financing and Contracting Department (CFCD) - Republic of North Macedonia,North Macedonia-Skopje: Construction supervision services,71520000,non,2023-10-03,593691-2023,https://ted.europa.eu/en/notice/593691-2023/html,verifier,,,nouveau,2026-07-03
2026-07-03,AMBERO Consulting Gesellschaft mbH,Administration / defense,COL,"850 078,82 EUR",Deutsche Gesellschaft für Internationale Zusammenarbeit (GIZ) GmbH,Germany-Eschborn: Foreign economic-aid-related services,"75211200, 79410000, 80400000, 98200000",non,2023-10-04,598078-2023,https://ted.europa.eu/en/notice/598078-2023/html,oui,,,nouveau,2026-07-03
2026-07-03,Drushtvo za upravuvanje so proekti EOS E.E DOO Skkopje,Ingenierie / etudes,MKD,"30 000 000,00 MKD",City of Skopje,North Macedonia-Skopje: Construction supervision services,71520000,non,2023-10-04,598618-2023,https://ted.europa.eu/en/notice/598618-2023/html,oui,,,nouveau,2026-07-03
2026-07-03,Hellenic Gas Transmission System Operator S.A. (DESFA),Ingenierie / etudes,MKD,"2 385 000,00 EUR",NOMAGAS JSC Skopje,North Macedonia-Skopje: Construction supervision services,71520000,non,2023-10-04,598941-2023,https://ted.europa.eu/en/notice/598941-2023/html,oui,,,nouveau,2026-07-03
2026-07-03,Patricio Mansilla National,Ingenierie / etudes,PER,"450 000,00 EUR",European Investment Bank,Luxembourg-Luxembourg: Technical Assistance to COFIDE Framework Loan – Project Manager,71356200,non,2023-10-05,599762-2023,https://ted.europa.eu/en/notice/599762-2023/html,oui,,,nouveau,2026-07-03
2026-07-03,Gopa Infra GmbH,Environnement / traitement,BRA,"899 796,00 EUR",Deutsche Gesellschaft für Internationale Zusammenarbeit (GIZ) GmbH,Germany-Eschborn: Urban environmental development planning,90712100,non,2023-10-10,609055-2023,https://ted.europa.eu/en/notice/609055-2023/html,oui,,,nouveau,2026-07-03
2026-07-03,GFA Consulting Group GmbH,Ingenierie / etudes,BIH,"1,00 EUR",Deutsche Gesellschaft für Internationale Zusammenarbeit (GIZ) GmbH,Germany-Eschborn: Energy and related services,"71313000, 71314000, 71314300, 73220000, 98910000",non,2023-10-16,625511-2023,https://ted.europa.eu/en/notice/625511-2023/html,oui,,,nouveau,2026-07-03
2026-07-03,ECO Consult GmbH & Co KG 628400-2023 Page 5/6 VI.5. VI.4.3. VI.4.1. VI.4. VI.3. V.2.5. V.2.4,Ingenierie / etudes,CIV,"931 380,00 EUR",Deutsche Gesellschaft für Internationale Zusammenarbeit (GIZ) GmbH,Germany-Eschborn: Energy and related services,"71314000, 80000000",non,2023-10-17,628400-2023,https://ted.europa.eu/en/notice/628400-2023/html,oui,,,nouveau,2026-07-03
2026-07-03,(gagnant non publie),IT / numerique,MKD,,"Ministry of Finance, Central Financing and Contracting Department (CFCD)",North Macedonia-Skopje: Staff training services,"70331100, 72224000, 80511000, 90710000",non,2023-10-18,630604-2023,https://ted.europa.eu/en/notice/630604-2023/html,verifier,,,nouveau,2026-07-03
2026-07-03,IBF International Consulting,Ingenierie / etudes,BIH,"461 410,00 EUR",Deutsche Gesellschaft für Internationale Zusammenarbeit (GIZ) GmbH,Germany-Eschborn: Energy and related services,71314000,non,2023-10-20,636671-2023,https://ted.europa.eu/en/notice/636671-2023/html,oui,,,nouveau,2026-07-03
2026-07-03,GFA Consulting Group GmbH,IT / numerique,TCD,"892 434,00 EUR",Deutsche Gesellschaft für Internationale Zusammenarbeit (GIZ) GmbH,Germany-Eschborn: Systems and technical consultancy services,"72220000, 90712400",non,2023-10-20,637893-2023,https://ted.europa.eu/en/notice/637893-2023/html,oui,,,nouveau,2026-07-03
2026-07-03,(gagnant non publie),BTP / construction,SRB,,The Belgrade Land Development Public Agency (Beoland),Serbia-Belgrade: Wastewater treatment plant construction work,45252127,non,2023-10-23,640087-2023,https://ted.europa.eu/en/notice/640087-2023/html,verifier,,,nouveau,2026-07-03
2026-07-03,EVN Makedonija Elektrosnabduvanje,Energie / petrole-gaz,MKD,"40 000 000,00 MKD",JP Vodovod Ohrid,North Macedonia-Ohrid: Electricity,09310000,non,2023-10-24,644804-2023,https://ted.europa.eu/en/notice/644804-2023/html,oui,,,nouveau,2026-07-03
2026-07-03,(gagnant non publie),Energie / petrole-gaz,MKD,,JP Kolektorski sistem,North Macedonia-Ohrid: Electricity,09310000,non,2023-11-14,689913-2023,https://ted.europa.eu/en/notice/689913-2023/html,verifier,,,nouveau,2026-07-03
2026-07-03,KMG EOL KVAZAR DOOEL Skopje,Energie / petrole-gaz,MKD,"25 947 000,00 MKD",Municipality of Kochani,North Macedonia-Kochani: Solar energy,09330000,non,2023-11-17,700221-2023,https://ted.europa.eu/en/notice/700221-2023/html,oui,,,nouveau,2026-07-03
2026-07-03,ARTELIA National; ESPELIA SAS National,Ingenierie / etudes,DJI,"335 000,00 EUR",Agence Française de Développement,France-Paris: Technical assistance services,71356200,non,2023-11-20,702046-2023,https://ted.europa.eu/en/notice/702046-2023/html,oui,,,nouveau,2026-07-03
2026-07-03,ENCO (ENCONET Consulting Ges.m.b.H.),Ingenierie / etudes,"IDN, KHM, LAO, MMR, PHL","945 600,00 EUR","European Union, represented by the European Commission",Belgium-Brussels: Nuclear safety services,"71356300, 80531200, 80532000, 80550000, 98113100",non,2023-11-21,705240-2023,https://ted.europa.eu/en/notice/705240-2023/html,oui,,,nouveau,2026-07-03
2026-07-03,IRD Engineering S.r.l,Ingenierie / etudes,STP,"999 500,00 EUR",Instituto Nacional das Estradas (INAE),São Tomé and Príncipe-Sao Tomé: Highways consultancy services,71311210,non,2023-11-28,720999-2023,https://ted.europa.eu/en/notice/720999-2023/html,oui,,,nouveau,2026-07-03
2026-07-03,ESM Prodazba DOOEL Skopje,Energie / petrole-gaz,MKD,"20 000 000,00 MKD",Ministry of Finance of the Republic of North Macedonia,"North Macedonia-Skopje: Electricity, heating, solar and nuclear energy","09300000, 09310000",non,2023-12-01,730455-2023,https://ted.europa.eu/en/notice/730455-2023/html,oui,,,nouveau,2026-07-03
2026-07-03,DOOEL ESM proda\ba,Energie / petrole-gaz,MKD,"31 860 000,00 MKD",Clinical Hospital Dr.Trifun Panovski,North Macedonia-Bitola: Electricity,09310000,non,2023-12-04,733465-2023,https://ted.europa.eu/en/notice/733465-2023/html,oui,,,nouveau,2026-07-03
2026-07-03,NTU International A/S,Ingenierie / etudes,TJK,"9 810 000,00 EUR","European Union, represented by the European Commission",Tajikistan-Dushanbe: Technical assistance services,71356200,non,2023-12-05,735317-2023,https://ted.europa.eu/en/notice/735317-2023/html,oui,,,nouveau,2026-07-03
2026-07-03,(gagnant non publie),Energie / petrole-gaz,TGO,,Deutsche Gesellschaft für Internationale Zusammenarbeit (GIZ) GmbH,"Germany – Solar energy – 7 Solarplants for Togo (total: PV 66,4 kWp and Li-battery 60 kWh)",09330000,non,2023-12-07,742248-2023,https://ted.europa.eu/en/notice/742248-2023/html,verifier,,,nouveau,2026-07-03
2026-07-03,"Civil Engineering Institute ""Macedonia"" JSC Skopje National",Ingenierie / etudes,SRB,"540 000,00 EUR","""Western Balkans Investment Framework (WBIF) Infrastructure Project Facility – Technical Assistance 8 (IPF 8)"" consortium, represented by COWI A/S (hereinafter: COWI IPF)",Denmark-Kongens Lyngby: Geotechnical engineering services,71332000,non,2023-12-15,759920-2023,https://ted.europa.eu/en/notice/759920-2023/html,oui,,,nouveau,2026-07-03
2026-07-03,PEM Consult A/S National,Administration / defense,CIV,"3 974 154,00 DKK","Ministry of Foreign Affairs of Denmark, department for Evaluation, Learning and Quality (ELK)",Denmark-Copenhagen: Evaluation consultancy services,"75211200, 79419000",non,2023-12-15,760560-2023,https://ted.europa.eu/en/notice/760560-2023/html,oui,,,nouveau,2026-07-03
2026-07-03,(gagnant non publie),Administration / defense,MAR,,Deutsche Gesellschaft für Internationale Zusammenarbeit (GIZ) GmbH,Germany – Foreign economic-aid-related services – 81298660-Technical Support Facility to Companies for Job Creation,75211200,non,2023-12-19,768964-2023,https://ted.europa.eu/en/notice/768964-2023/html,verifier,,,nouveau,2026-07-03
2026-07-03,ESM Prodazba,Energie / petrole-gaz,MKD,"21 000 000,00 MKD",Health Insurance Fund of Macedonia,North Macedonia-Skopje: Electricity,09310000,non,2023-12-20,771506-2023,https://ted.europa.eu/en/notice/771506-2023/html,oui,,,nouveau,2026-07-03
2026-07-03,Ginger SOFRECO National,Ingenierie / etudes,MRT,"1 242 450,00 EUR","European Union, represented by the European Commission",Mauritania-Nouakchott: Supporting services for the government,"71356200, 75130000, 80530000, 98000000",non,2023-12-29,793563-2023,https://ted.europa.eu/en/notice/793563-2023/html,oui,,,nouveau,2026-07-03
2026-07-03,ESM PRODAZBA DOOEL Skopje,Energie / petrole-gaz,MKD,"24 000 000,00 MKD","Ministry of agriculture, forestry and water economy of The Republic of North Macedonia",North Macedonia-Skopje: Electricity,09310000,non,2024-01-02,1188-2024,https://ted.europa.eu/en/notice/1188-2024/html,oui,,,nouveau,2026-07-03
2026-07-03,Energy Delivery Solutions AD Skopje,Energie / petrole-gaz,MKD,"22 205 000,00 MKD",Agencyfor Electronic Communications,"North Macedonia-Skopje: Electricity, heating, solar and nuclear energy",09300000,non,2024-01-03,2717-2024,https://ted.europa.eu/en/notice/2717-2024/html,oui,,,nouveau,2026-07-03
2026-07-03,(gagnant non publie),Administration / defense,UGA,,Deutsche Gesellschaft für Internationale Zusammenarbeit (GIZ) GmbH,Germany – Foreign economic-aid-related services – 81297709-Enhancing the capacities to access credit and financial services from financial institutions for small-scale farmers,"75211200, 66600000, 79400000",non,2024-01-05,7718-2024,https://ted.europa.eu/en/notice/7718-2024/html,verifier,,,nouveau,2026-07-03
2026-07-03,(gagnant non publie),Conseil / services aux entreprises,TUN,,Deutsche Gesellschaft für Internationale Zusammenarbeit (GIZ) GmbH,Germany – Business and management consultancy and related services – 81296501-Accompagnement des entreprises pour la maitrise de la démarche d'exportation vers l'UE,"79400000, 75211200",non,2024-01-05,8334-2024,https://ted.europa.eu/en/notice/8334-2024/html,verifier,,,nouveau,2026-07-03
2026-07-03,AGRECO G.E.I.E; MDF TRAINING & CONSULTANCIES B.V,Environnement / traitement,GAB,"1 903 000,00 EUR","European Union, represented by the European Commission",Gabon-Libreville: Environmental issues consultancy services,90713000,non,2024-01-08,9172-2024,https://ted.europa.eu/en/notice/9172-2024/html,oui,,,nouveau,2026-07-03
2026-07-03,(gagnant non publie),Conseil / services aux entreprises,CIV,"382 953,00 EUR",Deutsche Gesellschaft für Internationale Zusammenarbeit (GIZ) GmbH,"Germany – Business development consultancy services – 81298137-Development of tools, instruments and project concepts to leverage climate finance to scale up renewables and energy efficiency in Côte d'Ivoire","79411100, 71313000, 75211200, 90713000",non,2024-01-09,13113-2024,https://ted.europa.eu/en/notice/13113-2024/html,verifier,,,nouveau,2026-07-03
2026-07-03,(gagnant non publie),Conseil / services aux entreprises,MAR,,Deutsche Gesellschaft für Internationale Zusammenarbeit (GIZ) GmbH,"Germany – Business services: law, marketing, consulting, recruitment, printing and security – Qualification support for job creation","79000000, 71241000, 73220000, 75211200, 79411100",non,2024-01-16,29516-2024,https://ted.europa.eu/en/notice/29516-2024/html,verifier,,,nouveau,2026-07-03
2026-07-03,ENVIROPLAN MELETHTIKH-SYMBOYLOIANAPTYKSIAKON & ΤΕΧΝΙΚΟΝ ERGON SOCIETE ANONYME National; WEGLOBAL S.R.L National,Environnement / traitement,MKD,"1 750 000,00 EUR","Ministry of Finance, Central Financing and Contracting Department (CFCD)",North Macedonia-Skopje: Environmental institution building or planning,90712500,non,2024-01-17,31273-2024,https://ted.europa.eu/en/notice/31273-2024/html,oui,,,nouveau,2026-07-03
2026-07-03,(gagnant non publie),Ingenierie / etudes,MKD,,"Ministry of Finance, Central Financing and Contracting Department (CFCD)",North Macedonia-Skopje: Transport systems consultancy services,"60000000, 71311200",non,2024-01-17,31421-2024,https://ted.europa.eu/en/notice/31421-2024/html,verifier,,,nouveau,2026-07-03
2026-07-03,ESM SALES DOOEL Skopje 36392-2024 Page 3/3 VI.5. VI.4.1. VI.4. VI.3. V.2.5. V.2.4,Energie / petrole-gaz,MKD,"400 000 000,00 EUR",Municipality of Bitola,North Macedonia-Bitola: Electricity,09310000,non,2024-01-19,36392-2024,https://ted.europa.eu/en/notice/36392-2024/html,oui,,,nouveau,2026-07-03
2026-07-03,GOPA Worldwide Consultants GmbH,Conseil / services aux entreprises,MUS,"1 174 780,00 EUR","European Union, represented by the European Commission",Mauritius-Port Louis: Environmental issues consultancy services,"79412000, 79951000, 85000000, 90713000",non,2024-01-19,37435-2024,https://ted.europa.eu/en/notice/37435-2024/html,oui,,,nouveau,2026-07-03
2026-07-03,(gagnant non publie),Energie / petrole-gaz,SEN,,Deutsche Gesellschaft für Internationale Zusammenarbeit (GIZ) GmbH,Germany – Solar energy – 4 Solarplants for Senegal (total: PV 125 kWp and battery 300 kWh),09330000,non,2024-01-19,38708-2024,https://ted.europa.eu/en/notice/38708-2024/html,verifier,,,nouveau,2026-07-03
2026-07-03,(gagnant non publie),Energie / petrole-gaz,TGO,,Deutsche Gesellschaft für Internationale Zusammenarbeit (GIZ) GmbH,Germany – Solar energy – Extension Solar Minigrid from 100 kWp to 220 kWp for Togo,09330000,non,2024-01-22,41915-2024,https://ted.europa.eu/en/notice/41915-2024/html,verifier,,,nouveau,2026-07-03
2026-07-03,AYESA INGENIERÍA Y ARQUITECTURA S.A.U,Ingenierie / etudes,ECU,"1 856 915,44 USD",Gobierno Autónomo Descentralizado Municipal del Cantón Portoviejo – Programa de Agua Potable y Alcantarillado del Cantón Portoviejo,Ecuador-Portoviejo: Construction supervision services,71520000,non,2024-02-02,68322-2024,https://ted.europa.eu/en/notice/68322-2024/html,oui,,,nouveau,2026-07-03
2026-07-03,evaplan GmbH,Sante,TZA,"1 797 282,05 EUR",Deutsche Gesellschaft für Internationale Zusammenarbeit (GIZ) GmbH,"Germany – Counselling services – 81297043 VB-Capacity Development for EmONC, Newborn Health and Family Planning in Tanzania","85312320, 71317210, 85111320, 85112000",non,2024-02-06,76823-2024,https://ted.europa.eu/en/notice/76823-2024/html,oui,,,nouveau,2026-07-03
2026-07-03,(gagnant non publie),Ingenierie / etudes,KEN,,Kenya National Highways Authority (keNHA),Kenya-Nairobi: Construction supervision services,71520000,non,2024-02-12,86931-2024,https://ted.europa.eu/en/notice/86931-2024/html,verifier,,,nouveau,2026-07-03
2026-07-03,NIRAS IC Sp. z.o.o. National; EFTAS Fernerkundung Technologietransfer GmbH National; Macedonian Ecological Society National; NIRAS A/S(capacity provider) National; The Royal Society for the Protection of Birds(capacity provider) National; MME/BirdLife Hungary(capacity provider) National; Društvo za opazovanje in proučevanje ptic Slovenije (DOPPS-birdlife Slovenia) (capacity provider) National,Environnement / traitement,MKD,"2 214 100,00 EUR","Ministry of Finance, Central Financing and Contracting Department (CFCD)",North Macedonia-Skopje: Environmental issues consultancy services,90713000,non,2024-02-12,86934-2024,https://ted.europa.eu/en/notice/86934-2024/html,oui,,,nouveau,2026-07-03
2026-07-03,AETS - Application Européenne de Technologies et de Services,Ingenierie / etudes,TUN,"488 200,00 EUR",Deutsche Gesellschaft für Internationale Zusammenarbeit (GIZ) GmbH,Germany – Energy and related services – 81298287-Support the renewal of the Tunisian national SCADA/Energy Management System (EMS),"71314000, 65400000",non,2024-02-14,92957-2024,https://ted.europa.eu/en/notice/92957-2024/html,oui,,,nouveau,2026-07-03
2026-07-03,GOPA Worldwide Consultants GmbH,Environnement / traitement,MUS,"1 174 780,00 EUR","European Union, represented by the European Commission",Mauritius-Port Louis: Environmental issues consultancy services,90713000,non,2024-02-16,97828-2024,https://ted.europa.eu/en/notice/97828-2024/html,oui,,,nouveau,2026-07-03
2026-07-03,(gagnant non publie),Environnement / traitement,KEN,,Deutsche Gesellschaft für Internationale Zusammenarbeit (GIZ) GmbH,"Germany – Marine conservation strategy planning – 81300460-Fachexpertise, Beratung, Trainings zur nachhaltigen Nutzung und Schutz von Meeres- und Küstenregionen (Kenia, Tansania)","90712300, 75211200, 80400000, 79411000",non,2024-02-22,110110-2024,https://ted.europa.eu/en/notice/110110-2024/html,verifier,,,nouveau,2026-07-03
2026-07-03,NIRAS IC Sp. z.o.o. National; EFTAS Fernerkundung Technologietransfer GmbH National; Macedonian Ecological Society National; NIRAS A/S(capacity provider) National; The Royal Society for the Protection of Birds(capacity provider) National; MME/BirdLife Hungary(capacity provider) National; Društvo za opazovanje in proučevanje ptic Slovenije (DOPPS-birdlife Slovenia) (capacity provider) National,Environnement / traitement,MKD,"2 214 100,00 EUR","Ministry of Finance, Central Financing and Contracting Department (CFCD)",North Macedonia-Skopje: Environmental issues consultancy services,90713000,non,2024-02-23,112387-2024,https://ted.europa.eu/en/notice/112387-2024/html,oui,,,nouveau,2026-07-03
2026-07-03,INSTITUT MIHAJLO PUPIN DOO BEOGRAD; BITINFO IFC d.o.o,Ingenierie / etudes,SRB,"4 387 760,00 EUR","Ministry of Construction, Transport and Infrastructure",Serbia-Belgrade: Hydrometeorology services,71351612,non,2024-02-28,121022-2024,https://ted.europa.eu/en/notice/121022-2024/html,oui,,,nouveau,2026-07-03
2026-07-03,"WEglobal S.R.L National; Tècnica y Proyectos, S.A. (TYPSA) National; AGRER S.A.-N.V. National; WEglobal Danișmanlik A.Ș. (WEglobal TR) National",Ingenierie / etudes,MKD,"1 360 000,00 EUR","Ministry of Finance, Central Financing and Contracting Department (CFCD)",North Macedonia-Skopje: Climatology services,"71351611, 75111200, 90700000",non,2024-03-08,141719-2024,https://ted.europa.eu/en/notice/141719-2024/html,oui,,,nouveau,2026-07-03
2026-07-03,(gagnant non publie),Environnement / traitement,RWA,,Deutsche Gesellschaft für Internationale Zusammenarbeit (GIZ) GmbH,Germany – Natural resources management or conservation strategy planning services – 81299951-Set-up a mediation institutional strategy for the International Conference for the Great Lakes Region (ICGLR),"90712400, 75211200",non,2024-03-13,152830-2024,https://ted.europa.eu/en/notice/152830-2024/html,verifier,,,nouveau,2026-07-03
2026-07-03,(gagnant non publie),Ingenierie / etudes,MKD,,Ministry of Finance - Central Financing and Contracting Department (CFCD),North Macedonia-Skopje: Construction supervision services,71520000,non,2024-03-15,156820-2024,https://ted.europa.eu/en/notice/156820-2024/html,verifier,,,nouveau,2026-07-03
2026-07-03,(gagnant non publie),Administration / defense,MAR,,Deutsche Gesellschaft für Internationale Zusammenarbeit (GIZ) GmbH,"Germany – Foreign economic-aid-related services – 81301558-Accompagnement de 8 Communes dans l""augmentation des recettes au Maro","75211200, 79000000",non,2024-03-22,175071-2024,https://ted.europa.eu/en/notice/175071-2024/html,verifier,,,nouveau,2026-07-03
2026-07-03,(gagnant non publie),Energie / petrole-gaz,MKD,"805 853,00 EUR",University clinic of gynecology and obstetrics,North Macedonia – Electricity – ELECTRICITY,09310000,non,2024-03-26,179392-2024,https://ted.europa.eu/en/notice/179392-2024/html,verifier,,,nouveau,2026-07-03
2026-07-03,Aqualogus Lda,Ingenierie / etudes,STP,"978 620,00 EUR",European Investment Bank,Luxembourg-Luxembourg: Support to the company Empresa de Água e Electricidade (EMAE) for implementation of the water supply project in the city of São Tomé,"71356200, 71800000",non,2024-03-29,188386-2024,https://ted.europa.eu/en/notice/188386-2024/html,oui,,,nouveau,2026-07-03
2026-07-03,(gagnant non publie),Administration / defense,ECU,,Deutsche Gesellschaft für Internationale Zusammenarbeit (GIZ) GmbH,Germany – Foreign economic-aid-related services – 81297952a-Consulting on capacity building of banks and municipalities for financing sustainable urban infrastructure projects,"75211200, 71410000, 79400000",non,2024-03-29,189659-2024,https://ted.europa.eu/en/notice/189659-2024/html,verifier,,,nouveau,2026-07-03
2026-07-03,(gagnant non publie),Ingenierie / etudes,BIH,,Egis International,France – Geotechnical engineering services – Geotechnical Investigations for Main Design (G21 mission),71332000,non,2024-04-04,197294-2024,https://ted.europa.eu/en/notice/197294-2024/html,verifier,,,nouveau,2026-07-03
2026-07-03,(gagnant non publie),Ingenierie / etudes,AGO,,The National Directorate for Water under the Ministry of Energy and Water of Angola,"Angola – Construction supervision services – Design Checking and Supervision of Construction of Water Distribution Network, Household Connections, Reservoirs, Water Mains and Infrastructure Refurbishment in Dundo WSS (Lunda Norte PWSU)",71520000,non,2024-04-05,200565-2024,https://ted.europa.eu/en/notice/200565-2024/html,verifier,,,nouveau,2026-07-03
2026-07-03,(gagnant non publie),Ingenierie / etudes,AGO,,The National Directorate for Water under the Ministry of Energy and Water of Angola,Angola-Luanda: Construction supervision services,71520000,non,2024-04-09,206341-2024,https://ted.europa.eu/en/notice/206341-2024/html,verifier,,,nouveau,2026-07-03
2026-07-03,(gagnant non publie),Ingenierie / etudes,ZMB,,Road Development Agency,Zambia-Lusaka: Engineering design services for the construction of civil engineering works,71322000,non,2024-04-10,209381-2024,https://ted.europa.eu/en/notice/209381-2024/html,verifier,,,nouveau,2026-07-03
2026-07-03,(gagnant non publie),Energie / petrole-gaz,MKD,,University “Goce Delcev” – Stip,North Macedonia – Electricity – Electricity supply (active power),09310000,non,2024-04-10,212418-2024,https://ted.europa.eu/en/notice/212418-2024/html,verifier,,,nouveau,2026-07-03
2026-07-03,(gagnant non publie),Administration / defense,KEN,,ministry of Foreign Affairs,Netherlands – Foreign economic-aid-related services – BZ - EA Think-and-Do-Tank in support of Accelerating Resilience Building in ASALs of Kenya,"75211200, 75211000",non,2024-05-10,274493-2024,https://ted.europa.eu/en/notice/274493-2024/html,verifier,,,nouveau,2026-07-03
2026-07-03,(gagnant non publie),BTP / construction,SRB,,"Government of the Republic of Serbia Ministry of finance, Department for Contracting and Financing of EU Funded Programme",Serbia-Belgrade: Waste-treatment plant construction work,"45222100, 45232400, 45232431, 45252127",non,2024-05-15,284671-2024,https://ted.europa.eu/en/notice/284671-2024/html,verifier,,,nouveau,2026-07-03
2026-07-03,(gagnant non publie),Ingenierie / etudes,SRB,,"Ministry of Finance, Government of the Republic of Serbia Department for Contracting and Financing of EU Funded Programmes (CFCU)",Serbia-Belgrade: Construction-site supervision services,71521000,non,2024-05-17,291165-2024,https://ted.europa.eu/en/notice/291165-2024/html,verifier,,,nouveau,2026-07-03
2026-07-03,(gagnant non publie),Environnement / traitement,BIH,,"European Union, represented by the European Commission",Bosnia and Herzegovina-Sarajevo: Environmental management,"90700000, 90710000, 90722200",non,2024-05-21,294343-2024,https://ted.europa.eu/en/notice/294343-2024/html,verifier,,,nouveau,2026-07-03
2026-07-03,(gagnant non publie),Ingenierie / etudes,LBR,,"National Authorizing Office, Government of Liberia",Liberia-Monrovia: Construction supervision services,71520000,non,2024-05-22,297742-2024,https://ted.europa.eu/en/notice/297742-2024/html,verifier,,,nouveau,2026-07-03
2026-07-03,(gagnant non publie),Environnement / traitement,BIH,,"European Union, represented by the European Commission, on behalf of and for the account of Bosnia and Herzegovina",Bosnia and Herzegovina-Sarajevo: Environmental information systems,"90710000, 90714100",non,2024-05-24,305602-2024,https://ted.europa.eu/en/notice/305602-2024/html,verifier,,,nouveau,2026-07-03
2026-07-03,(gagnant non publie),BTP / construction,SRB,,"Government of the Republic of Serbia, Ministry of Finance, Department for Contracting and Financing of EU Funded Programmes (CFCU)",Serbia-Belgrade: Waste-treatment plant construction work,"45222100, 45231300, 45252127",non,2024-05-24,305620-2024,https://ted.europa.eu/en/notice/305620-2024/html,verifier,,,nouveau,2026-07-03
2026-07-03,(gagnant non publie),Ingenierie / etudes,SRB,,"Government of Serbia, Ministry of Finance, Department for Contracting and Financing of EU funded programmes (CFCU)",Serbia-Belgrade: Technical assistance services,71356200,non,2024-05-29,315134-2024,https://ted.europa.eu/en/notice/315134-2024/html,verifier,,,nouveau,2026-07-03
2026-07-03,(gagnant non publie),Ingenierie / etudes,"CIV, ECU, KEN, UGA",,European Investment Bank,"Luxembourg-Luxembourg: Demand Side Management, Social Infrastructures and Renewable Energy Expansion (Desiree) – Mobilisation of External Strategic Technical Assistance (MESTA)",71356200,non,2024-06-03,324181-2024,https://ted.europa.eu/en/notice/324181-2024/html,verifier,,,nouveau,2026-07-03
2026-07-03,(gagnant non publie),Energie / petrole-gaz,MKD,,Public Enterprise for Railway Infrastructure Railways of Republic of Norh Macedonia-Skopje,"North Macedonia – Electricity, heating, solar and nuclear energy – electric energy",09300000,non,2024-06-03,325413-2024,https://ted.europa.eu/en/notice/325413-2024/html,verifier,,,nouveau,2026-07-03
2026-07-03,(gagnant non publie),Ingenierie / etudes,PRY,,"European Union, represented by the European Commission",Paraguay-Asuncion: Technical assistance services,"71356200, 77200000, 90720000",non,2024-06-10,339253-2024,https://ted.europa.eu/en/notice/339253-2024/html,verifier,,,nouveau,2026-07-03
2026-07-03,(gagnant non publie),Ingenierie / etudes,MKD,,Ministry of Finance - Central Financing and Contracting Department (CFCD),North Macedonia-Skopje: Legislative services,"71313440, 75111200, 90700000, 90711400",non,2024-06-10,339259-2024,https://ted.europa.eu/en/notice/339259-2024/html,verifier,,,nouveau,2026-07-03
2026-07-03,(gagnant non publie),Ingenierie / etudes,SRB,,"Ministry of Finance, Government of the Republic of Serbia Department for Contracting and Financing of EU Funded Programmes (CFCU)",Serbia-Belgrade: Environmental engineering consultancy services,71313000,non,2024-06-11,342403-2024,https://ted.europa.eu/en/notice/342403-2024/html,verifier,,,nouveau,2026-07-03
2026-07-03,(gagnant non publie),Ingenierie / etudes,SRB,,"Government of Serbia, Ministry of Finance, Department for Contracting and Financing of EU Funded Programmes",Serbia-Belgrade: Construction supervision services,71520000,non,2024-06-14,351411-2024,https://ted.europa.eu/en/notice/351411-2024/html,verifier,,,nouveau,2026-07-03
2026-07-03,(gagnant non publie),Ingenierie / etudes,MKD,,Ministry of Finance - Central Financing and Contracting Department (CFCD),North Macedonia-Skopje: Construction supervision services,71520000,non,2024-06-17,354703-2024,https://ted.europa.eu/en/notice/354703-2024/html,verifier,,,nouveau,2026-07-03
2026-07-03,(gagnant non publie),Environnement / traitement,MKD,,Ministry of Finance - Central Financing and Contracting Department (CFCD),North Macedonia-Skopje: Consulting services for water-supply and waste-water other than for construction,"90713100, 90714400",non,2024-06-17,354706-2024,https://ted.europa.eu/en/notice/354706-2024/html,verifier,,,nouveau,2026-07-03
2026-07-03,(gagnant non publie),Conseil / services aux entreprises,MKD,,"Government of North Macedonia, Ministry of Finance, Central Financing and Contracting Department (CFCD)",North Macedonia-Skopje: Environmental planning,"79723000, 90712000, 90713000",non,2024-06-21,367407-2024,https://ted.europa.eu/en/notice/367407-2024/html,verifier,,,nouveau,2026-07-03
2026-07-03,(gagnant non publie),Energie / petrole-gaz,MKD,,P.U. VODOVOD Kumanovo,North Macedonia – Electricity – Electric energy,09310000,non,2024-07-11,416293-2024,https://ted.europa.eu/en/notice/416293-2024/html,verifier,,,nouveau,2026-07-03
2026-07-03,(gagnant non publie),Ingenierie / etudes,MWI,,Southern Region Water Board,Malawi – Construction supervision services – Construction Supervision for water Supply Improvement to Liwonde and Bakala Towns and Hydropower Plant in Zomba City,"71520000, 71311000",non,2024-07-12,418153-2024,https://ted.europa.eu/en/notice/418153-2024/html,verifier,,,nouveau,2026-07-03
2026-07-03,(gagnant non publie),Ingenierie / etudes,MAR,,Deutsche Gesellschaft für Internationale Zusammenarbeit (GIZ) GmbH,Germany – Consultative engineering and construction services – 81303447-Implementing Energy Efficiency during refurbishment of non-residential buildings in Morocco,"71310000, 71210000, 71241000, 71300000, 71313000, 71314300, 71315200, 71530000",non,2024-07-30,456394-2024,https://ted.europa.eu/en/notice/456394-2024/html,verifier,,,nouveau,2026-07-03
2026-07-03,(gagnant non publie),Environnement / traitement,COL,,Deutsche Gesellschaft für Internationale Zusammenarbeit (GIZ) GmbH,Germany – Forest conservation strategy planning – 81301900-Stärkung von Kooperativen und Wertschöpfungsketten für Produkte aus nachhaltiger Waldwirtschaft in Kolumbien,90712200,non,2024-07-30,457052-2024,https://ted.europa.eu/en/notice/457052-2024/html,verifier,,,nouveau,2026-07-03
2026-07-03,(gagnant non publie),Ingenierie / etudes,SRB,,"Ministry of Construction, Transport and Infrastructure","Serbia – Engineering services – Data collection, hydraulic and morphological modelling of the Danube and Sava rivers in the Republic of Serbia",71300000,non,2024-08-07,475879-2024,https://ted.europa.eu/en/notice/475879-2024/html,verifier,,,nouveau,2026-07-03
2026-07-03,(gagnant non publie),Administration / defense,ECU,,Deutsche Gesellschaft für Internationale Zusammenarbeit (GIZ) GmbH,"Germany – Foreign economic-aid-related services – 81306518-Development of instruments for the improvement of transparency, integrity and public services in Ecuador","75211200, 72220000, 80400000",non,2024-08-12,485241-2024,https://ted.europa.eu/en/notice/485241-2024/html,verifier,,,nouveau,2026-07-03
2026-07-03,(gagnant non publie),Environnement / traitement,BOL,,Deutsche Gesellschaft für Internationale Zusammenarbeit (GIZ) GmbH,Germany – Environmental management – 81304452-Consultingleistung zur Stärkung nationaler und lokaler Akteure der Abfall- und Kreislaufwirtschaft,90710000,non,2024-08-14,490635-2024,https://ted.europa.eu/en/notice/490635-2024/html,verifier,,,nouveau,2026-07-03
2026-07-03,(gagnant non publie),Ingenierie / etudes,BIH,,Public Company Motorways of the Federation of Bosnia and Herzegovina Ltd. Mostar,"Bosnia and Herzegovina – Highways consultancy services – Consultancy services for Supervision of works on Construction of Motorway on Corridor Vc, section Medakovo – Poprikuše, subsection Ozimice – Poprikuše",71311210,non,2024-09-12,547472-2024,https://ted.europa.eu/en/notice/547472-2024/html,verifier,,,nouveau,2026-07-03
2026-07-03,(gagnant non publie),Ingenierie / etudes,MWI,,European Investment Bank,Luxembourg – Technical assistance services – Technical Assistance for Implementation Support to the Southern Region Water Board for the Water Supply and Sanitation Programme,71356200,non,2024-09-18,560275-2024,https://ted.europa.eu/en/notice/560275-2024/html,verifier,,,nouveau,2026-07-03
2026-07-03,(gagnant non publie),Ingenierie / etudes,LSO,,Project Implementation Unit (PIU) for Lesotho Lowlands Water Development Project II on behalf of Ministry of Water,"Lesotho – Construction supervision services – The Project Promoter is the Ministry of Water, The Official",71520000,non,2024-09-20,565680-2024,https://ted.europa.eu/en/notice/565680-2024/html,verifier,,,nouveau,2026-07-03
2026-07-03,(gagnant non publie),Ingenierie / etudes,SRB,,"Ministry of Construction, Transport and Infrastructure","Serbia – Engineering services – Data collection, hydraulic and morphological modelling of the Danube and Sava rivers in the Republic of Serbia",71300000,non,2024-09-30,586832-2024,https://ted.europa.eu/en/notice/586832-2024/html,verifier,,,nouveau,2026-07-03
2026-07-03,(gagnant non publie),Mines / materiaux,MKD,,FOD DOOEL Novaci,North Macedonia – Metal ores and alloys – Rod material,14600000,non,2024-10-03,595470-2024,https://ted.europa.eu/en/notice/595470-2024/html,verifier,,,nouveau,2026-07-03
2026-07-03,(gagnant non publie),Conseil / services aux entreprises,UGA,,Deutsche Gesellschaft für Internationale Zusammenarbeit (GIZ) GmbH,Germany – Business development consultancy services – 81305897-Improving resilience of smallholder farms and competitiveness of Micro Small and Medium Enterprises in Northern Uganda,"79411100, 73220000, 77100000, 90713000",non,2024-10-09,606788-2024,https://ted.europa.eu/en/notice/606788-2024/html,verifier,,,nouveau,2026-07-03
2026-07-03,(gagnant non publie),Ingenierie / etudes,SEN,,Deutsche Gesellschaft für Internationale Zusammenarbeit (GIZ) GmbH,Germany – Energy and related services – 81306325-Assistance technique au Programme Energies Durables II (PED II) au Senegal,"71314000, 90700000, 90712400, 90713000",non,2024-10-09,607555-2024,https://ted.europa.eu/en/notice/607555-2024/html,verifier,,,nouveau,2026-07-03
2026-07-03,(gagnant non publie),Sante,TGO,,Deutsche Gesellschaft für Internationale Zusammenarbeit (GIZ) GmbH,"Germany – Miscellaneous health services – 81308235-Élaboration et mise en ?uvre d'un mécanisme de maintenance des régions sanitaires de Kara, Centrale et Savanes au Togo","85140000, 50400000, 71317210, 85100000",non,2024-10-10,610708-2024,https://ted.europa.eu/en/notice/610708-2024/html,verifier,,,nouveau,2026-07-03
2026-07-03,(gagnant non publie),Ingenierie / etudes,IDN,,TenneT TSO GmbH,Germany – Engineering services – Framework Agreement - Service Agent(s) (Asia/Middle East),"71300000, 79400000, 79900000",non,2024-10-17,629968-2024,https://ted.europa.eu/en/notice/629968-2024/html,verifier,,,nouveau,2026-07-03
2026-07-03,(gagnant non publie),Ingenierie / etudes,DZA,,Deutsche Gesellschaft für Internationale Zusammenarbeit (GIZ) GmbH,Germany – Energy and related services – 81280719 - H2-diplo - Decarbonization Diplomacy,71314000,non,2024-10-18,631166-2024,https://ted.europa.eu/en/notice/631166-2024/html,verifier,,,nouveau,2026-07-03
2026-07-03,(gagnant non publie),Environnement / traitement,ZMB,,Deutsche Gesellschaft für Internationale Zusammenarbeit (GIZ) GmbH,Germany – Consulting services for water-supply and waste-water other than for construction – 81306763-Strengthening Institutions for Sustainable Water Supply and Sanitation Services in Zambia (SIWAS),"90713100, 71800000, 85312320, 90492000",non,2024-10-23,642676-2024,https://ted.europa.eu/en/notice/642676-2024/html,verifier,,,nouveau,2026-07-03
2026-07-03,(gagnant non publie),Energie / petrole-gaz,MKD,,Service for general and common affairs of the Government of the Republic of Macedonia Poštanska adresa: Plostad Presveta Bogorodica 3,North Macedonia – Electricity – Električna energija i povezane usluge,09310000,non,2024-11-05,670768-2024,https://ted.europa.eu/en/notice/670768-2024/html,verifier,,,nouveau,2026-07-03
2026-07-03,(gagnant non publie),Administration / defense,CHL,,Deutsche Gesellschaft für Internationale Zusammenarbeit (GIZ) GmbH,Germany – Foreign economic-aid-related services – 81309658-Structuring the Financing Line for a Renewable Hydrogen Project (RH2) in Chile,"75211200, 79411100",non,2024-11-05,671992-2024,https://ted.europa.eu/en/notice/671992-2024/html,verifier,,,nouveau,2026-07-03
2026-07-03,(gagnant non publie),Ingenierie / etudes,LAO,,Deutsche Gesellschaft für Internationale Zusammenarbeit (GIZ) GmbH,Germany – Forest monitoring or evaluation services – 81306982-Consultancy to track monitoring & evaluation and safeguards activities and operate and maintain the web-database,"77231500, 48612000, 71700000, 90711500",non,2024-11-06,675436-2024,https://ted.europa.eu/en/notice/675436-2024/html,verifier,,,nouveau,2026-07-03
2026-07-03,(gagnant non publie),Ingenierie / etudes,MKD,,"Government of North Macedonia, Ministry of Finance, CFCD",North Macedonia – Construction supervision services – Supervision of the construction of road section Gradsko-Interchange Drenovo as part of road Corridor X-d,71520000,non,2024-11-13,692048-2024,https://ted.europa.eu/en/notice/692048-2024/html,verifier,,,nouveau,2026-07-03
2026-07-03,(gagnant non publie),Conseil / services aux entreprises,BRA,,Deutsche Gesellschaft für Internationale Zusammenarbeit (GIZ) GmbH,"Germany – Business development consultancy services – 81307249-Technical consultancy service in the components of electric mobility for the project ""Sector Coupling and Green Economy in Brazil""","79411100, 75211200",non,2024-11-21,709622-2024,https://ted.europa.eu/en/notice/709622-2024/html,verifier,,,nouveau,2026-07-03
2026-07-03,(gagnant non publie),Energie / eau / utilities,AGO,,The National Directorate Water under the Ministry of Energy and Water of Angola,Angola – Operation of water supplies – Management and Operation Contract for Lunda Norte Public Water and Sanitation Utility,65130000,non,2024-11-22,712956-2024,https://ted.europa.eu/en/notice/712956-2024/html,verifier,,,nouveau,2026-07-03
2026-07-03,(gagnant non publie),Energie / eau / utilities,AGO,,The National Directorate Water under the Ministry of Energy and Water of Angola,Angola – Operation of water supplies – Management and Operation Contract for Namibe Public Water and Sanitation Utility,65130000,non,2024-11-22,714921-2024,https://ted.europa.eu/en/notice/714921-2024/html,verifier,,,nouveau,2026-07-03
2026-07-03,(gagnant non publie),Ingenierie / etudes,MAR,,Deutsche Gesellschaft für Internationale Zusammenarbeit (GIZ) GmbH,Germany – Environmental engineering consultancy services – 81306308-Soutien à une gestion circulaire de l'eau urbaine au Maroc,"71313000, 79411100, 90710000",non,2024-12-03,735531-2024,https://ted.europa.eu/en/notice/735531-2024/html,verifier,,,nouveau,2026-07-03
2026-07-03,(gagnant non publie),Sante,SLE,,Deutsche Gesellschaft für Internationale Zusammenarbeit (GIZ) GmbH,Germany – Miscellaneous health services – 81308819-Strengthen individual and institutional capacities of health sector service providers relating to EmONC in Sierra Leone,"85140000, 71317210, 85100000",non,2024-12-03,738583-2024,https://ted.europa.eu/en/notice/738583-2024/html,verifier,,,nouveau,2026-07-03
2026-07-03,(gagnant non publie),Energie / petrole-gaz,MKD,,Ministry of Finance,North Macedonia – Electricity – Electrical energy,09310000,non,2024-12-05,744935-2024,https://ted.europa.eu/en/notice/744935-2024/html,verifier,,,nouveau,2026-07-03
2026-07-03,(gagnant non publie),Conseil / services aux entreprises,KEN,,Ministry of Foreign Affairs of Denmark,Denmark – Evaluation consultancy services – Evaluation of Danish Health Sector Support to Kenya 2004-2024,"79419000, 75211200",non,2024-12-10,753802-2024,https://ted.europa.eu/en/notice/753802-2024/html,verifier,,,nouveau,2026-07-03
2026-07-03,(gagnant non publie),Ingenierie / etudes,BIH,,Znanstvenoraziskovalni center Slovenske akademije znanosti in umetnosti,"Slovenia – Geological, geophysical and other scientific prospecting services – Storitev aerolaserskega skeniranja (ALS) območja posebnega arheološkega zanimanja v jugovzhodni Bosni in Hercegovini",71351000,non,2024-12-10,754801-2024,https://ted.europa.eu/en/notice/754801-2024/html,verifier,,,nouveau,2026-07-03
2026-07-03,(gagnant non publie),Administration / defense,TUN,,"Federal Department of Economic Affairs, Education and Research EAER, State Secretariat for Economic Affairs SECO",Switzerland – Foreign economic-aid-related services – UR_00748-03 Destination Durable Tunisie,75211200,non,2024-12-16,768402-2024,https://ted.europa.eu/en/notice/768402-2024/html,verifier,,,nouveau,2026-07-03
2026-07-03,(gagnant non publie),Administration / defense,COG,,Deutsche Gesellschaft für Internationale Zusammenarbeit (GIZ) GmbH,Germany – Foreign economic-aid-related services – 81306806-Appui à la protection de la biodiversité et au développement durable du paysage TRIDOM en République du Congo,"75211200, 79400000, 98000000",non,2024-12-31,800040-2024,https://ted.europa.eu/en/notice/800040-2024/html,verifier,,,nouveau,2026-07-03
2026-07-03,(gagnant non publie),Ingenierie / etudes,SEN,,Société Nationale des Eaux du Sénégal (SONES),"Senegal – Supervision of building work – Recrutement d’un consultant pour le contrôle et la supervision des travaux de stations de traitement, d’équipement de forages, de château d’eau et conduite de distribution à Kaolack et Kolda : deux (02) missions séparées",71247000,non,2025-01-02,669-2025,https://ted.europa.eu/en/notice/669-2025/html,verifier,,,nouveau,2026-07-03
2026-07-03,(gagnant non publie),Administration / defense,SRB,,Deutsche Gesellschaft für Internationale Zusammenarbeit (GIZ) GmbH,Germany – Foreign economic-aid-related services – 81311251-Kapazitätsstärkung der serbischen Wirtschaftsorganisationen im Bereich Green Economy (Kreislaufwirtschaft),"75211200, 79411100",non,2025-01-03,3531-2025,https://ted.europa.eu/en/notice/3531-2025/html,verifier,,,nouveau,2026-07-03
2026-07-03,(gagnant non publie),Energie / petrole-gaz,MKD,,"Ministry of agriculture, forestry and water economy of The Republic of North Macedonia",North Macedonia – Electricity – Electrical Power,09310000,non,2025-01-03,3655-2025,https://ted.europa.eu/en/notice/3655-2025/html,verifier,,,nouveau,2026-07-03
2026-07-03,(gagnant non publie),Conseil / services aux entreprises,MRT,,Deutsche Gesellschaft für Internationale Zusammenarbeit (GIZ) GmbH,Germany – Business development consultancy services – 81310560-Projet pilote visant à quantifier et réduire l'usage de mercure dans les centres de traitement minier en Mauritanie,"79411100, 71313000, 90721000",non,2025-01-07,7487-2025,https://ted.europa.eu/en/notice/7487-2025/html,verifier,,,nouveau,2026-07-03
2026-07-03,(gagnant non publie),BTP / construction,ZMB,,Lusaka Water Supply and Sanitation Company Limited,"Zambia – Wastewater treatment plant construction work – Design and Construction of the Proposed New Ngwerere and Chunga Wastewater Treatment Plants in Lusaka, Zambia",45252127,non,2025-01-22,45922-2025,https://ted.europa.eu/en/notice/45922-2025/html,verifier,,,nouveau,2026-07-03
2026-07-03,(gagnant non publie),BTP / construction,ECU,,"EMPRESA PUBLICA MUNICIPAL DE TELECOMUNICACIONES, AGUA POTABLE, ALCANTARILLADO Y SANEAMIENTO DE CUENCA, ETAPA EP",Ecuador – Water-treatment plant construction work – CONSTRUCCIÓN Y PUESTA EN MARCHA DE LA PLANTA DE TRATAMIENTO DE AGUAS RESIDUALES GUANGARCUCHO,45252120,non,2025-01-27,56142-2025,https://ted.europa.eu/en/notice/56142-2025/html,verifier,,,nouveau,2026-07-03
2026-07-03,(gagnant non publie),Administration / defense,LAO,,Deutsche Gesellschaft für Internationale Zusammenarbeit (GIZ) GmbH,Germany – Foreign economic-aid-related services – 81310295-Capacity Building Support to Strengthen the Dual-Cooperative Training (DCT) in Lao PDR,"75211200, 79400000, 80400000",non,2025-01-30,63819-2025,https://ted.europa.eu/en/notice/63819-2025/html,verifier,,,nouveau,2026-07-03
2026-07-03,(gagnant non publie),Conseil / services aux entreprises,BOL,,Deutsche Gesellschaft für Internationale Zusammenarbeit (GIZ) GmbH,"Germany – Business and management consultancy and related services – 81308790-Desarrollo de capacidades, comunicación, monitoreo y evaluación para ProIgualdad en Bolivia","79400000, 75211200",non,2025-02-03,72336-2025,https://ted.europa.eu/en/notice/72336-2025/html,verifier,,,nouveau,2026-07-03
2026-07-03,(gagnant non publie),Ingenierie / etudes,LBN,,Deutsche Gesellschaft für Internationale Zusammenarbeit (GIZ) GmbH,Germany – Agricultural services – 81309881-Awareness raising and behaviour change activities related to food and nutrition security in Lebanon,"77100000, 71241000, 71313000, 79411100",non,2025-02-05,77495-2025,https://ted.europa.eu/en/notice/77495-2025/html,verifier,,,nouveau,2026-07-03
2026-07-03,(gagnant non publie),Conseil / services aux entreprises,ECU,,Deutsche Gesellschaft für Internationale Zusammenarbeit (GIZ) GmbH,Germany – Agricultural services – 81309964-Deforestation-free livestock farming and Green Finance in Ecuador,"77100000, 79411100, 90713000",non,2025-02-05,78982-2025,https://ted.europa.eu/en/notice/78982-2025/html,verifier,,,nouveau,2026-07-03
2026-07-03,(gagnant non publie),Energie / petrole-gaz,MKD,,Municipality of Valandovo,North Macedonia – Electricity – Electric energy for the needs of the Municipality of Valandovo,09310000,non,2025-02-07,84096-2025,https://ted.europa.eu/en/notice/84096-2025/html,verifier,,,nouveau,2026-07-03
2026-07-03,(gagnant non publie),Ingenierie / etudes,SRB,,Permanent Secretariat of the Transport Community,Serbia – Technical assistance services – Technical Assistance for setting up Western Balkans Electronic Register of Road Undertakings– Phase I,71356200,non,2025-02-11,92213-2025,https://ted.europa.eu/en/notice/92213-2025/html,verifier,,,nouveau,2026-07-03
2026-07-03,(gagnant non publie),Energie / petrole-gaz,MKD,,Agency for Real Estate Cadastre,North Macedonia – Electricity – Procurement of electricity,09310000,non,2025-02-17,105110-2025,https://ted.europa.eu/en/notice/105110-2025/html,verifier,,,nouveau,2026-07-03
2026-07-03,(gagnant non publie),Conseil / services aux entreprises,KEN,,Deutsche Gesellschaft für Internationale Zusammenarbeit (GIZ) GmbH,Germany – Business development consultancy services – 81310663-Consultancy services for the (TEI IYBA-SEED) programme for start-ups and MSMEs in Kenya,"79411100, 75211200, 79400000",non,2025-02-18,109810-2025,https://ted.europa.eu/en/notice/109810-2025/html,verifier,,,nouveau,2026-07-03
2026-07-03,(gagnant non publie),Ingenierie / etudes,MAR,,Deutsche Gesellschaft für Internationale Zusammenarbeit (GIZ) GmbH,Germany – Energy and related services – 81309514 - Programme for Energy Efficiency in Buildings (PEEB) - Kopie,71314000,non,2025-02-19,112157-2025,https://ted.europa.eu/en/notice/112157-2025/html,verifier,,,nouveau,2026-07-03
2026-07-03,(gagnant non publie),BTP / construction,MKD,,"Ministry of Finance, Central Financing and Contracting Department (CFCD)","North Macedonia – Railway construction works – Construction of new railway section from Kriva Palanka to the border with Republic of Bulgaria, as part of Corridor VIII","45234100, 71322000",non,2025-03-13,163544-2025,https://ted.europa.eu/en/notice/163544-2025/html,verifier,,,nouveau,2026-07-03
2026-07-03,(gagnant non publie),Ingenierie / etudes,STP,,EMAE – Empresa de Água e Electricidade,"São Tomé and Príncipe – Engineering design services – Provision of Consulting Services for the Preparation of the Detailed Design, the Environmental and Social Impact Study and the Supervision of the Works",71320000,non,2025-03-13,163805-2025,https://ted.europa.eu/en/notice/163805-2025/html,verifier,,,nouveau,2026-07-03
2026-07-03,(gagnant non publie),Conseil / services aux entreprises,PER,,Deutsche Gesellschaft für Internationale Zusammenarbeit (GIZ) GmbH,Germany – Business and management consultancy and related services – 81308477-Fortalecimiento de capacidades orientado a actores regionales en materia de inversiones y el desarrollo económico sostenible,"79400000, 75211200",non,2025-03-13,164964-2025,https://ted.europa.eu/en/notice/164964-2025/html,verifier,,,nouveau,2026-07-03
2026-07-03,(gagnant non publie),Administration / defense,"GHA, SEN",,Deutsche Gesellschaft für Internationale Zusammenarbeit (GIZ) GmbH,Germany – Foreign economic-aid-related services – 81311250-Koordination der Beteiligung der Arbeitgeberseite des Bausektors in die Konzeptentwicklung und Umsetzung des GSG GSP,"75211200, 79400000, 80400000",non,2025-03-13,165113-2025,https://ted.europa.eu/en/notice/165113-2025/html,verifier,,,nouveau,2026-07-03
2026-07-03,(gagnant non publie),Ingenierie / etudes,SLE,,Bundesamt für Auswärtige Angelegenheiten,Germany – Engineering services – FREE Planerleistung Sicherheitselemente,71300000,non,2025-03-18,174289-2025,https://ted.europa.eu/en/notice/174289-2025/html,verifier,,,nouveau,2026-07-03
2026-07-03,(gagnant non publie),Ingenierie / etudes,AGO,,The National Directorate Water under the Ministry of Energy and Water of Angola,Angola – Civil engineering consultancy services – Management and Operation Contract for Moxico Public Water and Sanitation Utility,"71311000, 71311100",non,2025-04-10,234128-2025,https://ted.europa.eu/en/notice/234128-2025/html,verifier,,,nouveau,2026-07-03
2026-07-03,(gagnant non publie),Mines / materiaux,MKD,,Commodity Reserves Agency,North Macedonia – Evaporated salt and pure sodium chloride – 03778/2025,14430000,non,2025-04-30,278317-2025,https://ted.europa.eu/en/notice/278317-2025/html,verifier,,,nouveau,2026-07-03
2026-07-03,(gagnant non publie),Energie / petrole-gaz,MKD,,University “Goce Delcev” – Stip,North Macedonia – Electricity – Electricity supply (active power),09310000,non,2025-05-06,290580-2025,https://ted.europa.eu/en/notice/290580-2025/html,verifier,,,nouveau,2026-07-03
2026-07-03,(gagnant non publie),Conseil / services aux entreprises,IDN,,Deutsche Gesellschaft für Internationale Zusammenarbeit (GIZ) GmbH,Germany – Business development consultancy services – 81312941-Technical support for the GIZ Energy Programme Indonesia/ASEAN,"79411100, 75211200",non,2025-05-08,295757-2025,https://ted.europa.eu/en/notice/295757-2025/html,verifier,,,nouveau,2026-07-03
2026-07-03,(gagnant non publie),Ingenierie / etudes,AGO,,National Directorate for Water under the Ministry of Energy and Water of Angola,"Angola – Civil engineering consultancy services – Design Checking and Supervision of Construction of Water Distribution Network, Household Connections, Reservoirs, Water Mains and Infrastructure Refurbishment in Dundo WSS (Lunda Norte PWSU)",71311000,non,2025-05-15,313379-2025,https://ted.europa.eu/en/notice/313379-2025/html,verifier,,,nouveau,2026-07-03
2026-07-03,(gagnant non publie),Ingenierie / etudes,MKD,,"Ministry of Finance, Central Financing and Contracting Department (CFCD)","North Macedonia – Urban planning services – Preparation of Sustainable URBAN MOBILITY PLAN (SUMP) for Skopje, including Action plan and guidelines","71410000, 71240000, 71311200",non,2025-05-15,313981-2025,https://ted.europa.eu/en/notice/313981-2025/html,verifier,,,nouveau,2026-07-03
2026-07-03,(gagnant non publie),Ingenierie / etudes,MKD,,"Government of North Macedonia, Central Financing and Contracting Department (CFCD)",North Macedonia – Construction supervision services – Supervision of Works Contracts for Establishment of Integrated and Self Sustainable Waste Management System in East and North-East Regions,"71520000, 71521000",non,2025-05-20,322892-2025,https://ted.europa.eu/en/notice/322892-2025/html,verifier,,,nouveau,2026-07-03
2026-07-03,(gagnant non publie),Energie / petrole-gaz,MKD,,Ss. Cyril and Methodius University Skopje - Rector’s office,North Macedonia – Electricity – Electricity market power supply for the needs of Ss. Cyril and Methodius University in Skopje (UKIM),09310000,non,2025-05-20,323282-2025,https://ted.europa.eu/en/notice/323282-2025/html,verifier,,,nouveau,2026-07-03
2026-07-03,(gagnant non publie),Ingenierie / etudes,TZA,,Health Service Executive (HSE),Ireland – Development consultancy services – Framework Agreement for the Provision of Healthcare Quality Advisors for HSE Global Health Programme,"73220000, 73210000, 71356300",non,2025-05-21,328383-2025,https://ted.europa.eu/en/notice/328383-2025/html,verifier,,,nouveau,2026-07-03
2026-07-03,(gagnant non publie),BTP / construction,MKD,,"Ministry of Finance, Central Financing and Contracting Department (CFCD)",North Macedonia – Sewerage work – Construction of WWTP and Extension of the Sewerage Network in the Municipality of Tetovo,"45232410, 45252100, 45232421, 90420000",non,2025-05-23,332381-2025,https://ted.europa.eu/en/notice/332381-2025/html,verifier,,,nouveau,2026-07-03
2026-07-03,(gagnant non publie),Ingenierie / etudes,BIH,,PC Motorways of the Federation of Bosnia and Herzegovina Ltd Mostar,"Bosnia and Herzegovina – Highways consultancy services – Supervision of construction of motorway on Corridor Vc, subsection Ozimice-Poprikuše",71311210,non,2025-05-28,343352-2025,https://ted.europa.eu/en/notice/343352-2025/html,verifier,,,nouveau,2026-07-03
2026-07-03,(gagnant non publie),Administration / defense,MRT,,Deutsche Gesellschaft für Internationale Zusammenarbeit (GIZ) GmbH,"Germany – Foreign economic-aid-related services – Business Membership Organizations (BMOs) development, support, and involvement for better VET in Mauritania","75211200, 80530000",non,2025-06-03,356399-2025,https://ted.europa.eu/en/notice/356399-2025/html,verifier,,,nouveau,2026-07-03
2026-07-03,(gagnant non publie),Ingenierie / etudes,MKD,,Ministry of Finance-Central Financing and Contracting Department (CFCD),North Macedonia – Construction supervision services – Supervision of the Works Contract for Connection of Vinica to WWTP Kocani Including Partial Rehabilitation and Extension of Sewerage and Stormwater Systems in the Municipality of Vinica,"71520000, 71521000",non,2025-06-11,373664-2025,https://ted.europa.eu/en/notice/373664-2025/html,verifier,,,nouveau,2026-07-03
2026-07-03,(gagnant non publie),Ingenierie / etudes,SRB,,Public Enterprise Roads of Serbia,Serbia – Construction supervision services – Supervision of Rehabilitation Works including Environmental and Social Safeguard Monitoring on Additional EIB Sections under RRSP,71520000,non,2025-06-12,380611-2025,https://ted.europa.eu/en/notice/380611-2025/html,verifier,,,nouveau,2026-07-03
2026-07-03,(gagnant non publie),Conseil / services aux entreprises,TZA,,Deutsche Gesellschaft für Internationale Zusammenarbeit (GIZ) GmbH,Germany – Business development consultancy services – 81311381-Consulting services for supporting Public Financial Management Reform in Tanzania,"79411100, 66171000, 75211200, 79411000",non,2025-06-17,389108-2025,https://ted.europa.eu/en/notice/389108-2025/html,verifier,,,nouveau,2026-07-03
2026-07-03,(gagnant non publie),Conseil / services aux entreprises,UGA,,Deutsche Gesellschaft für Internationale Zusammenarbeit (GIZ) GmbH,"Germany – Business development consultancy services – 81311068-Climate Finance Project Development Experts to Support Uganda's Ministry of Finance, Planning, and Economic Development","79411100, 66171000, 71313000, 75211200",non,2025-06-24,402583-2025,https://ted.europa.eu/en/notice/402583-2025/html,verifier,,,nouveau,2026-07-03
2026-07-03,(gagnant non publie),Ingenierie / etudes,BOL,,Deutsche Gesellschaft für Internationale Zusammenarbeit (GIZ) GmbH,Germany – Energy and related services – 81311593-Technische Unterstützung für ProTransición in Bolivien (Umsetzung der Outputs 3 und 4),"71314000, 71313000, 71314300",non,2025-06-25,409311-2025,https://ted.europa.eu/en/notice/409311-2025/html,verifier,,,nouveau,2026-07-03
2026-07-03,(gagnant non publie),Energie / petrole-gaz,MKD,,Public Enterprise for Railway Infrastructure Railways of Republic of Norh Macedonia-Skopje,"North Macedonia – Electricity, heating, solar and nuclear energy – Electric energy",09300000,non,2025-07-07,439575-2025,https://ted.europa.eu/en/notice/439575-2025/html,verifier,,,nouveau,2026-07-03
2026-07-03,(gagnant non publie),BTP / construction,MKD,,Ministry of Finance - Central Financing and Contracting Department (CFCD),North Macedonia – Waste disposal site construction work – Establishing Integrated and Self-sustanable Regional Waste Managment System in East and Northeast Regions,"45222110, 45253800, 90513000",non,2025-07-21,473155-2025,https://ted.europa.eu/en/notice/473155-2025/html,verifier,,,nouveau,2026-07-03
2026-07-03,(gagnant non publie),BTP / construction,MKD,,Ministry of Finance - Central Financing and Contracting Department (CFCD),North Macedonia – Waste disposal site construction work – Establishing Integrated and Self-sustanable Regional Waste Managment System in East and Northeast Regions,"45222110, 45253800, 90513000",non,2025-07-21,475526-2025,https://ted.europa.eu/en/notice/475526-2025/html,verifier,,,nouveau,2026-07-03
2026-07-03,(gagnant non publie),Energie / petrole-gaz,MKD,,Ss. Cyril and Methodius University Skopje - Rector’s office,North Macedonia – Electricity – Electricity market power supply for the needs of Ss. Cyril and Methodius University in Skopje (UKIM) - 2 time,09310000,non,2025-07-25,487362-2025,https://ted.europa.eu/en/notice/487362-2025/html,verifier,,,nouveau,2026-07-03
2026-07-03,(gagnant non publie),Energie / petrole-gaz,MKD,,Service for General and Common Affairs of the Government of the Republic of North Macedonia,North Macedonia – Electricity – Electricity and related services,09310000,non,2025-07-31,502463-2025,https://ted.europa.eu/en/notice/502463-2025/html,verifier,,,nouveau,2026-07-03
2026-07-03,(gagnant non publie),Ingenierie / etudes,ISR,,Bundesamt für Auswärtige Angelegenheiten,Germany – Engineering services – TEL AVIV Generalplaner Ertüchtigung TGA,71300000,non,2025-08-05,510717-2025,https://ted.europa.eu/en/notice/510717-2025/html,verifier,,,nouveau,2026-07-03
2026-07-03,(gagnant non publie),Ingenierie / etudes,MKD,,"Government of North Macedonia, Ministry of Finance, Central Financing and Contracting Department (CFCD)",North Macedonia – Construction supervision services – Supervision of the works contracts for Construction of WWTP and Rehabilitation and Upgrading of the Sewerage Network in the Municipality of Bitola,"71520000, 71521000",non,2025-08-07,517299-2025,https://ted.europa.eu/en/notice/517299-2025/html,verifier,,,nouveau,2026-07-03
2026-07-03,(gagnant non publie),Ingenierie / etudes,SRB,,Permanent Secretariat of the Transport Community,"Serbia – Technical assistance services – Framework Contract for supporting Georgia, the Republic of Moldova, and Ukraine in carrying out policy and regulatory reforms in line with the priorities established in the Transport Community Treaty","71356200, 73220000, 75130000, 79411000",non,2025-08-08,520850-2025,https://ted.europa.eu/en/notice/520850-2025/html,verifier,,,nouveau,2026-07-03
2026-07-03,(gagnant non publie),Ingenierie / etudes,BIH,,Public Company Motorways of the Federation of Bosnia and Herzegovina Ltd. Mostar,"Bosnia and Herzegovina – Construction supervision services – Temporary Engineer Services. Corridor VC, subsection Ozimice – Poprikuše",71520000,non,2025-08-08,521999-2025,https://ted.europa.eu/en/notice/521999-2025/html,verifier,,,nouveau,2026-07-03
2026-07-03,(gagnant non publie),Ingenierie / etudes,RWA,,Deutsche Gesellschaft für Internationale Zusammenarbeit (GIZ) GmbH,Germany – Urban planning services – 81316788-Strengthening climate-sensitive urban planning and institutional frameworks for social housing in Rwandan cities,"71410000, 71311300, 73000000",non,2025-08-13,529467-2025,https://ted.europa.eu/en/notice/529467-2025/html,verifier,,,nouveau,2026-07-03
2026-07-03,(gagnant non publie),Administration / defense,TGO,,Deutsche Gesellschaft für Internationale Zusammenarbeit (GIZ) GmbH,"Germany – Agricultural services – 81315318-Dispositif de coaching des interprofessions ananas, mangue et soja au Togo afin de renforcer leur fonctionnalité","77100000, 75211200",non,2025-08-13,530593-2025,https://ted.europa.eu/en/notice/530593-2025/html,verifier,,,nouveau,2026-07-03
2026-07-03,(gagnant non publie),Ingenierie / etudes,DZA,,Deutsche Gesellschaft für Internationale Zusammenarbeit (GIZ) GmbH,Germany – Energy and related services – 81310849-Support for Algerian renewable energy projects on calls for tender and related regulatory framework,71314000,non,2025-08-14,534863-2025,https://ted.europa.eu/en/notice/534863-2025/html,verifier,,,nouveau,2026-07-03
2026-07-03,(gagnant non publie),Administration / defense,BOL,,Deutsche Gesellschaft für Internationale Zusammenarbeit (GIZ) GmbH,Germany – Foreign economic-aid-related services – 81308926-Fortalecimiento cadenas de valor de productos forestales no maderables y corredores ecológicos en la amazonía boliviana,"75211200, 77000000, 79411100",non,2025-08-20,542690-2025,https://ted.europa.eu/en/notice/542690-2025/html,verifier,,,nouveau,2026-07-03
2026-07-03,(gagnant non publie),Energie / petrole-gaz,SLE,,Deutsche Gesellschaft für Internationale Zusammenarbeit (GIZ) GmbH,Germany – Solar energy – Solar Home Systems and Solar Lanterns for Sierra Leone,09330000,non,2025-08-22,550143-2025,https://ted.europa.eu/en/notice/550143-2025/html,verifier,,,nouveau,2026-07-03
2026-07-03,(gagnant non publie),Environnement / traitement,PHL,,Deutsche Gesellschaft für Internationale Zusammenarbeit (GIZ) GmbH,Germany – Environmental services – 81316251 - Support for the development of circular economy policies in the Philippines,"90700000, 79951000, 90710000",non,2025-09-02,571727-2025,https://ted.europa.eu/en/notice/571727-2025/html,verifier,,,nouveau,2026-07-03
2026-07-03,(gagnant non publie),Administration / defense,DZA,,Deutsche Gesellschaft für Internationale Zusammenarbeit (GIZ) GmbH,Germany – Foreign economic-aid-related services – 81315669-Accompagnement technique des projets innovants des Algerian Agripreneurs,"75211200, 79411100",non,2025-09-08,583624-2025,https://ted.europa.eu/en/notice/583624-2025/html,verifier,,,nouveau,2026-07-03
2026-07-03,(gagnant non publie),Ingenierie / etudes,GAB,,Bundesamt für Auswärtige Angelegenheiten,Germany – Engineering services – LIBREVILLE Planerleistung Etagenherrichtung,71300000,non,2025-09-10,589005-2025,https://ted.europa.eu/en/notice/589005-2025/html,verifier,,,nouveau,2026-07-03
2026-07-03,(gagnant non publie),Ingenierie / etudes,XKX,,Railway Infrastructure Railways of Republic of Kosovo – INFRAKOS JSC,Kosovo – Infrastructure works consultancy services – Project Implementation Support Services - Railway Route 10 Rehabilitation Project,71311300,non,2025-09-10,590445-2025,https://ted.europa.eu/en/notice/590445-2025/html,verifier,,,nouveau,2026-07-03
2026-07-03,(gagnant non publie),IT / numerique,LBR,,Finnish National Agency for Education,Finland – Research and development services and related consultancy services – Regional Teachers Initiative for Africa (RTIA): Technical Expertise for Liberia,"73000000, 72224000, 73200000, 75112100, 75121000, 79400000, 79421200, 79421000",non,2025-09-10,591431-2025,https://ted.europa.eu/en/notice/591431-2025/html,verifier,,,nouveau,2026-07-03
2026-07-03,(gagnant non publie),Ingenierie / etudes,AGO,,National Directorate for Water under the Ministry of Energy and Water of Angola,"Angola – Civil engineering consultancy services – Design Checking and Supervision of Construction of Water Distribution Network, Household Connections, Reservoirs, Water Mains and Infrastructure Refurbishment in Moçâmedes WSS and WWS (Namibe PWSU)",71311000,non,2025-09-15,599737-2025,https://ted.europa.eu/en/notice/599737-2025/html,verifier,,,nouveau,2026-07-03
2026-07-03,(gagnant non publie),Energie / petrole-gaz,TJK,,Deutsche Gesellschaft für Internationale Zusammenarbeit (GIZ) GmbH,"Germany – Solar energy – 83 Solarplants for Tajikistan (5, 10 and 15 kWp)",09330000,non,2025-09-16,603045-2025,https://ted.europa.eu/en/notice/603045-2025/html,verifier,,,nouveau,2026-07-03
2026-07-03,(gagnant non publie),IT / numerique,ZMB,,Finnish National Agency for Education,Finland – Research and development services and related consultancy services – Regional Teachers Initiative for Africa (RTIA): Technical Expertise for Zambia,"73000000, 72212931, 72224000, 73200000, 75112100, 75121000, 79400000, 79421200, 79421000",non,2025-09-19,613255-2025,https://ted.europa.eu/en/notice/613255-2025/html,verifier,,,nouveau,2026-07-03
2026-07-03,(gagnant non publie),Environnement / traitement,TZA,,Deutsche Gesellschaft für Internationale Zusammenarbeit (GIZ) GmbH,"Germany – Environmental issues consultancy services – 81314415 - Promotion of the political, administrative environment and technical implementation of water and wastewater management","90713000, 79951000, 90713100",non,2025-09-23,620464-2025,https://ted.europa.eu/en/notice/620464-2025/html,verifier,,,nouveau,2026-07-03
2026-07-03,(gagnant non publie),Energie / petrole-gaz,SRB,,City of Sombor,Serbia – Solar energy – International open tender procedure - Purchase and Installation of Solar Power Plants,"09330000, 09331000",non,2025-09-24,625621-2025,https://ted.europa.eu/en/notice/625621-2025/html,verifier,,,nouveau,2026-07-03
2026-07-03,(gagnant non publie),Ingenierie / etudes,ECU,,Gobierno Autónomo Descentralizado Municipal del Cantón Portoviejo – Programa de Agua Potable y Alcantarillado del Cantón Portoviejo,"Ecuador – Construction supervision services – Inspection of the Construction of the drinking water distribution system, sanitary sewer system and storm drainage, of the parishes of San Plácido, Chirijos, Alhajuela, Abdón Calderón, Pueblo Nuevo",71520000,non,2025-09-26,630871-2025,https://ted.europa.eu/en/notice/630871-2025/html,verifier,,,nouveau,2026-07-03
2026-07-03,(gagnant non publie),Environnement / traitement,ZMB,,Deutsche Gesellschaft für Internationale Zusammenarbeit (GIZ) GmbH,Germany – Consulting services for water-supply and waste-water other than for construction – 81316582-Technical assistance to enhance trade effluent management practices in Lusaka,"90713100, 71800000, 85312320",non,2025-09-30,636967-2025,https://ted.europa.eu/en/notice/636967-2025/html,verifier,,,nouveau,2026-07-03
2026-07-03,(gagnant non publie),Administration / defense,URY,,Secretaría General de la Fundación Internacional y para Iberoamérica de Administración Políticas Públicas,Spain – Development consultancy services – Servicios de apoyo a los poderes públicos de Uruguay en el desarrollo de un conjunto de indicadores para el monitoreo de la ganadería sostenible en Uruguay en el marco del Programa EUROCLIMA LAC,"73220000, 75130000, 90713000",non,2025-09-30,638352-2025,https://ted.europa.eu/en/notice/638352-2025/html,verifier,,,nouveau,2026-07-03
2026-07-03,(gagnant non publie),Ingenierie / etudes,LAO,,Ministry of Public Works and Transport,Laos – Construction supervision services – Implementation Support and Work Supervision (ISWS) Consultancy Services for Output and performance-based road contracts (OPBRC) for the Rehabilitation and Maintenance of National Road #2 East Section,71520000,non,2025-10-01,639749-2025,https://ted.europa.eu/en/notice/639749-2025/html,verifier,,,nouveau,2026-07-03
2026-07-04,mh Service GmbH,Telecom / equipements,GHA,,Deutsche Gesellschaft für Internationale Zusammenarbeit (GIZ) GmbH,Germany – Data-processing machines (hardware) – Digital Forensic Equipment and related Services for Ghana,"30210000, 30200000, 30213000, 30213100, 30230000, 30237400, 32580000, 32582000, 33000000, 33950000, 48000000",non,2025-10-07,656424-2025,https://ted.europa.eu/en/notice/656424-2025/html,oui,,,nouveau,2026-07-04
2026-07-04,ECO Consult GmbH & Co KG,Administration / defense,PER,"337 488,00 EUR",Deutsche Gesellschaft für Internationale Zusammenarbeit (GIZ) GmbH,Germany – Foreign economic-aid-related services – 81316177-Fortalecimiento de capacidades y articulación interinstitucional con enfoques transformadores de género en Péru,"75211200, 79100000, 98200000",non,2025-10-14,673211-2025,https://ted.europa.eu/en/notice/673211-2025/html,oui,,,nouveau,2026-07-04
2026-07-04,Croatian Register of Shipping,Ingenierie / etudes,SRB,"93 640,00 EUR","Ministry of Construction, Transport and Infrastructure",Serbia – Construction supervision services – Supervision for design and construction of a marking vessel for the Danube and Sava rivers in the Republic of Serbia,"71520000, 71356200",non,2025-10-21,691446-2025,https://ted.europa.eu/en/notice/691446-2025/html,oui,,,nouveau,2026-07-04
2026-07-04,Not a Bad Idea,IT / numerique,RWA,"119 542,50 EUR",Finnish National Agency for Education,Finland – Research and development services and related consultancy services – Regional Teachers Initiative for Africa (RTIA): Technical Expertise for Rwanda,"73000000, 72224000, 73200000, 75112100, 75121000, 79400000, 79421200, 79421000",non,2025-10-22,696421-2025,https://ted.europa.eu/en/notice/696421-2025/html,oui,,,nouveau,2026-07-04
2026-07-04,(gagnant non publie),Ingenierie / etudes,MKD,,Public Enterprise for Railway Infrastructure Railways of Republic of North Macedonia – Skopje (ZRSMI),"North Macedonia – Construction supervision services – Supervision services for the major project “Construction of new railway section from Kriva Palanka to the border with Republic of Bulgaria, as part of Corridor VIII”",71520000,non,2025-10-22,697707-2025,https://ted.europa.eu/en/notice/697707-2025/html,verifier,,,nouveau,2026-07-04
2026-07-04,(gagnant non publie),Ingenierie / etudes,CHL,,Deutsche Gesellschaft für Internationale Zusammenarbeit (GIZ) GmbH,Germany – Engineering services – 81312736-Renewable Hydrogen Development Chile,"71300000, 09120000, 09300000, 24111600, 71313000",non,2025-10-23,701118-2025,https://ted.europa.eu/en/notice/701118-2025/html,verifier,,,nouveau,2026-07-04
2026-07-04,JV of SUEZ Consulting (SAFEGE) and TUMAS Turkish Engineering Consulting and Contracting Company,Ingenierie / etudes,MKD,"3 748 325,00 EUR",Public Enterprise for Railway Infrastructure Railways of Republic of North Macedonia – Skopje (ZRSMI),"North Macedonia – Construction-site supervision services – Project Implementation Support and Safeguard Services, for the major project “Construction of new railway section from Kriva Palanka to the border with Republic of Bulgaria”",71521000,non,2025-10-31,720884-2025,https://ted.europa.eu/en/notice/720884-2025/html,oui,,,nouveau,2026-07-04
2026-07-04,ESM Prodazba DOOEL Skopje,Energie / petrole-gaz,MKD,"20 000 000,00 MKD",Ministry of finance,North Macedonia – Electricity – Electrical energy,"09310000, 09300000",non,2025-11-12,749127-2025,https://ted.europa.eu/en/notice/749127-2025/html,oui,,,nouveau,2026-07-04
2026-07-04,Yocatia SRL,Administration / defense,URY,"295 000,00 EUR",Secretaría General de la Fundación Internacional y para Iberoamérica de Administración Políticas Públicas,Spain – Development consultancy services – Servicios de apoyo a los poderes públicos de Uruguay en la prestación de servicios para la realización de una Encuesta Ganadera como parte del proyecto de Ganadería Sostenible en Uruguay en el marco del Programa EUROCLIMA LAC,"73220000, 75130000, 90713000",non,2025-11-12,750829-2025,https://ted.europa.eu/en/notice/750829-2025/html,oui,,,nouveau,2026-07-04
2026-07-04,ECO Consult GmbH & Co KG,Administration / defense,ECU,"1 485 080,00 EUR",Deutsche Gesellschaft für Internationale Zusammenarbeit (GIZ) GmbH,Germany – Foreign economic-aid-related services – 81317910-Uso sostenible de la biodiversidad nativa y finanzas en el Ecuador,"75211200, 79400000, 79411100",non,2025-11-13,751594-2025,https://ted.europa.eu/en/notice/751594-2025/html,oui,,,nouveau,2026-07-04
2026-07-04,GITEC-IGIP GmbH,Conseil / services aux entreprises,COL,"362 117,00 EUR",Deutsche Gesellschaft für Internationale Zusammenarbeit (GIZ) GmbH,"Germany – Miscellaneous business-related services – 81318903-Alianzas estratégicas y realización del ""Workshop Expo-MIF"" en CO sobre buenas prácticas de manejo integrado del fuego","79990000, 75211200, 79952000",non,2025-11-13,751706-2025,https://ted.europa.eu/en/notice/751706-2025/html,oui,,,nouveau,2026-07-04
2026-07-04,Luvent Consulting,Administration / defense,DZA,"495 505,00 EUR",Deutsche Gesellschaft für Internationale Zusammenarbeit (GIZ) GmbH,Germany – Foreign economic-aid-related services – 81316421-Appui aux femmes entrepreneures dans l'économie verte et au renforcement des capacités des institutions partenaires,"75211200, 79411100, 80400000, 98200000",non,2025-11-13,751721-2025,https://ted.europa.eu/en/notice/751721-2025/html,oui,,,nouveau,2026-07-04
2026-07-04,GFA Consulting Group GmbH,Administration / defense,ECU,"740 297,50 EUR",Deutsche Gesellschaft für Internationale Zusammenarbeit (GIZ) GmbH,"Germany – Foreign economic-aid-related services – 81316543-PM&E, fortalecimiento del sector educativo y desarrollo organizacional para PreViMujer III en Ecuador","75211200, 79000000",non,2025-11-13,752531-2025,https://ted.europa.eu/en/notice/752531-2025/html,oui,,,nouveau,2026-07-04
2026-07-04,Cowater International Finland Oy,IT / numerique,RWA,"117 355,00 EUR",Finnish National Agency for Education,"Finland – Research and development services and related consultancy services – Regional Teachers Initiative for Africa (RTIA): Technical Expertise for Rwanda - TA2: Effective use of teaching and learning materials and resources, including online materials to promote early literacy and numeracy devel","73000000, 72224000, 73200000, 75112100, 75121000, 79400000, 79421000",non,2025-11-24,779076-2025,https://ted.europa.eu/en/notice/779076-2025/html,oui,,,nouveau,2026-07-04
2026-07-04,Hämeen ammattikorkeakoulu Oy,IT / numerique,RWA,"93 735,00 EUR",Finnish National Agency for Education,Finland – Research and development services and related consultancy services – Regional Teachers Initiative for Africa (RTIA): Technical Expertise for Rwanda - TA3: Career guidance and counselling by teachers,"73000000, 72224000, 73200000, 75112100, 75121000, 79400000, 79421200",non,2025-11-24,779335-2025,https://ted.europa.eu/en/notice/779335-2025/html,oui,,,nouveau,2026-07-04
2026-07-04,NIRAS Germany GmbH,Environnement / traitement,LSO,"358 220,00 EUR",Deutsche Gesellschaft für Internationale Zusammenarbeit (GIZ) GmbH,"Germany – Environmental issues consultancy services – 81319388 - Elaboration of 4 Integrated Catchment Management and Development Plans for the Upper Senqu, Lower Senqu, Central Mohokare and Lower Mohokare Catchment Management Areas in Lesotho","90713000, 79951000, 90713100",non,2025-11-26,784447-2025,https://ted.europa.eu/en/notice/784447-2025/html,oui,,,nouveau,2026-07-04
2026-07-04,"and Civil Engineering Institute “Macedonia” JSC Skopje, CEIM Belgrade Branch Office 785315-2025 Page 3/4",Ingenierie / etudes,SRB,"544 790,00 EUR","""Western Balkans Investment Framework (WBIF) Infrastructure Project Facility – Technical Assistance 8 (IPF 8)"" consortium, represented by COWI A/S (hereinafter: COWI IPF)","Denmark – Geotechnical engineering services – Serbia Nis-Presovo Rail project, Geotechnical Investigations and Elaborates for Preliminary Design Studies",71332000,non,2025-11-26,785315-2025,https://ted.europa.eu/en/notice/785315-2025/html,oui,,,nouveau,2026-07-04
2026-07-04,GFA Consulting Group GmbH,Administration / defense,SEN,"876 530,00 EUR",Deutsche Gesellschaft für Internationale Zusammenarbeit (GIZ) GmbH,Germany – Foreign economic-aid-related services – 81319145-Technical and methodological advice in combating illicit financial flows in Senegal,"75211200, 79411100",non,2025-11-27,786314-2025,https://ted.europa.eu/en/notice/786314-2025/html,oui,,,nouveau,2026-07-04
2026-07-04,Eptisa SL and Ardanuy Ingenieria SA,Ingenierie / etudes,XKX,"1 291 652,00 EUR",Railway Infrastructure Railways of Republic of Kosovo – INFRAKOS JSC,"Kosovo – Construction supervision services – Supervision services for the Works Contract, Phase 1 and Phase 2 - Southern part Railway Route 10 Rehabilitation Project (Hani i Elezit - Fushe Kosove - Mitrovice section)",71520000,non,2025-11-27,787707-2025,https://ted.europa.eu/en/notice/787707-2025/html,oui,,,nouveau,2026-07-04
2026-07-04,SGI Studio Galli Ingegneria S.r.l,Ingenierie / etudes,SRB,"1 758 220,00 EUR",Ministry for Public Investment,Serbia – Civil engineering consultancy services – Supervision of works for the Serbian Municipal Infrastructure Resilience Project (SMIR),71311000,non,2025-11-27,788650-2025,https://ted.europa.eu/en/notice/788650-2025/html,oui,,,nouveau,2026-07-04
2026-07-04,SUEZ Consulting (SAFEGE),Ingenierie / etudes,SRB,"1 899 000,00 EUR",The Belgrade Land Development Public Agency (Beoland),"Serbia – Civil engineering consultancy services – Palilula Sewage System Project -Technical Assistance for Contract Administration, Construction Supervision and Tariff Determination and Implementation",71311000,non,2025-11-27,789171-2025,https://ted.europa.eu/en/notice/789171-2025/html,oui,,,nouveau,2026-07-04
2026-07-04,Como Consult,Administration / defense,BRA,"367 250,00 EUR",Deutsche Gesellschaft für Internationale Zusammenarbeit (GIZ) GmbH,Germany – Foreign economic-aid-related services – 81317751-Capacity Development in TVET for the socially just and ecological transformation in Brazil,"75211200, 80400000, 98200000",non,2025-12-05,810124-2025,https://ted.europa.eu/en/notice/810124-2025/html,oui,,,nouveau,2026-07-04
2026-07-04,STRABAG AG,BTP / construction,SRB,"40 988 529,08 EUR","City of Belgrade, Secretariat for Communal and Housing affairs/ The Belgrade Land Development Public Agency (Beoland)",Serbia – Wastewater treatment plant construction work – Design and Construction of Krnjaca Phase 1 Wastewater Treatment Plant,45252127,non,2025-12-09,815671-2025,https://ted.europa.eu/en/notice/815671-2025/html,oui,,,nouveau,2026-07-04
2026-07-04,Cowater International Finland; Mwabu Group Ltd; Fora Education,IT / numerique,ZMB,"307 719,60 EUR",Finnish National Agency for Education,Finland – Research and development services and related consultancy services – Regional Teachers Initiative for Africa (RTIA): Technical Expertise for Zambia,"73000000, 72212931, 72224000, 73200000, 75112100, 75121000, 79400000, 79421200, 79421000",oui,2025-12-11,824677-2025,https://ted.europa.eu/en/notice/824677-2025/html,oui,,,nouveau,2026-07-04
2026-07-04,GFA Consulting Group GmbH,Administration / defense,RWA,"645 830,00 EUR",Deutsche Gesellschaft für Internationale Zusammenarbeit (GIZ) GmbH,Germany – Foreign economic-aid-related services – 81318212-Supporting the Implementation of the Rwanda Green Taxonomy,"75211200, 79100000, 79400000",non,2025-12-12,825998-2025,https://ted.europa.eu/en/notice/825998-2025/html,oui,,,nouveau,2026-07-04
2026-07-04,(gagnant non publie),Ingenierie / etudes,SRB,,"Ministry of Finance, Government of the Republic of Serbia Department for Contracting and Financing of EU Funded Programmes (CFCU)",Serbia – Construction-related services – Supervision of Works and FOPIP for Construction Works for Wastewater Collection and Treatment System in the City of Čačak,"71500000, 71520000, 71521000",non,2025-12-15,832220-2025,https://ted.europa.eu/en/notice/832220-2025/html,verifier,,,nouveau,2026-07-04
2026-07-04,ESM PRODAZBA DOOEL Skopje,Energie / petrole-gaz,MKD,"28 320 000,00 MKD","Ministry of agriculture, forestry and water economy of The Republic of North Macedonia",North Macedonia – Electricity – Electrical Power,09310000,non,2025-12-18,845293-2025,https://ted.europa.eu/en/notice/845293-2025/html,oui,,,nouveau,2026-07-04
2026-07-04,(gagnant non publie),Administration / defense,KEN,,Ministry of Foreign Affairs,Denmark – Foreign economic-aid-related services – Audit of the Primary Health Care Support Programme FY25/26 and FY26/27,"75211200, 79210000, 79211000, 79212000, 79212100, 79212500",non,2025-12-19,846261-2025,https://ted.europa.eu/en/notice/846261-2025/html,verifier,,,nouveau,2026-07-04
2026-07-04,"IP Consult, Institut für Projektplanung GmbH",Environnement / traitement,ECU,"580 775,00 EUR",Deutsche Gesellschaft für Internationale Zusammenarbeit (GIZ) GmbH,Germany – Environmental management – 81317134-Support to national and local urban risk and resilience management in Ecuador,"90710000, 71313000, 90713000",non,2025-12-19,849365-2025,https://ted.europa.eu/en/notice/849365-2025/html,oui,,,nouveau,2026-07-04
2026-07-04,ESM Sales,Energie / petrole-gaz,MKD,"10 235 000,00 MKD",Agency for Electronic Communications,North Macedonia – Electricity – Electricity,"09310000, 09300000",non,2025-12-26,864478-2025,https://ted.europa.eu/en/notice/864478-2025/html,oui,,,nouveau,2026-07-04
2026-07-04,Cowater International Finland Oy; Learning Scoop - oppimisen osuuskunta,IT / numerique,LSO,"153 226,00 EUR",Finnish National Agency for Education,Finland – Research and development services and related consultancy services – Regional Teachers Initiative for Africa (RTIA): Technical Expertise for Lesotho,"73000000, 72224000, 73200000, 75112100, 75121000, 79400000, 79421200, 79421000",non,2026-01-16,33500-2026,https://ted.europa.eu/en/notice/33500-2026/html,oui,,,nouveau,2026-07-04
2026-07-04,AIR LIQUIDE MARITIME SAS,Petrole & gaz (services),DJI,"1 818 330,00 EUR",Ministère des Armées - Direction de la Maintenance Aéronautique (MINARM/DMAé),France – Oxygen – Approvisionnement d’oxygène liquide aéronautique par voie maritime sur le site de Djibouti et prestations associées,"24111900, 76000000",non,2026-01-19,38424-2026,https://ted.europa.eu/en/notice/38424-2026/html,oui,,,nouveau,2026-07-04
2026-07-04,ALB Star L.t.d,BTP / construction,XKX,"11 950 000,00 EUR",Regional Water Company Hidromorava,Kosovo – Wastewater treatment plant construction work – Wastewater Development Project Gjilan/ - The extension and rehabilitation of the sewer network in the City of Gjilan,"45252127, 45200000",non,2026-01-21,43074-2026,https://ted.europa.eu/en/notice/43074-2026/html,oui,,,nouveau,2026-07-04
2026-07-04,LİV Mühendislik Müşavirlik İnşaat Ltd. Şti,Ingenierie / etudes,XKX,"598 782,00 EUR",Regional Water Company Hidromorava,Kosovo – Construction supervision services – Wastewater Development Project Gjilan-Supervision Engineering Services,71520000,non,2026-01-21,45179-2026,https://ted.europa.eu/en/notice/45179-2026/html,oui,,,nouveau,2026-07-04
2026-07-04,SAFENET D.o.o,Ingenierie / etudes,SRB,"360 000,00 EUR",Permanent Secretariat of the Transport Community,Serbia – Technical assistance services – Setting up of the Western Balkans Register of Road Undertakings (WBRRU),71356200,non,2026-01-23,50900-2026,https://ted.europa.eu/en/notice/50900-2026/html,oui,,,nouveau,2026-07-04
2026-07-04,EN_EBP Schweiz AG,Ingenierie / etudes,MKD,"5 499 125,00 CHF",State Secretariat for Economic Affairs (SECO),Switzerland – Engineering services – Resilient and Efficient Utilities in North Macedonia,"71300000, 65100000, 90700000",non,2026-02-11,97710-2026,https://ted.europa.eu/en/notice/97710-2026/html,oui,,,nouveau,2026-07-04
2026-07-04,EXTRACTIVE AND ENERGY INVESTMENT COUNCIL,Conseil / services aux entreprises,DZA,"18 000,00 EUR",Dirección de la Fundación para la Internacionalización de las Administraciones Públicas,Spain – Evaluation consultancy services – Conforme a lo establecido en los pliegos que rigen la licitación.,"79419000, 90712400",non,2026-02-19,118620-2026,https://ted.europa.eu/en/notice/118620-2026/html,oui,,,nouveau,2026-07-04
2026-07-04,Lidija Fajdiga; Jasmina Nikuljska,Administration / defense,MKD,"62 288,00 EUR",Dirección de la Fundación para la Internacionalización de las Administraciones Públicas,Spain – Supporting services for the government – Servicios de asistencia administrativa (Lote 1) y traducción e interpretación (Lote 2),"75130000, 71356200, 79530000, 79540000, 75112100",non,2026-02-19,119273-2026,https://ted.europa.eu/en/notice/119273-2026/html,oui,,,nouveau,2026-07-04
2026-07-04,RADIOTRANS S.A,Telecom / equipements,SEN,"799 964,72 EUR",Dirección de la Fundación para la Internacionalización de las Administraciones Públicas,"Spain – Telecommunications equipment – Suministro, instalación, programación y formación en el uso de material y equipos de telecomunicaciones para la unidad GARSI 2 de Saraya (Senegal), a razón de la mejor relación calidad-precio, con especial consideración por la reducción del plazo de entrega.","32522000, 32000000",non,2026-02-19,120170-2026,https://ted.europa.eu/en/notice/120170-2026/html,oui,,,nouveau,2026-07-04
2026-07-04,SARI CONSULTING LTD,Ingenierie / etudes,ZMB,"1 240 310,00 EUR",European Investment Bank,Luxembourg – Technical assistance services – Technical Assistance for project Implementation Consultant the Great North Road (T2) Upgrade project - 2nd phase,"71356200, 71541000, 72224000",non,2026-02-20,123543-2026,https://ted.europa.eu/en/notice/123543-2026/html,oui,,,nouveau,2026-07-04
2026-07-04,(gagnant non publie),Ingenierie / etudes,GEO,,The Roads Department of the Ministry of Regional Development and Infrastructure of Georgia,Georgia – Construction supervision services – Consultancy service for supervision of construction works of Algeti-Araflo Lot III and Araflo-Sadakhlo Lot VI,71520000,non,2026-02-23,126238-2026,https://ted.europa.eu/en/notice/126238-2026/html,verifier,,,nouveau,2026-07-04
2026-07-04,(gagnant non publie),Ingenierie / etudes,GEO,,The Roads Department of the Ministry of Regional Development and Infrastructure of Georgia,Georgia – Construction supervision services – Consultancy service for supervision of construction works of Rustavi-Algeti Lot I and Algeti-Red Bridge Lot II,71520000,non,2026-02-23,126561-2026,https://ted.europa.eu/en/notice/126561-2026/html,verifier,,,nouveau,2026-07-04
2026-07-04,"JV ENOVA South East Europe d.o.o., Belgrade (leading company), Serbia & Enova d.o.o., Sarajevo, Bosnia and Herzegovina (member) and RINA Consulting S.p.A Italy (member)",Ingenierie / etudes,SRB,"797 000,00 EUR","Ministry of Construction, Transport and Infrastructure",Serbia – Construction supervision services – Supervision for the Sava River training works (Section from km 178+200 to km 183+200) and dredging of the sediment (Section from km 170+000 to km 188+000) for improvement of the Inland Waterway.,71520000,non,2026-02-26,137643-2026,https://ted.europa.eu/en/notice/137643-2026/html,oui,,,nouveau,2026-07-04
2026-07-04,KAIROS IMPACT,Ingenierie / etudes,TCD,"299 930,00 EUR",Agence Française de Développement,"France – Technical assistance services – Prestation d’animation de la capitalisation transversale, de la recherche conjointe et de la médiation scientifique dans le cadre du Programme DEESSE (Droits, Épanouissement Et Santé Sexuelle des Femmes)","71356200, 79419000, 79315000",non,2026-03-10,165017-2026,https://ted.europa.eu/en/notice/165017-2026/html,oui,,,nouveau,2026-07-04
2026-07-04,VA TECH WABAG GmbH,BTP / construction,GEO,,United Water Supply Company of Georgia LLC,Georgia – Wastewater treatment plant construction work – Design and Construction of Kutaisi Wastewater Treatment Plant Project,45252127,non,2026-03-26,207741-2026,https://ted.europa.eu/en/notice/207741-2026/html,oui,,,nouveau,2026-07-04
2026-07-04,INTEGRATION Environment & Energy GmbH,Conseil / services aux entreprises,UGA,,Deutsche Gesellschaft für Internationale Zusammenarbeit (GIZ) GmbH,"Germany – Business services: law, marketing, consulting, recruitment, printing and security – 81320724-Technical Assistance and Training for Demand Side Energy Consuming Enterprises and Energy Auditing Professionals","79000000, 71314000",non,2026-04-08,239257-2026,https://ted.europa.eu/en/notice/239257-2026/html,oui,,,nouveau,2026-07-04
2026-07-04,Ernst & Young LLP,Administration / defense,KEN,"2 882 532,00 DKK",Ministry of Foreign Affairs,Denmark – Foreign economic-aid-related services – Audit of the Primary Health Care Support Programme FY25/26 and FY26/27,"75211200, 79210000, 79211000, 79212000, 79212100, 79212500",non,2026-04-13,248059-2026,https://ted.europa.eu/en/notice/248059-2026/html,oui,,,nouveau,2026-07-04
2026-07-04,TFI Power,Ingenierie / etudes,GHA,"100 000 000,00 USD",STATENS ENERGIMYNDIGHET,Sweden – Energy and related services – Proposals for Mitigation Activities under Article 6 of the Paris Agreement - Ghana,"71314000, 65400000, 71314300",oui,2026-04-14,251281-2026,https://ted.europa.eu/en/notice/251281-2026/html,oui,,,nouveau,2026-07-04
2026-07-04,GFA Consulting Group GmbH,Ingenierie / etudes,MRT,,Deutsche Gesellschaft für Internationale Zusammenarbeit (GIZ) GmbH,Germany – Energy and related services – 81319984-Enhancing Environmental and Social Governance Capacities in Mauritania for Green Hydrogen Mega-Projects,"71314000, 71241000, 71313000",non,2026-04-17,264572-2026,https://ted.europa.eu/en/notice/264572-2026/html,oui,,,nouveau,2026-07-04
2026-07-04,Wasafiri Consulting,Administration / defense,ZMB,,Deutsche Gesellschaft für Internationale Zusammenarbeit (GIZ) GmbH,"Germany – Research and development consultancy services – 81321256-Food System Leadership Ecosystem Zambia (Trainee Program and Network): development, implementation and evaluation","73200000, 75211200",non,2026-04-17,265577-2026,https://ted.europa.eu/en/notice/265577-2026/html,oui,,,nouveau,2026-07-04
2026-07-04,GFA Consulting Group GmbH,Environnement / traitement,CIV,,Deutsche Gesellschaft für Internationale Zusammenarbeit (GIZ) GmbH,Germany – Environmental services – 81322610-Appui technique à la conservation de la biodiversité et au bien-être des populations en Côte d'Ivoire,"90700000, 73220000, 90713000",non,2026-04-20,267818-2026,https://ted.europa.eu/en/notice/267818-2026/html,oui,,,nouveau,2026-07-04
2026-07-04,(gagnant non publie),BTP / construction,MKD,,Ministry of Finance - Central Financing and Contracting Department (CFCD),North Macedonia – Sewerage work – Wastewater Collection and Treatment Investment Project in the Municipality of Shtip,"45232410, 45252127, 22314000, 45232421, 45232431, 45232420, 45232423, 45232440",non,2026-04-22,275267-2026,https://ted.europa.eu/en/notice/275267-2026/html,verifier,,,nouveau,2026-07-04
2026-07-04,Oxygene Marketing Communication Limited,Ingenierie / etudes,KEN,"1 563 500,00 EUR","European Union, represented by the European Commission on behalf of and for the account of Kenya",Kenya – Technical assistance services – Promoting the EU-Kenya Partnership through strategic communications,71356200,non,2026-04-27,284836-2026,https://ted.europa.eu/en/notice/284836-2026/html,oui,,,nouveau,2026-07-04
2026-07-04,ESM Prodazba DOOEL Skopje,Energie / petrole-gaz,MKD,"27 000 000,00 MKD",Public Health Facilility General Hospital with extended scope of practice,North Macedonia – Electricity – Electricity,09310000,non,2026-04-27,284891-2026,https://ted.europa.eu/en/notice/284891-2026/html,oui,,,nouveau,2026-07-04
2026-07-04,IPC,Administration / defense,SEN,"434 750,00 EUR",Deutsche Gesellschaft für Internationale Zusammenarbeit (GIZ) GmbH,Germany – Foreign economic-aid-related services – 81322848 - Development of sustainable financial instruments in Senegal,"75211200, 66170000, 66171000",non,2026-05-05,305308-2026,https://ted.europa.eu/en/notice/305308-2026/html,oui,,,nouveau,2026-07-04
2026-07-04,ECO Consult GmbH & Co KG,Administration / defense,KEN,"484 980,00 EUR",Deutsche Gesellschaft für Internationale Zusammenarbeit (GIZ) GmbH,"Germany – Foreign economic-aid-related services – 81319680 - Gutachten, Beratung und Schulung zur Stärkung kollektiver Maßnahmen zum Schutz der biologischen Vielfalt im Meer und an den Küsten des Westindischen Ozeans","75211200, 90710000, 90712000, 90712300, 90721000",non,2026-05-05,307325-2026,https://ted.europa.eu/en/notice/307325-2026/html,oui,,,nouveau,2026-07-04
2026-07-04,Dorsch Impact GmbH,Administration / defense,COL,"696 534,75 EUR",Deutsche Gesellschaft für Internationale Zusammenarbeit (GIZ) GmbH,Germany – Foreign economic-aid-related services – 81322599-Participación de la sociedad civil y capacidades para la paz,75211200,non,2026-05-12,323214-2026,https://ted.europa.eu/en/notice/323214-2026/html,oui,,,nouveau,2026-07-04
2026-07-04,GFA Consulting Group GmbH,Environnement / traitement,TZA,,Deutsche Gesellschaft für Internationale Zusammenarbeit (GIZ) GmbH,Germany – Consulting services for water-supply and waste-water other than for construction – Development of relevant planning tools for water security and climate resilience in Urban Areas in Tanzania (Output 2 and Output 3 of ProWaS),"90713100, 65111000",non,2026-05-13,329910-2026,https://ted.europa.eu/en/notice/329910-2026/html,oui,,,nouveau,2026-07-04
2026-07-04,Vladimirs Zaguzovs,Conseil / services aux entreprises,KGZ,"252 710,64 EUR",Centrālā finanšu un līgumu aģentūra,"Latvia – Business services: law, marketing, consulting, recruitment, printing and security – Projekta 1. komponentes koordinatora pakalpojumi ""Centrālāzijas robežpārvaldības programmas 11. fāze (BOMCA 11)” projekta īstenošanā","79000000, 79421000",non,2026-05-18,338967-2026,https://ted.europa.eu/en/notice/338967-2026/html,oui,,,nouveau,2026-07-04
2026-07-04,Fichtner GmbH & Co. KG,Environnement / traitement,MKD,"3 528 148,00 EUR","European Union, represented by the European Commission on behalf of and for the account of North Macedonia",North Macedonia – Environmental institution building or planning – EU support to the regional waste management system in Skopje Region,90712500,non,2026-05-18,339250-2026,https://ted.europa.eu/en/notice/339250-2026/html,oui,,,nouveau,2026-07-04
2026-07-04,BlackForest Solutions GmbH,Environnement / traitement,ZMB,"279 350,00 EUR",Deutsche Gesellschaft für Internationale Zusammenarbeit (GIZ) GmbH,"Germany – Environmental services – 81321661-Extended Producer Responsibility Helpdesk, Community of Practice","90700000, 79951000, 90710000",non,2026-05-19,341359-2026,https://ted.europa.eu/en/notice/341359-2026/html,oui,,,nouveau,2026-07-04
2026-07-04,SYSTRA Philippines Incorporated (SPI),Ingenierie / etudes,PHL,"350 000,00 EUR",Agence Française du développement,France – Consultative engineering and construction services – Support of the PBBM Program: implementing 350 bridges in the Philippines to enhance connectivity and resilience of the territories,71310000,non,2026-06-02,377660-2026,https://ted.europa.eu/en/notice/377660-2026/html,oui,,,nouveau,2026-07-04
2026-07-04,AFC Agriculture and Finance Consultants GmbH,Administration / defense,DZA,"442 195,00 EUR",Deutsche Gesellschaft für Internationale Zusammenarbeit (GIZ) GmbH,Germany – Foreign economic-aid-related services – Auftragsänderung 1: 81315669-Accompagnement technique des projets innovants des Algerian Agripreneurs,"75211200, 79411100",non,2026-06-03,379779-2026,https://ted.europa.eu/en/notice/379779-2026/html,oui,,,nouveau,2026-07-04
2026-07-04,(gagnant non publie),Administration / defense,BLR,,Ambasada Rzeczypospolitej Polskiej z siedzibą w Mińsku,Poland – Consular services – Usługi przyjmowania wniosków wizowych na rzecz polskich placówek zagranicznych w Republice Białorusi,75211110,non,2026-06-10,396825-2026,https://ted.europa.eu/en/notice/396825-2026/html,verifier,,,nouveau,2026-07-04
2026-07-04,(gagnant non publie),Environnement / traitement,SRB,,"European Union, represented by the European Commission on behalf of and for the account of Serbia",Serbia – Consulting services for water-supply and waste-water other than for construction – Technical Assistance for river basin and flood risk plan,90713100,non,2026-06-12,403870-2026,https://ted.europa.eu/en/notice/403870-2026/html,verifier,,,nouveau,2026-07-04
2026-07-04,"IP Consult, Institut für Projektplanung GmbH",Administration / defense,ECU,"901 705,00 EUR",Deutsche Gesellschaft für Internationale Zusammenarbeit (GIZ) GmbH,Germany – Foreign economic-aid-related services – 81321944-Estudios de factibilidad de proyectos de movilidad urbana sostenible en ciudades del Ecuador,"75211200, 71400000, 79300000",non,2026-06-18,418620-2026,https://ted.europa.eu/en/notice/418620-2026/html,oui,,,nouveau,2026-07-04
2026-07-04,ENERGY DELIVERY SOLUTIONS,Energie / petrole-gaz,MKD,"46 000 000,00 MKD",Public Enterprise for Railway Infrastructure Railways of Republic of Norh Macedonia-Skopje,"North Macedonia – Electricity, heating, solar and nuclear energy – Electric energy",09300000,non,2026-06-25,432457-2026,https://ted.europa.eu/en/notice/432457-2026/html,oui,,,nouveau,2026-07-04
2026-07-04,ENERGY DELIVERY SOLUTIONS,Energie / petrole-gaz,MKD,"46 000 000,00 MKD",Public Enterprise for Railway Infrastructure Railways of Republic of Norh Macedonia-Skopje,"North Macedonia – Electricity, heating, solar and nuclear energy – Electric energy",09300000,non,2026-06-26,441483-2026,https://ted.europa.eu/en/notice/441483-2026/html,oui,,,nouveau,2026-07-04
2026-07-04,Consortium NIRAS Germany GmbH - Dorsch Impact GmbH,Administration / defense,PER,"901 745,00 EUR",Deutsche Gesellschaft für Internationale Zusammenarbeit (GIZ) GmbH,"Germany – Foreign economic-aid-related services – 81322574-Acelerando la transición hacia la economía circular, la gestión de los residuos y las tecnologías neutras en carbono","75211200, 79411100, 80400000",non,2026-07-02,453458-2026,https://ted.europa.eu/en/notice/453458-2026/html,oui,,,nouveau,2026-07-04
2026-07-04,(gagnant non publie),Energie / petrole-gaz,MK005,,Municipality of Bitola,North Macedonia-Bitola: Electricity,09310000,non,2023-01-17,31321-2023,https://ted.europa.eu/en/notice/31321-2023/html,verifier,,,nouveau,2026-07-04
2026-07-04,ESM PRODAZBA DOOEL SKOPJE,Energie / petrole-gaz,MK001,"32 876 977,00 MKD",AD TEC NEGOTINO,North Macedonia-Negotino: Electricity,09310000,non,2023-03-27,182762-2023,https://ted.europa.eu/en/notice/182762-2023/html,oui,,,nouveau,2026-07-04
2026-07-04,ESM Prodazba DOOEL National,Energie / petrole-gaz,MK008,"17 000 000,00 MKD",JZU University institute of positron emission tomography,North Macedonia-Skopje: Electricity,"09000000, 09310000",non,2023-04-11,215768-2023,https://ted.europa.eu/en/notice/215768-2023/html,oui,,,nouveau,2026-07-04
2026-07-04,(gagnant non publie),Energie / petrole-gaz,MK004,,JPKD Komunalec Gevgelija,North Macedonia-Gevgelija: Electricity,09310000,non,2023-04-14,222054-2023,https://ted.europa.eu/en/notice/222054-2023/html,verifier,,,nouveau,2026-07-04
2026-07-04,SWS Consulting Engineering - Structures Water and Survey - Dege e Shoqerise se Huaj National,Environnement / traitement,MK00,"175 600,00 USD",MEDITERRANEAN INFORMATION OFFICE FOR ENVIRONMENT CULTURE AND SUSTAINABLE DEVELOPMENT,Greece-Athens: Natural resources management or conservation strategy planning services,90712400,non,2023-04-14,222982-2023,https://ted.europa.eu/en/notice/222982-2023/html,oui,,,nouveau,2026-07-04
2026-07-04,(gagnant non publie),Energie / petrole-gaz,MK007,,P.U. VODOVOD Kumanovo,North Macedonia-Kumanovo: Electricity,09310000,non,2023-05-05,270000-2023,https://ted.europa.eu/en/notice/270000-2023/html,verifier,,,nouveau,2026-07-04
2026-07-04,Energy Delivery Solutions AD National,Energie / petrole-gaz,MK008,"292 683,00 EUR",Municipality Gjorce Petrov,"North Macedonia-Skopje: Electricity, heating, solar and nuclear energy","09300000, 09310000",non,2023-05-08,271362-2023,https://ted.europa.eu/en/notice/271362-2023/html,oui,,,nouveau,2026-07-04
2026-07-04,ESM Prodazba DOOEL,Energie / petrole-gaz,MK00,"149 068 055,00 MKD",Ss. Cyril and Methodius University Skopje - Rector’s office,North Macedonia-Skopje: Electricity,09310000,non,2023-05-12,281971-2023,https://ted.europa.eu/en/notice/281971-2023/html,oui,,,nouveau,2026-07-04
2026-07-04,(gagnant non publie),Energie / petrole-gaz,MK004,,JPKD Komunalec Gevgelija,North Macedonia-Gevgelija: Electricity,09310000,non,2023-05-19,298562-2023,https://ted.europa.eu/en/notice/298562-2023/html,verifier,,,nouveau,2026-07-04
2026-07-04,ENERGY DELIVERY SOLUTIONS AD Skopje National,Energie / petrole-gaz,MK004,"210 247,00 EUR",Municipality of Gevgelija,North Macedonia-Gevgelija: Electricity,09310000,non,2023-05-24,309259-2023,https://ted.europa.eu/en/notice/309259-2023/html,oui,,,nouveau,2026-07-04
2026-07-04,(gagnant non publie),Energie / petrole-gaz,MK007,,P.U. VODOVOD Kumanovo,North Macedonia-Kumanovo: Electricity,09310000,non,2023-05-26,313302-2023,https://ted.europa.eu/en/notice/313302-2023/html,verifier,,,nouveau,2026-07-04
2026-07-04,DTSE Renewable energy supply RES DOO Skopje National,Energie / petrole-gaz,MK00,"8 305 085,00 MKD",JP za javni parkiralista PARKING KAVADARCI Kavadarci,North Macedonia-Kavadarci: Electricity,09310000,non,2023-06-09,342329-2023,https://ted.europa.eu/en/notice/342329-2023/html,oui,,,nouveau,2026-07-04
2026-07-04,ESM Prodazhba,Energie / petrole-gaz,MK004,"20 000 000,00 MKD",Public Health Institute Hospital Strumica,North Macedonia-Strumica: Electricity,09310000,non,2023-06-22,373013-2023,https://ted.europa.eu/en/notice/373013-2023/html,oui,,,nouveau,2026-07-04
2026-07-04,ESM PRODAZBA DOOEL SKOPJE,Energie / petrole-gaz,MK003,"18 000 000,00 MKD","Specijalizirana bolnica za ortopediju i traumatologiju ""Sv Erazmo"" - Ohrid, R. Makedonija",North Macedonia-Ohrid: Electricity,09310000,non,2023-07-03,397640-2023,https://ted.europa.eu/en/notice/397640-2023/html,oui,,,nouveau,2026-07-04
2026-07-04,ENERGY ACTIVE import-export Skopje,Energie / petrole-gaz,MK007,"25 000 000,00 MKD",P.U. VODOVOD Kumanovo,North Macedonia-Kumanovo: Electricity,09310000,non,2023-07-18,434626-2023,https://ted.europa.eu/en/notice/434626-2023/html,oui,,,nouveau,2026-07-04
2026-07-04,"Drustvo za proizvodstvo, trgovija i uslugi SBP ENERDZI PRODAKSHN DOOEL Strumica National",Energie / petrole-gaz,MK004,"30 000 000,00 MKD",JPKD Komunalec Gevgelija,North Macedonia-Gevgelija: Electricity,09310000,non,2023-07-21,443876-2023,https://ted.europa.eu/en/notice/443876-2023/html,oui,,,nouveau,2026-07-04
2026-07-04,"Друштво за производство, трговија и услуги ПЦ КОНТРОЛ ХАРДВЕР ДООЕЛ увоз-извоз Струмица",Energie / petrole-gaz,MK0,"177 846,82 EUR",Radovish Municipality,North Macedonia-Radovish: Solar energy,"09330000, 09331200",non,2023-09-15,554939-2023,https://ted.europa.eu/en/notice/554939-2023/html,oui,,,nouveau,2026-07-04
2026-07-04,Друштво за трговија и услуги ЕНЕРЏИ ДЕЛИВЕРИ СОЛУШНС АД Скопје,Energie / petrole-gaz,MK0,"133 573,58 EUR",Radovish Municipality,North Macedonia-Radovish: Electricity,09310000,non,2023-09-15,556596-2023,https://ted.europa.eu/en/notice/556596-2023/html,oui,,,nouveau,2026-07-04
2026-07-04,"ЕВН Македонија Електроснабдување ДООЕЛ Скопје, Друштво за снабдување со електрична енергија",Energie / petrole-gaz,MK0,"52 272,35 EUR",Radovish Municipality,North Macedonia-Radovish: Electricity,09310000,non,2023-09-15,557668-2023,https://ted.europa.eu/en/notice/557668-2023/html,oui,,,nouveau,2026-07-04
2026-07-04,Ecorys Nederland BV National,Administration / defense,AL022,"3 583 750,00 EUR","European Union, represented by the European Commission, on behalf of and for the account of Albania",Albania-Tirana: Executive and legislative services,"75111000, 75130000, 79421000",non,2023-11-15,693383-2023,https://ted.europa.eu/en/notice/693383-2023/html,oui,,,nouveau,2026-07-04
2026-07-04,Ecorys Nederland BV National,Administration / defense,AL022,"3 583 750,00 EUR","European Union, represented by the European Commission, on behalf of and for the account of Albania",Albania-Tirana: Executive and legislative services,"75111000, 75130000, 79421000",non,2023-11-24,714144-2023,https://ted.europa.eu/en/notice/714144-2023/html,oui,,,nouveau,2026-07-04
2026-07-04,WSP Sverige AB,Ingenierie / etudes,NOZZZ,,Trafikverket Myndighet,Sweden – Consultative engineering and construction services – Furunäs-V Rödupp,71310000,non,2024-06-06,336275-2024,https://ted.europa.eu/en/notice/336275-2024/html,oui,,,nouveau,2026-07-04
2026-07-04,Ernst Young Kurumsal Finansman Danışmanlık A.Ş. National; Ernst&Young d.o.o. Beograd National,Ingenierie / etudes,TR510,"1 350 000,00 EUR",Central Finance and Contracts Unit,Turkey-Ankara: Technical assistance services,71356200,non,2024-06-14,351417-2024,https://ted.europa.eu/en/notice/351417-2024/html,oui,,,nouveau,2026-07-04
2026-07-04,Nowak-Mosty Sp. z o.o,BTP / construction,ALZZZ,"223 201 170,00 PLN",PKP Polskie Linie Kolejowe Spółka Akcyjna,Poland – Construction work – Zaprojektowanie i budowa elementów infrastruktury technicznej wzdłuż linii kolejowej nr 4 w ramach projektu pn. „Dostosowanie CMK do prędkości 250 km/h”,"45000000, 45230000, 45200000, 45234000, 44212329, 71322000",oui,2024-11-14,694145-2024,https://ted.europa.eu/en/notice/694145-2024/html,oui,,,nouveau,2026-07-04
2026-07-04,VEOLIA ENERGY CONTRACTING POLAND SP. Z O.O; Energa-Obrót S.A,Energie / petrole-gaz,ALZZZ,"30 715 758,43 PLN","Jednostki Państwowego Gospodarstwa Leśnego Lasy Państwowe szczegółowo wskazane w załączniku nr 3 do SWZ, w imieniu których jako Pełnomocnik działa Centrum Koordynacji Projektów Środowiskowych,",Poland – Electricity – Dostawa energii elektrycznej wraz z odkupem energii wyprodukowanej w instalacjach wytwórczych dla jednostek organizacyjnych PGL LP,09310000,non,2024-12-10,754711-2024,https://ted.europa.eu/en/notice/754711-2024/html,oui,,,nouveau,2026-07-04
2026-07-04,Arup _4744,Environnement / traitement,ALZZZ,"148 000,00 EUR",Southern Regional Assembly,"Ireland – Environmental protection – Strategic Environmental Assessment, Appropriate Assessment Services and Strategic Flood Risk Assessment Services for the preparation of the Regional Spatial and Economic Strategy (RSES) 2026-2032.","90720000, 71313000, 90712000, 90711500, 90712100, 90714000, 90710000, 90714300, 90713000, 90711000, 90700000",non,2025-02-21,118240-2025,https://ted.europa.eu/en/notice/118240-2025/html,oui,,,nouveau,2026-07-04
2026-07-04,FaulknerBrowns LLP trading as FaulknerBrowns Architects,Ingenierie / etudes,TR621,,Dublin City Council,Ireland – Architectural and related services – Request for Tender for Single-Party Framework Agreement for Architect Led Integrated Design Team Services for Irishtown Leisure Centre,"71200000, 71300000, 71312000, 71334000, 71324000, 79415200, 71321000, 71320000, 71317200, 71340000",non,2025-03-20,182217-2025,https://ted.europa.eu/en/notice/182217-2025/html,oui,,,nouveau,2026-07-04
2026-07-04,Quinn Architects 207908-2025 Page 5/7; Kerin Contract Management Ltd,Ingenierie / etudes,ALZZZ,"241 370,00 EUR",The Society of St Vincent De Paul,"Ireland – Architectural and related services – Design / Consultancy Services for The Society of St Vincent de Paul, Community Drop-In Centre","71200000, 71244000, 71540000, 71541000, 71220000, 71311000, 71312000, 71311300, 71334000, 45212350, 71317200, 71521000, 71324000",non,2025-04-01,207908-2025,https://ted.europa.eu/en/notice/207908-2025/html,oui,,,nouveau,2026-07-04
2026-07-04,Sweco Belgium NV,Ingenierie / etudes,XKZZZ,"2 111 177,00 EUR",Vlaamse Overheid,Belgium – Architectural design services – WWV/INV/N8/31/S1/bis - Studie voor de onderzoeksfase van het complex project 'Optimalisatie van de verbinding Ieper-Veurne tussen Vleteren en Noorderring (N38)',"71220000, 79930000, 71300000, 73110000, 71311000, 71352000, 71311210, 71311220, 75130000, 71311300, 71351500, 79311000, 71313400, 71322000, 71313440, 71322500, 71240000, 71355000, 71241000, 71351810, 71242000, 71244000, 71400000, 71332000",non,2025-04-09,230306-2025,https://ted.europa.eu/en/notice/230306-2025/html,oui,,,nouveau,2026-07-04
2026-07-04,KSN Project Management,Ingenierie / etudes,ALZZZ,"34 200,00 EUR",Southern Regional Assembly,"Ireland – Architectural, engineering and surveying services – Tender for Quantity Surveying Services to carry out Budgetary Assessments on proposed Heritage Building project applications submitted by Local Authorities for funding under THRIVE","71250000, 71322100, 71251000, 71315300, 79311000",non,2025-05-14,309489-2025,https://ted.europa.eu/en/notice/309489-2025/html,oui,,,nouveau,2026-07-04
2026-07-04,Arcadiz Telecom NV,Telecom / equipements,ALZZZ,"440 816,80 EUR",BELNET,Belgium – Communications infrastructure – Publication trimestrielle des marchés subséquents attribués.,32571000,non,2025-06-03,355474-2025,https://ted.europa.eu/en/notice/355474-2025/html,oui,,,nouveau,2026-07-04
2026-07-04,(gagnant non publie),Telecom / equipements,ALZZZ,,Department of Education,Ireland – Telephone equipment – Provision of Secure Mobile Phone Pouches for Students in Post Primary Schools,"32550000, 18923000, 18923100",non,2025-06-03,356511-2025,https://ted.europa.eu/en/notice/356511-2025/html,verifier,,,nouveau,2026-07-04
2026-07-04,Alcadon bv,Telecom / equipements,ALZZZ,"1 285 011,10 EUR",Infrabel sa,Belgium – Fibre-optic connections – Materialen voor het aansluiten van optische vezels,"32561000, 32560000",non,2025-07-03,429626-2025,https://ted.europa.eu/en/notice/429626-2025/html,oui,,,nouveau,2026-07-04
2026-07-04,TERRA ENGINEERING & CONSULTANCY,Ingenierie / etudes,ALZZZ,"686 522,48 EUR",Vlaamse Overheid,Belgium – Engineering services – Opdrachten voor diensten voor sloop- en bodemsaneringsdeskundigen in het kader van het bodemdecreet en het afvalstoffendecreet,"71300000, 90650000, 71311210, 45111250, 71242000, 71000000, 71351500",non,2025-07-29,494146-2025,https://ted.europa.eu/en/notice/494146-2025/html,oui,,,nouveau,2026-07-04
2026-07-04,Caraglass Ltd T/a Zeeko,Telecom / equipements,ALZZZ,"0,00 EUR",Department of Education and Youth,Ireland – Telephone equipment – Multi-supplier Framework Agreement for the supply of Mobile Phone Signal Blocking Pouches,"32550000, 18923000, 18923100",non,2025-09-16,604946-2025,https://ted.europa.eu/en/notice/604946-2025/html,oui,,,nouveau,2026-07-04
2026-07-04,CAAS Ltd._10665,Environnement / traitement,NLZZZ,"100 100,00 EUR",Northern and Western Regional Assembly,Ireland – Environmental Impact Assessment (EIA) services other than for construction – Professional Services for SEA AA and RFRA and other technical assistance and advice on RRES and RLCA for the review and preparation of a New Regional Spatial and Economic Strategy,"90711400, 90720000, 90711500, 90712000, 90712100, 90700000, 90714000, 90710000, 90711000, 71313000, 90714300",non,2025-09-18,609848-2025,https://ted.europa.eu/en/notice/609848-2025/html,oui,,,nouveau,2026-07-04
2026-07-04,S3 Solutions,Conseil / services aux entreprises,ALZZZ,"47 000,00 EUR",Atlantic Technological University,Ireland – Financial management consultancy services – 25/235 Atlantic Technological University wishes to appoint a consultant to provide a Scoping Report of ATU’s potential role in the Marine Sector.,"79412000, 79413000, 79414000, 79419000, 90713000, 71621000, 66171000, 72221000, 66523000, 66519310, 72224000, 72220000, 79341100, 79411000, 79411100, 73000000, 73220000, 79221000, 79410000, 79400000, 73210000, 73200000",non,2025-10-08,660571-2025,https://ted.europa.eu/en/notice/660571-2025/html,oui,,,nouveau,2026-07-04
2026-07-04,Arup _4744,Ingenierie / etudes,ALZZZ,"161 769,00 EUR",Southern Regional Assembly,Ireland – Construction economics services – Provision of an Economic Report for the Southern Region,"71321100, 79311400, 79311410, 72222000",non,2025-11-05,731398-2025,https://ted.europa.eu/en/notice/731398-2025/html,oui,,,nouveau,2026-07-04
2026-07-04,Arcadiz Telecom NV,Telecom / equipements,ALZZZ,"1 095 625,82 EUR",BELNET,Belgium – Communications infrastructure – Publication trimestrielle des marchés subséquents attribués.,32571000,non,2025-11-06,734503-2025,https://ted.europa.eu/en/notice/734503-2025/html,oui,,,nouveau,2026-07-04
2026-07-04,Robin Lee Architecture_133069,Ingenierie / etudes,ALZZZ,"679 000,00 EUR",Longford County Council,Ireland – Architectural design services – Renovation and Redevelopment as a Museum and Cultural/Community Centre at Connolly Barracks,"71220000, 71300000, 79415200, 79933000, 71320000, 71242000, 79400000, 71410000",oui,2025-12-04,806127-2025,https://ted.europa.eu/en/notice/806127-2025/html,oui,,,nouveau,2026-07-04
2026-07-04,G-TEC,Ingenierie / etudes,BEZZZ,"352 627,88 EUR",SPF Santé Publique Sécurité de la Chaîne Alimentaire et Environnement,Belgium – Marine survey services – Levé gradiométrique/magnetométrique de détail sur le Paardenmarkt,71354500,non,2026-01-06,4796-2026,https://ted.europa.eu/en/notice/4796-2026/html,oui,,,nouveau,2026-07-04
2026-07-04,VEOLIA ENERGY CONTRACTING POLAND SP. Z O.O; Energa-Obrót S.A,Energie / petrole-gaz,ALZZZ,"4 099 474,06 PLN","Jednostki Państwowego Gospodarstwa Leśnego Lasy Państwowe szczegółowo wskazane w załączniku nr 3 do SWZ, w imieniu których jako Pełnomocnik działa Centrum Koordynacji Projektów Środowiskowych,",Poland – Electricity – Dostawa energii elektrycznej wraz z odkupem energii wyprodukowanej w instalacjach wytwórczych dla jednostek organizacyjnych PGL LP,09310000,non,2026-01-06,5061-2026,https://ted.europa.eu/en/notice/5061-2026/html,oui,,,nouveau,2026-07-04
2026-07-04,Arcadiz Telecom NV,Telecom / equipements,ALZZZ,"272 840,00 EUR",BELNET,Belgium – Communications infrastructure – Driemaandelijkse publicatie van gegunde deelopdrachten.,32571000,non,2026-01-29,67258-2026,https://ted.europa.eu/en/notice/67258-2026/html,oui,,,nouveau,2026-07-04
2026-07-04,UPSTREAM RESEARCH LTD,Conseil / services aux entreprises,ALZZZ,"26 180,00 EUR",Southern Regional Assembly,Ireland – Development consultancy services – Development of a Strategy and Action Plan for North-South and East-West cross-border cooperation to the Developing Irish Sea Cooperation (DISC) project.,"73220000, 73210000, 73000000, 79421000",non,2026-02-25,132380-2026,https://ted.europa.eu/en/notice/132380-2026/html,oui,,,nouveau,2026-07-04
2026-07-04,Cooney Architects Ltd,Ingenierie / etudes,ALZZZ,,Westmeath County Council,"Ireland – Architectural, construction, engineering and inspection services – EUJTF-02 Consultancy Services for Design Team - Athlone Boardwalk and Outdoor Swimming Pool","71000000, 71200000, 71300000, 71400000, 71500000, 71800000, 71310000, 71311000, 71318000, 71320000, 71322100, 71322000, 71311220, 71312000, 71311100, 71336000, 71313000, 43324100, 45212212, 37410000, 45246000, 45246100, 45246200, 45246510, 45242100, 44212400, 44212410, 90720000, 90711400, 90712000, 90712100, 90713000, 90700000, 71313400, 71313440, 71313430, 71313420, 71313450",non,2026-03-27,213654-2026,https://ted.europa.eu/en/notice/213654-2026/html,oui,,,nouveau,2026-07-04
2026-07-04,Arcadiz Telecom NV,Telecom / equipements,ALZZZ,"201 028,00 EUR",BELNET,Belgium – Communications infrastructure – Publication trimestrielle des marchés subséquents attribués.,32571000,non,2026-04-23,278510-2026,https://ted.europa.eu/en/notice/278510-2026/html,oui,,,nouveau,2026-07-04
2026-07-04,Circet Networks (Ireland) Limited,BTP / construction,ALZZZ,,Electricity Supply Board ( ESB ),Ireland – Works for complete or part construction and civil engineering work – Underground Civils Fibre Build and Maintenance Services pursuant to a framework agreement,"45200000, 45300000, 45400000, 45500000, 32562200, 32412100, 32000000, 32522000, 32500000, 32524000, 32523000, 32510000, 32520000, 32521000, 45314000, 45232332, 50300000, 50331000, 64200000, 50332000, 50330000, 64220000",non,2026-06-19,422487-2026,https://ted.europa.eu/en/notice/422487-2026/html,oui,,,nouveau,2026-07-04
2026-07-04,SYSTRA Ltd,Ingenierie / etudes,NOZZZ,"120 000,00 EUR",Sport Ireland Facilities DAC,Ireland – Civil engineering consultancy services – Consultancy for the Implementation of the Sport Ireland Campus Car Parking Strategy,"71311000, 71311200",non,2026-06-29,443008-2026,https://ted.europa.eu/en/notice/443008-2026/html,oui,,,nouveau,2026-07-04
2026-07-04,KWS,Mines / materiaux,ALZZZ,"3 500,00 EUR",Atlantic Technological University,"Ireland – Mining, basic metals and related products – 26/288 Dynamic Purchasing System for the Supply and Delivery of Metals including Steel, Welding and Metal Fabrication Consumables and Related Equipment for Atlantic Technological University","14000000, 14700000, 24311300, 14523000, 42630000, 42900000, 42660000, 42674000, 14720000, 39162100, 39162110, 39162200, 39162000, 14622000, 44450000, 43710000, 43711000, 43720000, 43830000",non,2026-06-30,446914-2026,https://ted.europa.eu/en/notice/446914-2026/html,oui,,,nouveau,2026-07-04
2026-07-04,KWS,Mines / materiaux,ALZZZ,"36 017,83 EUR",Atlantic Technological University,"Ireland – Mining, basic metals and related products – 26/288 Dynamic Purchasing System for the Supply and Delivery of Metals including Steel, Welding and Metal Fabrication Consumables and Related Equipment for Atlantic Technological University","14000000, 14700000, 24311300, 14523000, 42630000, 42900000, 42660000, 42674000, 14720000, 39162100, 39162110, 39162200, 39162000, 14622000, 44450000, 43710000, 43711000, 43720000, 43830000",non,2026-06-30,448527-2026,https://ted.europa.eu/en/notice/448527-2026/html,oui,,,nouveau,2026-07-04
2026-07-06,SkyTEM Surveys ApS,Ingenierie / etudes,KEN,"930 000,00 USD",De Nationale Geologiske Undersøgelser for Danmark og Grønland,Denmark – Geophysical consultancy services – Provision of an airborne geophysical survey of the southern Nairobi aqifer system (NAS) Kenya,"71351210, 71352000",non,2026-07-06,461121-2026,https://ted.europa.eu/en/notice/461121-2026/html,oui,,,nouveau,2026-07-06
2026-07-09,(gagnant non publie),IT / numerique,LSO,,Finnish National Agency for Education,Finland – Research and development services and related consultancy services – Expert services in education related to developing countries (DPS) - Regional Teachers Initiative for Africa (RTIA): Technical Expertise for Lesotho,"73000000, 72212931, 72224000, 73200000, 75112100, 75121000, 79300000, 79400000, 79421200, 80500000",non,2026-07-08,468366-2026,https://ted.europa.eu/en/notice/468366-2026/html,verifier,,,nouveau,2026-07-09
2026-07-09,(gagnant non publie),IT / numerique,LSO,,Finnish National Agency for Education,Finland – Research and development services and related consultancy services – Expert services in education related to developing countries (DPS) - Regional Teachers Initiative for Africa (RTIA): Technical Expertise for Lesotho,"73000000, 72212931, 72224000, 73200000, 75112100, 75121000, 79300000, 79400000, 79421200, 80500000",non,2026-07-09,474657-2026,https://ted.europa.eu/en/notice/474657-2026/html,verifier,,,nouveau,2026-07-09
2026-07-09,(gagnant non publie),Administration / defense,TZA,,Deutsche Gesellschaft für Internationale Zusammenarbeit (GIZ) GmbH,Germany – Foreign economic-aid-related services – 81314302-Employment promotion for women for the green transformation in Africa (WE4D),"75211200, 80530000",non,2026-07-09,475775-2026,https://ted.europa.eu/en/notice/475775-2026/html,verifier,,,nouveau,2026-07-09
2026-07-13,OPM Europe GmbH,Administration / defense,NPL,"383 100,10 EUR",Deutsche Gesellschaft für Internationale Zusammenarbeit (GIZ) GmbH,Germany – Foreign economic-aid-related services – 81314023-Technical advisory services on the development of the National Health Insurance scheme in Nepal,"75211200, 75122000",non,2026-07-13,480717-2026,https://ted.europa.eu/en/notice/480717-2026/html,oui,,,nouveau,2026-07-13
2026-07-16,(gagnant non publie),Administration / defense,NAM,,Deutsche Gesellschaft für Internationale Zusammenarbeit (GIZ) GmbH,"Germany – Foreign economic-aid-related services – 81322781-Integrated, inclusive and climate-smart spatial planning in Lüderitz, Aus and ||Kharas","75211200, 71410000, 90712100",non,2026-07-16,492398-2026,https://ted.europa.eu/en/notice/492398-2026/html,verifier,,,nouveau,2026-07-16
2026-07-16,(gagnant non publie),Telecom / equipements,ALZZZ,,BELNET,Belgium – Communications infrastructure – Driemaandelijkse publicatie van gegunde deelopdrachten.,32571000,non,2026-07-16,491534-2026,https://ted.europa.eu/en/notice/491534-2026/html,verifier,,,nouveau,2026-07-16
2026-07-17,GFA Consulting Group GmbH,Administration / defense,ECU,"889 163,50 EUR",Deutsche Gesellschaft für Internationale Zusammenarbeit (GIZ) GmbH,"Germany – Foreign economic-aid-related services – Auftragsänderung 1: 81316543-PM&E, fortalecimiento del sector educativo y desarrollo organizacional para PreViMujer III en Ecuador","75211200, 79000000",non,2026-07-17,494282-2026,https://ted.europa.eu/en/notice/494282-2026/html,oui,,,nouveau,2026-07-17
2026-07-18,"GUANGZHOU TIAN LONG INFORMATION TECHNOLOGY CO., LTD ; CHINA MCC17 GROUP CO LTD ; FUTURE INVEST GROUP ; ZHONGYU ENGINEERING (TIANJIN) CO. LTD",Travaux / BTP,UZB,USD 7.919 million,Water Services and Institutional Support Project,"Construction of new WWTP (3.1 thousand m3/day), sewerage networks, pumping stations and SCADA in Pakhtaobod · titulaire China · duree 18 Month(s)",RFB,,2026-04-21,OP00457442,https://projects.worldbank.org/en/projects-operations/procurement-detail/OP00457442,oui,,,,2026-07-18
2026-07-18,STECOL CORPORATION ; AK ZHOL KURYLYS ; SP SINE MIDAS STROY ; KLV INSANT ANONIM SIRKETI,Travaux / BTP,KAZ,USD 205.595 million,Transport Resilience and Connectivity Enhancement Project (Jezkazgan-Karagandy Section of TCITR (Mid,"The project provides for reconstruction of 4 sections of Jezqazgan - Karagandy corridor using an integrated design, build, and maintain approach under Output and Performance-based road contract (OPBRC) arrangement. · titulaire China · duree 11 Year(s)",RFB,,2026-06-16,OP00457285,https://projects.worldbank.org/en/projects-operations/procurement-detail/OP00457285,oui,,,,2026-07-18
2026-07-18,FGT: FASO GENERAL TECHNOLOGY ; SNTM ; TOUJA SAS ; CCB SAS,Travaux / BTP,MLI,USD 8.010 million,Mali Water Security Project,"Travaux de réalisation de la conduite de transfert de Missira à Kati-Sud, de construction du château d'eau et de la station de pompage · titulaire Burkina Faso · duree 18 Month(s)",RFB,,2026-07-02,OP00457360,https://projects.worldbank.org/en/projects-operations/procurement-detail/OP00457360,oui,,,,2026-07-18
2026-07-18,SINOTEC CONSORTIUM ; CHINA JIANGXI INTERNATIONAL ECONOMIC & TECHNICAL CORPORATION COMPANY LIMITED ; TRANSRAIL LIGHTING LIMITED ; TBEA CO. LTD,Travaux / BTP,ZMB,USD 41.756 million,RETRADE-SA MPA Phase 1: Zambia - Tanzania Interconnector Project,Construction of the Pensulo-Mipika 330kV Transmission Lines and Associated Substation Extensions (Package 1) · titulaire China · duree 24 Month(s),RFB,,2026-05-18,OP00457165,https://projects.worldbank.org/en/projects-operations/procurement-detail/OP00457165,oui,,,,2026-07-18
2026-07-18,WORLD HEALTH ORGANIZATION (WHO),Travaux / BTP,UKR,USD 11.700 million,Health Enhancement And Lifesaving (HEAL) Ukraine Project,Modular boiler houses for healthcare facilities · titulaire World · duree 6 Month(s),DIR,,2026-06-23,OP00456282,https://projects.worldbank.org/en/projects-operations/procurement-detail/OP00456282,oui,,,,2026-07-18
2026-07-18,"CHINA WUYI CO. LTD / FUJIAN JIANKE ENGINEERING TECHNOLOGY CO., LTD. (CONSORTIUM) ; HUNAN ROAD & BRIDGE CONSTRUCTION GROUP CO., LTD. AND HUNAN NO. 6 ENGINEERING CO., LTD. (JOINT VENTURE)",Travaux / BTP,PHL,USD 13.782 million,Philippines Seismic Risk Reduction and Resilience Project,"Batch 3, Retrofitting and Strengthening/Upgrading of Public-School Buildings in Preparation for ""The Big One"". · titulaire China · duree 20 Month(s)",RFB,,2026-05-13,OP00455733,https://projects.worldbank.org/en/projects-operations/procurement-detail/OP00455733,oui,,,,2026-07-18
2026-07-18,"HUNAN ROAD & BRIDGE CONSTRUCTION GROUP CO., LTD. AND HUNAN NO. 6 ENGINEERING CO., LTD. (JOINT VENTURE) ; CHINA WUYI CO. LTD / FUJIAN JIANKE ENGINEERING TECHNOLOGY CO., LTD. (CONSORTIUM)",Travaux / BTP,PHL,USD 22.597 million,Philippines Seismic Risk Reduction and Resilience Project,"Batch 4, Retrofitting and Strengthening/Upgrading of Public-School Buildings in Preparation for ""The Big One"" · titulaire China · duree 20 Month(s)",RFB,,2026-05-13,OP00455736,https://projects.worldbank.org/en/projects-operations/procurement-detail/OP00455736,oui,,,,2026-07-18
2026-07-18,"WIETC (WEIHAI INTERNATIONAL ECONOMIC TECHNICAL COOPERATIVE CO.,LTD) ; CJIC (CHINA JIANGXI INTERNATIONAL ECONOMIC AND TECHNICAL COOPERATION CO, LTD) ; SYNOHYDRO BUREAU 14 CO LTD ; CREC (CHINA RAILWAY NO.10 ENGINEERING GROUP CO.,LTD)",Travaux / BTP,MDG,USD 15.437 million,Madagascar National Water Project,Travaux de remplacement des conduites vétustes du réseau dans le Grand Antananarivo (DAO 4) · titulaire China · duree 18 Month(s),RFB,,2026-06-30,OP00455276,https://projects.worldbank.org/en/projects-operations/procurement-detail/OP00455276,oui,,,,2026-07-18
2026-07-18,SINOHYDRO BUREAU 14 CORPORATION LIMITED,Travaux / BTP,MDG,USD 4.464 million,Economic Transformation for Inclusive Growth Project,Travaux de réhabilitation de bâtiments administratifs de la Direction de la Dette Publique · titulaire Chine · duree 18 Month(s),RFB,,2026-06-10,OP00455269,https://projects.worldbank.org/en/projects-operations/procurement-detail/OP00455269,oui,,,,2026-07-18
2026-07-18,METAG INSAAT TICARET ANONIM SIRKETI ; MBC BTP ; ARAB CONTRACTORS,Travaux / BTP,NER,USD 102.198 million,Southern Niger Connectivity and Integration Project,"Travaux de réhabilitation de routes bitumées des sections Maradi-Zinder (232,89 km) en quatre (4) Lots · titulaire Turquie · duree 24 Month(s)",RFB,,2026-06-22,OP00454717,https://projects.worldbank.org/en/projects-operations/procurement-detail/OP00454717,oui,,,,2026-07-18
2026-07-18,ENTREPRISE ESICO ; ENTREPRISE WAZIR ; CHINA FIRST HIGHWAY ENGINEERING CO LTD ; ENTREPRISE MOREY,Travaux / BTP,NER,USD 73.002 million,Southern Niger Connectivity and Integration Project,"Travaux de réhabilitation de routes bitumées des sections Maradi-Zinder (232,89 km) en quatre (4) Lots · titulaire Tchad · duree 24 Month(s)",RFB,,2026-06-22,OP00454563,https://projects.worldbank.org/en/projects-operations/procurement-detail/OP00454563,oui,,,,2026-07-18
2026-07-18,"China Road And Bridge Corporation ; NATIONAL DEVELOPMENT ENGINEERS LTD ; XINGTAI ROAD AND BRIDGE CONSTRUCTION GROUP CO., LTD ; CONCORD PRAGATEE CONSORTIUM LTD",Travaux / BTP,BGD,USD 52.646 million,Accelerating Transport and Trade Connectivity in Eastern South Asia – Bangladesh Phase 1 Project,Improvement of Sylhet-Charkhai-Sheola Highway into 4-Lane Highway from Sylhet (Kadamtali) - Golapganj - Sheola Bridge - Sheola Landport (Ch. 00+000 to 42+985 km) (Length: 42.985 km) · titulaire China · duree 11 Year(s),RFB,,2026-06-22,OP00454386,https://projects.worldbank.org/en/projects-operations/procurement-detail/OP00454386,oui,,,,2026-07-18
2026-07-18,METAG INSAAT TICARET ANONIM SIRKETI ; MBC BTP ; ARAB CONTRACTORS,Travaux / BTP,NER,USD 40.411 million,Southern Niger Connectivity and Integration Project,"Travaux de réhabilitation de routes bitumées des sections Maradi-Zinder (232,89 km) en quatre (4) Lots · titulaire Turquie · duree 24 Month(s)",RFB,,2026-06-22,OP00454538,https://projects.worldbank.org/en/projects-operations/procurement-detail/OP00454538,oui,,,,2026-07-18
2026-07-18,"GROUPEMENT WIETC & QDICC ; CHINA JIANGXI INTERNATIONAL ECONOMIC AND TECHNICAL COOPERATION CO., LTD ; GROUPEMENT SINOHYDRO BUREAU 14 CO., LTD. ET KUMNMING ENGINEERING CORPORATION LIMITED ; CHINA RAILWAY 18TH BUREAU GROUP CORPORATION LIMITED",Travaux / BTP,MDG,USD 25.665 million,Madagascar National Water Project,Travaux d’amélioration des infrastructures d’A.E.P de la ville de Mahajanga - DAO 18 · titulaire China · duree 24 Month(s),RFB,,2026-06-05,OP00454246,https://projects.worldbank.org/en/projects-operations/procurement-detail/OP00454246,oui,,,,2026-07-18
2026-07-18,METCH ELEC SARL ; TRAGEDEL ; TECHNO SYSTEMS SARL ; LB GROUP,Travaux / BTP,CAF,USD 3.565 million,CAR-Electricity Sector Strengthening and Access Project,"Distribution 3 villes - Travaux d’installation du réseau électrique de distribution dans les villes de Bossembele, Birao et Nola · titulaire Cameroun · duree 16 Month(s)",RFB,,2026-06-10,OP00453263,https://projects.worldbank.org/en/projects-operations/procurement-detail/OP00453263,oui,,,,2026-07-18
2026-07-18,ALPHA TND ; SOTEM ; TRANSRAIL LIGHTING LIMITED ; ABC Contracting,Travaux / BTP,BDI,USD 21.461 million,Accelerating Sustainable and Clean Energy Access Transformation in Burundi (ASCENT Burundi),Renforcement du réseau 30kV au niveau national · titulaire Ghana · duree 18 Month(s),RFB,,2026-06-06,OP00452258,https://projects.worldbank.org/en/projects-operations/procurement-detail/OP00452258,oui,,,,2026-07-18
2026-07-18,ENTREPRISE ACCORD BTP COTE D'IVOIRE SARL U,Travaux / BTP,BFA,USD 0.882 million,Burkina Faso Water Security Project (BFWSP),Travaux de curage de 29 barrages dans 10 régions du Burkina au profit du PSE-BF (9 lots). · titulaire Cte d'Ivoire · duree 3 Month(s),RFB,,2026-03-24,OP00451902,https://projects.worldbank.org/en/projects-operations/procurement-detail/OP00451902,oui,,,,2026-07-18
2026-07-18,UNITED NATIONS OFFICE PROJECT SERVICES (UNOPS),Travaux / BTP,COD,USD 12.500 million,Forest and Savanna Restoration Investment Program,"Réhabilitation des ouvrages de franchissement, destinés à assurer la connectivité entre les bassins de production et les marchés dans les territoires des Provinces couvertes par le projet. · titulaire Monde · duree 24 Month(s)",DIR,,2026-06-15,OP00451905,https://projects.worldbank.org/en/projects-operations/procurement-detail/OP00451905,oui,,,,2026-07-18
2026-07-18,"Zhongmei Engineering Group Ltd ; SINOHYDRO BUREAU 5 COMPANY LIMITED ; China Jiangxi International Economic and Technical Cooperation Co., Ltd ; CONDURIL - ENGENHARIA, S.A",Travaux / BTP,ZMB,USD 10.434 million,Zambia: Improved Rural Connectivity Project,OPRC Package 13A on the Copperbelt Province · titulaire China · duree 36 Month(s),RFB,,2026-05-06,OP00450617,https://projects.worldbank.org/en/projects-operations/procurement-detail/OP00450617,oui,,,,2026-07-18
2026-07-18,"China Railway Construction Bridge Engineering Bureau Group Co.,Ltd ; MUHAMMAD AMINUL HAQUE (PVT.) LTD ; DIENCO ; TIANEN CONSTRUCTION GROUP CO. LTD",Travaux / BTP,BGD,USD 24.643 million,Bangladesh Road Safety Project,"Prioritized Mass Action Package 3 - Southern Zone (Khulna, Gopalganj) · titulaire China · duree 730 Day(s)",RFB,,2026-06-08,OP00450211,https://projects.worldbank.org/en/projects-operations/procurement-detail/OP00450211,oui,,,,2026-07-18
2026-07-18,"China Railway Construction Bridge Engineering Bureau Group Co.,Ltd ; MUHAMMAD AMINUL HAQUE (PVT.) LTD ; DIENCO ; TIANEN CONSTRUCTION GROUP CO. LTD",Travaux / BTP,BGD,USD 38.040 million,Bangladesh Road Safety Project,"Prioritized Mass Action Package 1 - Northwestern Zone (Rajshahi, Rangpur) · titulaire China · duree 730 Day(s)",RFB,,2026-06-08,OP00450212,https://projects.worldbank.org/en/projects-operations/procurement-detail/OP00450212,oui,,,,2026-07-18
2026-07-18,CHINA FIRST HIGHWAY ENGINEERING CO. LTD ; CHINA CIVIL ENGINEERING CONSTRUCTION CORPORATION (CCECC) ; THE ARAB CONTRACTORS ; AIRIS AFRICA SARL,Travaux / BTP,COD,USD 13.906 million,Kananga Emergency Urban Resilience Project,Travaux Urgents définitifs de lutte antiérosive sur treize (13) sites érosifs dans la ville de Kananga en deux lots distincts · titulaire China · duree 12 Month(s),RFB,,2026-05-26,OP00450198,https://projects.worldbank.org/en/projects-operations/procurement-detail/OP00450198,oui,,,,2026-07-18
2026-07-18,"Sinohydro Corporation Limited ; SOCOL CORPORATION LIMITED ; ELSEWEDY ELECTRIC T&D ; JIANGSU ETERN CO., LTD. (ETERN)",Travaux / BTP,RWA,USD 14.509 million,Rwanda - Accelerating Sustainable and Clean Energy Access Transformation in AFE MPA (ASCENT - Rwanda,Construction of 220kV double circuit transmission line connecting Bwishyura Substation to Kigoma substation (56km) · titulaire China · duree 2 Year(s),RFP,,2026-06-09,OP00450023,https://projects.worldbank.org/en/projects-operations/procurement-detail/OP00450023,oui,,,,2026-07-18
2026-07-18,EKK INFRASTRUCTURE LIMITED ; DILIP BUILDCON LTD ; RAIL VIKAS NIGAM LIMITED ; ELITE CONSTRUCTION COMPANY PVT. LTD,Travaux / BTP,NPL,USD 6.420 million,Nepal Strategic Road Connectivity and Trade Improvement Project,"Construction of Kamala Bridge (Design and Build) at Km 237+022) along Kamala-Dhalkebar- Bagmati Section of Mahendra Highway · titulaire India · duree 1,095 Day(s)",RFP,,2026-06-09,OP00450083,https://projects.worldbank.org/en/projects-operations/procurement-detail/OP00450083,oui,,,,2026-07-18
2026-07-18,"SPS CONSTRUCTION INDIA PVT. LTD ; Shandong Luqiao Group Co.,Ltd ; DILIP BUILDCON LTD ; RAIL VIKAS NIGAM LIMITED",Travaux / BTP,NPL,USD 11.723 million,Nepal Strategic Road Connectivity and Trade Improvement Project,"Construction of Bagmati Bridge (Design and Build) at Km 313+127) along Kamala-Dhalkebar- Bagmati Section of Mahendra Highway · titulaire India · duree 1,095 Day(s)",RFP,,2026-05-14,OP00449612,https://projects.worldbank.org/en/projects-operations/procurement-detail/OP00449612,oui,,,,2026-07-18
2026-07-18,CHINA FIRST HIGHWAY ENGINEERING CO. LTD ; CHINA CIVIL ENGINEERING CONSTRUCTION CORPORATION (CCECC) ; THE ARAB CONTRACTORS ; CHONGQING INTERNATIONAL CONSTRUCTION CORPORATION (CICO),Travaux / BTP,COD,USD 13.278 million,Kananga Emergency Urban Resilience Project,Travaux Urgents définitifs de lutte antiérosive sur treize (13) sites érosifs dans la ville de Kananga en deux lots distincts · titulaire Chine · duree 12 Month(s),RFB,,2026-05-27,OP00448709,https://projects.worldbank.org/en/projects-operations/procurement-detail/OP00448709,oui,,,,2026-07-18
2026-07-18,"SINOHYDRO BUREAU 14 CORPORATION LIMITED ; CHINA JIANGXI INTERNATIONAL ECONOMIC AND TECHNICAL COOPERATION CO., LTD ; GUIZHOU HIGHWAY ENGINEERING GROUP CO., LTD ; CRBC",Travaux / BTP,COD,USD 37.656 million,DRC Transport and Connectivity Development Project,"Travaux Aménagement et Bitumage RN2,Mbanga - Rivière Lualaba (200 km) en 2x2 voies avec infra d’accueil fibre optique et énergie électrique: - Lot1 : Mbanga -Maloba (100 km+ pont 153 ml ; - Lot2 : Maloba- Riv Lualaba (100 km) - Lot3: pont 714ml · titulaire Chine · duree 24 Month(s)",RFB,,2026-05-16,OP00448730,https://projects.worldbank.org/en/projects-operations/procurement-detail/OP00448730,oui,,,,2026-07-18
2026-07-18,"CHINA JIANGXI INTERNATIONAL ECONOMIC AND TECHNICAL COOPERATION CO., LTD ; GUIZHOU HIGHWAY ENGINEERING GROUP CO., LTD ; STECOL CORPORATION ; CHINA RAILWAY 19TH BUREAU GROUP CO., LTD",Travaux / BTP,COD,USD 142.189 million,DRC Transport and Connectivity Development Project,"Travaux Aménagement et Bitumage RN2,Mbanga - Rivière Lualaba (200 km) en 2x2 voies avec infra d’accueil fibre optique et énergie électrique: - Lot1 : Mbanga -Maloba (100 km+ pont 153 ml ; - Lot2 : Maloba- Riv Lualaba (100 km) - Lot3: pont 714ml · titulaire Chine · duree 36 Month(s)",RFB,,2026-05-16,OP00448735,https://projects.worldbank.org/en/projects-operations/procurement-detail/OP00448735,oui,,,,2026-07-18
2026-07-18,UNITED NATIONS OFFICE PROJECT SERVICES (UNOPS),Travaux / BTP,COD,USD 5.882 million,National Agriculture Development Program,Recrutement de l'UNOPS en vue de la réhabilitation des ouvrages dans la Province du Tanganyika · titulaire Monde · duree 18 Month(s),DIR,,2026-05-05,OP00447880,https://projects.worldbank.org/en/projects-operations/procurement-detail/OP00447880,oui,,,,2026-07-18
2026-07-18,CHINA RAILWAY CONSTRUCTION ENGINEERING GROUP CO. LTD ; CHINA HARBOUR ENGINEERING COMPANY LIMITED ; CHINA CIVIL ENGINEERING CONSTRUCTION CORPORATION ; CHINA RAILWAY 15 BUREAU GROUP CORPORATION,Travaux / BTP,TZA,USD 80.241 million,Dodoma Integrated and Sustainable Transport Project,Upgrading of Chamwino - Dodoma Section (32km) to Six (6) and Four (4) lanes dual carriageway under Design and Build Form of Contract. · titulaire China · duree 36 Month(s),RFP,,2026-05-15,OP00446957,https://projects.worldbank.org/en/projects-operations/procurement-detail/OP00446957,oui,,,,2026-07-18
2026-07-18,"CHINA FIRST HIGHWAY ENGINEERING COMPANY LTD ; SINOHYDRO BUREAU 14 CORPORATION LIMITED ; CHINA RAILWAY 19TH BUREAU GROUP CO., LTD ; CHINA CIVIL ENGINEERING CONSTRUCTION CORPORATION (CCECC) (CHINA)",Travaux / BTP,COD,USD 147.976 million,DRC Transport and Connectivity Development Project,"Travaux Aménagement et Bitumage RN2,Mbanga - Rivière Lualaba (200 km) en 2x2 voies avec infra d’accueil fibre optique et énergie électrique: - Lot1 : Mbanga -Maloba (100 km+ pont 153 ml ; - Lot2 : Maloba- Riv Lualaba (100 km) - Lot3: pont 714ml · titulaire Chine · duree 36 Month(s)",RFB,,2026-05-16,OP00446597,https://projects.worldbank.org/en/projects-operations/procurement-detail/OP00446597,oui,,,,2026-07-18
2026-07-18,TRANSRAIL LIGHTING LIMITED ; KEC INTERNATIONAL LIMITED ; KALPATARU PROJECTS INTERNATIONAL LIMITED ; TBEA CO. LTD,Travaux / BTP,TUN,USD 48.204 million,Tunisia-Italy Electricity Integration and Renewable Energy Ecosystem,"Conception, fourniture et installation des lignes aériennes double ternes 400 kV: Mlaabi-Grombalia 2 et Grombalia 2-Mornaguia · titulaire Inde · duree 33 Month(s)",RFB,,2026-05-04,OP00446191,https://projects.worldbank.org/en/projects-operations/procurement-detail/OP00446191,oui,,,,2026-07-18
2026-07-18,INTERNATIONAL ORGANIZATION FOR MIGRATION (IOM),Travaux / BTP,COD,USD 6.000 million,"Democratic Republic of Congo Health Emergency Preparedness, Response, and Resilience Project","Contractualisation Par ED avec OIM pour réhabiliter équiper trois (3) PoE et renforcer la préparation, de la réponse et de la résilience à la suite de la 16ème épidémie de la MVE en Province du Kasai et les provinces du Kasai Central et Kasai Orientale · titulaire Monde · duree 11 Month(s)",DIR,,2026-05-15,OP00445259,https://projects.worldbank.org/en/projects-operations/procurement-detail/OP00445259,oui,,,,2026-07-18
2026-07-18,AGE INSAAT VE TICARET AS ; GHULAM RASOOL & COMPANY PVT.LTD (GRC),Travaux / BTP,PAK,USD 192.808 million,Khyber Pakhtunkhwa Hydropower and Renewable Energy Development,"Gabral Kalam Hydropower Project: Package-1, Civil Works - water conveyance structure (weir, diversion structure, tunnels, etc.), access roads and bridges. · titulaire Turkiye · duree 4 Year(s)",RFB,,2026-05-04,OP00445056,https://projects.worldbank.org/en/projects-operations/procurement-detail/OP00445056,oui,,,,2026-07-18
2026-07-18,MBH POWER LIMITED ; ASHOKA BUILDCON LIMITED ; GIZA CABLE INDUSTRIES ; ANGELIQUE INTERNATIONAL LIMITED,Travaux / BTP,AGO,USD 21.192 million,Angola - Electricity Sector Improvement and Access Project,"Contractor for Supply, Installation, and Commissioning of the Rehabilitation and Expansion Distribution Networks for Package C - Lots 3 (Lubango) and 6 (Luanda 3) · titulaire Nigeria · duree 24 Month(s)",RFP,,2026-04-22,OP00444774,https://projects.worldbank.org/en/projects-operations/procurement-detail/OP00444774,oui,,,,2026-07-18
2026-07-18,MBH POWER LIMITED ; ASHOKA BUILDCON LIMITED ; GIZA CABLE INDUSTRIES ; TRANSRAIL LIGHTING LIMITED,Travaux / BTP,AGO,USD 13.789 million,Angola - Electricity Sector Improvement and Access Project,"Contractor for Supply, Installation and Commissioning of the Rehabilitation and Expansion Distribution Networks for Package A - Lots 1 (Huambo City) and 4 (Luanda City 1) · titulaire Nigeria · duree 24 Month(s)",RFP,,2026-04-22,OP00443820,https://projects.worldbank.org/en/projects-operations/procurement-detail/OP00443820,oui,,,,2026-07-18
2026-07-18,EAST INDIA UDYOG LIMITED ; JAKSON VENTURES PRIVATE LIMITED ; ASHOKA BUILDCON LIMITED,Travaux / BTP,AGO,USD 42.505 million,Angola - Electricity Sector Improvement and Access Project,"Contractor for Supply, Installation, and Commissioning of the Rehabilitation and Expansion Distribution Networks for Package C - Lots 3 (Lubango) and 6 (Luanda 3) · titulaire India · duree 24 Month(s)",RFP,,2026-04-22,OP00443834,https://projects.worldbank.org/en/projects-operations/procurement-detail/OP00443834,oui,,,,2026-07-18
2026-07-18,"ASHOKA BUILDCON LIMITED ; JAKSON VENTURES PRIVATE LIMITED ; ELECNOR SERVICIOS Y PROYECTOS, S.A.U",Travaux / BTP,AGO,USD 72.360 million,Angola - Electricity Sector Improvement and Access Project,"Contractor for Supply, Installation and Commissioning of the Rehabilitation and Expansion Distribution Networks of Package B - Lots 2 (Benguela) and 5 (Luanda 2) · titulaire India · duree 24 Month(s)",RFP,,2026-04-22,OP00443815,https://projects.worldbank.org/en/projects-operations/procurement-detail/OP00443815,oui,,,,2026-07-18
2026-07-18,"JAKSON VENTURES PRIVATE LIMITED ; ASHOKA BUILDCON LIMITED ; ELECNOR SERVICIOS Y PROYECTOS, S.A.U",Travaux / BTP,AGO,USD 62.222 million,Angola - Electricity Sector Improvement and Access Project,"Contractor for Supply, Installation and Commissioning of the Rehabilitation and Expansion Distribution Networks for Package A - Lots 1 (Huambo City) and 4 (Luanda City 1) · titulaire India · duree 24 Month(s)",RFP,,2026-04-22,OP00443830,https://projects.worldbank.org/en/projects-operations/procurement-detail/OP00443830,oui,,,,2026-07-18
2026-07-18,ALPHA TND LTD ; CAPITAL ELECTECH PVT LIMITED ; JAKSON VENTURES PRIVATE LIMITED ; ASHOKA BUILDCON LIMITED,Travaux / BTP,AGO,USD 31.741 million,Angola - Electricity Sector Improvement and Access Project,"Contractor for Supply, Installation and Commissioning of the Rehabilitation and Expansion Distribution Networks of Package B - Lots 2 (Benguela) and 5 (Luanda 2) · titulaire Ghana · duree 24 Month(s)",RFP,,2026-04-22,OP00443814,https://projects.worldbank.org/en/projects-operations/procurement-detail/OP00443814,oui,,,,2026-07-18
2026-07-18,CHINA COMMUNICATIONS CONSTRUCTION COMPANY LIMITED ; M/S HUNAN CONSTRUCTION ENGINEERING GROUP CO. LIMITED ; CHINA RAILWAY SEVENTH GROUP CO.(CRSG) ; CHINA CIVIL ENGINEERING CONSTRUCTION CORPORATION,Travaux / BTP,TZA,USD 14.623 million,Tanzania Roads to Inclusion and Socioeconomic Opportunities (RISE) Project,"Package A: Upgrading of 58 km Roads in Mbogwe District Geita Region into the Appropriate Sealing Standard, Lot 1: Masumbwe-Iponya-Nyashimba Road (20.8 km), Lot 2: Lulembela – Kiseke – Isebya (16.8 km), and Lot 3: Mkweni – Nhomolwa - Nyanhwiga (22.2 km) · titulaire China · duree 15 Month(s)",RFB,,2026-04-09,OP00441715,https://projects.worldbank.org/en/projects-operations/procurement-detail/OP00441715,oui,,,,2026-07-18
2026-07-18,"CONSORTIUM HSD - LEMI ; CJIC EDRI JV ; WASION ENERGY TECHNOLOGY CO LTD ; GROUPEMENT RELYEZ, WIETC",Travaux / BTP,MDG,USD 37.026 million,Digital and Energy Connectivity for Inclusion in Madagascar Project,Projet clé en main pour l’Installation de centrales solaires avec batteries de stockage : hybridation et numérisation des centrales isolées opérés par la société JIRAM · titulaire China · duree 27 Month(s),RFP,,2026-03-27,OP00441955,https://projects.worldbank.org/en/projects-operations/procurement-detail/OP00441955,oui,,,,2026-07-18
2026-07-18,CHONGQING INTERNATIONAL CONSTRUCTION CORPORATION ; CHINA COMMUNICATIONS CONSTRUCTION COMPANY LIMITED ; CHINA CIVIL ENGINEERING CONSTRUCTION CORPORATION ; CHINA RAILWAY 15 BUREAU GROUP CORPORATION,Travaux / BTP,TZA,USD 16.724 million,Tanzania Roads to Inclusion and Socioeconomic Opportunities (RISE) Project,"Package C: Upgrading of 59 km Roads in Ruangwa District, Lindi Region into the Appropriate Sealing Standard, Lot 1: Ruangwa – Nangurugai Road (31 km), and Lot 2: Nandagala – Mpiluka – Nachingwea Road (28 km) · titulaire China · duree 18 Month(s)",RFB,,2026-04-09,OP00441547,https://projects.worldbank.org/en/projects-operations/procurement-detail/OP00441547,oui,,,,2026-07-18
2026-07-18,CHINA COMMUNICATIONS CONSTRUCTION COMPANY LIMITED ; CHINA RAILWAY SEVENTH GROUP CO.(CRSG) ; CHINA CIVIL ENGINEERING CONSTRUCTION CORPORATION ; THE ARAB CONTRACTORS ‘OSMAN AHMED OSMAN & CO.’,Travaux / BTP,TZA,USD 13.824 million,Tanzania Roads to Inclusion and Socioeconomic Opportunities (RISE) Project,"Package A: Upgrading of 58 km Roads in Mbogwe District Geita Region into the Appropriate Sealing Standard, Lot 1: Masumbwe-Iponya-Nyashimba Road (20.8 km), Lot 2: Lulembela – Kiseke – Isebya (16.8 km), and Lot 3: Mkweni – Nhomolwa - Nyanhwiga (22.2 km) · titulaire China · duree 15 Month(s)",RFB,,2026-04-09,OP00441593,https://projects.worldbank.org/en/projects-operations/procurement-detail/OP00441593,oui,,,,2026-07-18
2026-07-18,"CHINA COMMUNICATIONS CONSTRUCTION COMPANY LIMITED ; CHINA CIVIL ENGINEERING CONSTRUCTION CORPORATION ; CHINA RAILWAY 15 BUREAU GROUP CORPORATION ; CHINA RAILWAY CONSTRUCTION CORPORATION, LTD",Travaux / BTP,TZA,USD 16.944 million,Tanzania Roads to Inclusion and Socioeconomic Opportunities (RISE) Project,"Package C: Upgrading of 59 km Roads in Ruangwa District, Lindi Region into the Appropriate Sealing Standard, Lot 1: Ruangwa – Nangurugai Road (31 km), and Lot 2: Nandagala – Mpiluka – Nachingwea Road (28 km) · titulaire China · duree 18 Month(s)",RFB,,2026-04-09,OP00441550,https://projects.worldbank.org/en/projects-operations/procurement-detail/OP00441550,oui,,,,2026-07-18
2026-07-18,ASTOR ENERGY A.S ; ROZA BILGI (CHEF DE FILE) ; CHINA JIANGXI INTERNATIONAL ECONOMIC AND TECHNICAL COOPERATION LTD ; SAGEM INDUSTRIES,Travaux / BTP,BDI,USD 4.685 million,Accelerating Sustainable and Clean Energy Access Transformation in Burundi (ASCENT Burundi),"Construction d'un atelier de maintenance des transformateurs à Bujumbura: Conception, approvisionnement, installation et mise en service · titulaire Turkiye · duree 12 Month(s)",RFB,,2026-03-26,OP00438506,https://projects.worldbank.org/en/projects-operations/procurement-detail/OP00438506,oui,,,,2026-07-18
2026-07-18,"TARA ENGINEERING CO ; MAJESTIC ENGINEER LLC ; DECEM CO LTD ; ""XUSHBOQ-ALI-ANGOR"" PE",Travaux / BTP,UZB,USD 7.051 million,Water Services and Institutional Support Project,"Construction and Reconstruction of Water Supply Networks and Facilities in the City of Yangiyer and in Gulistan district · titulaire Iran, Islamic Republic of · duree 15 Month(s)",RFB,,2026-04-10,OP00437782,https://projects.worldbank.org/en/projects-operations/procurement-detail/OP00437782,oui,,,,2026-07-18
2026-07-21,CHINA INTERNATIONAL WATER & ELECTRIC CORP,Travaux / BTP,KEN,USD 0.475 million,Water and Sanitation Development Project,Proposed Construction of Vindo Booster Station Works · titulaire China · duree 3 Month(s),DIR,,2026-04-10,OP00457686,https://projects.worldbank.org/en/projects-operations/procurement-detail/OP00457686,oui,,,,2026-07-21
2026-07-21,ORASCOM CONSTRUCTION INDUSTRIES ; HITACHI ENERGY SWEDEN AB,Travaux / BTP,TUN,USD 787.145 million,Tunisia-Italy Electricity Integration and Renewable Energy Ecosystem,"Conception, Fourniture et réalisation de la station de conversion de Mlaabi en technologie VSC: 600 MW, ±500 kVCC , en configuration monopolaire · titulaire Egypt, Arab Republic of · duree 70 Month(s)",RFP,,2026-05-29,OP00457778,https://projects.worldbank.org/en/projects-operations/procurement-detail/OP00457778,oui,,,,2026-07-21
2026-07-21,AL-KASID COMMERCIAL AGENCIES LTD.,Marche ONU - fournitures,AFG,,UNOPS,ITB - Establishment of Long Term Agreements (LTAs) for the supply of Agriculture and Construction Equipment for UN Web Buy Plus,ITB/2026/61121,,2026-07-10,UNGMA-157646,https://www.ungm.org/Public/ContractAward/157646,oui,,,,2026-07-21
2026-07-21,COM.INT SPA (Italy),Marche ONU - fournitures,AFG,,UNOPS,ITB - Establishment of Long Term Agreements (LTAs) for the supply of Agriculture and Construction Equipment for UN Web Buy Plus,ITB/2026/61121,,2026-07-10,UNGMA-157647,https://www.ungm.org/Public/ContractAward/157647,oui,,,,2026-07-21
2026-07-21,Copenhagen Global A/S,Marche ONU - fournitures,AFG,,UNOPS,ITB - Establishment of Long Term Agreements (LTAs) for the supply of Agriculture and Construction Equipment for UN Web Buy Plus,ITB/2026/61121,,2026-07-10,UNGMA-157648,https://www.ungm.org/Public/ContractAward/157648,oui,,,,2026-07-21
2026-07-21,"Global Fleet Sales, LLC.",Marche ONU - fournitures,AFG,,UNOPS,ITB - Establishment of Long Term Agreements (LTAs) for the supply of Agriculture and Construction Equipment for UN Web Buy Plus,ITB/2026/61121,,2026-07-10,UNGMA-157649,https://www.ungm.org/Public/ContractAward/157649,oui,,,,2026-07-21
2026-07-21,"Guangxi Liugong Machinery Co., Ltd.",Marche ONU - fournitures,AFG,,UNOPS,ITB - Establishment of Long Term Agreements (LTAs) for the supply of Agriculture and Construction Equipment for UN Web Buy Plus,ITB/2026/61121,,2026-07-10,UNGMA-157650,https://www.ungm.org/Public/ContractAward/157650,oui,,,,2026-07-21
2026-07-21,"International Fleet Sales, Inc.",Marche ONU - fournitures,AFG,,UNOPS,ITB - Establishment of Long Term Agreements (LTAs) for the supply of Agriculture and Construction Equipment for UN Web Buy Plus,ITB/2026/61121,,2026-07-10,UNGMA-157651,https://www.ungm.org/Public/ContractAward/157651,oui,,,,2026-07-21
2026-07-21,INTERTRADE INTERNATIONALSERVICESSA,Marche ONU - fournitures,AFG,,UNOPS,ITB - Establishment of Long Term Agreements (LTAs) for the supply of Agriculture and Construction Equipment for UN Web Buy Plus,ITB/2026/61121,,2026-07-10,UNGMA-157652,https://www.ungm.org/Public/ContractAward/157652,oui,,,,2026-07-21
2026-07-21,Kjaer & Kjaer A/S,Marche ONU - fournitures,AFG,,UNOPS,ITB - Establishment of Long Term Agreements (LTAs) for the supply of Agriculture and Construction Equipment for UN Web Buy Plus,ITB/2026/61121,,2026-07-10,UNGMA-157653,https://www.ungm.org/Public/ContractAward/157653,oui,,,,2026-07-21
2026-07-21,MANITOU BF,Marche ONU - fournitures,AFG,,UNOPS,ITB - Establishment of Long Term Agreements (LTAs) for the supply of Agriculture and Construction Equipment for UN Web Buy Plus,ITB/2026/61121,,2026-07-10,UNGMA-157654,https://www.ungm.org/Public/ContractAward/157654,oui,,,,2026-07-21
2026-07-21,MTZ Equipment Ltd,Marche ONU - fournitures,AFG,,UNOPS,ITB - Establishment of Long Term Agreements (LTAs) for the supply of Agriculture and Construction Equipment for UN Web Buy Plus,ITB/2026/61121,,2026-07-10,UNGMA-157655,https://www.ungm.org/Public/ContractAward/157655,oui,,,,2026-07-21
2026-07-21,"Peak International Trade (Tianjin) Co., Ltd.",Marche ONU - fournitures,AFG,,UNOPS,ITB - Establishment of Long Term Agreements (LTAs) for the supply of Agriculture and Construction Equipment for UN Web Buy Plus,ITB/2026/61121,,2026-07-10,UNGMA-157656,https://www.ungm.org/Public/ContractAward/157656,oui,,,,2026-07-21
2026-07-21,Shandong Shantui Construction Machinery Imp&ExpCo;Ltd,Marche ONU - fournitures,AFG,,UNOPS,ITB - Establishment of Long Term Agreements (LTAs) for the supply of Agriculture and Construction Equipment for UN Web Buy Plus,ITB/2026/61121,,2026-07-10,UNGMA-157657,https://www.ungm.org/Public/ContractAward/157657,oui,,,,2026-07-21
2026-07-21,"TIANJIN MACHINERY AND ELECTRIC EQUIPMENT IMP AND EXP CO.,LTD",Marche ONU - fournitures,AFG,,UNOPS,ITB - Establishment of Long Term Agreements (LTAs) for the supply of Agriculture and Construction Equipment for UN Web Buy Plus,ITB/2026/61121,,2026-07-10,UNGMA-157658,https://www.ungm.org/Public/ContractAward/157658,oui,,,,2026-07-21
2026-07-21,Rayan Saadat Construction Company,Marche ONU - travaux,AFG,,UNOPS,"Rehabilitation and Reinforcement Structures of Kariz in Herat, Afghanistan",ITB/2026/61527,,2026-07-09,UNGMA-157559,https://www.ungm.org/Public/ContractAward/157559,oui,,,,2026-07-21
2026-07-21,Tawsea wa Takamol Construction and Road Building Company,Marche ONU - travaux,AFG,,UNOPS,"Rehabilitation and Reinforcement Structures of Kariz in Herat, Afghanistan",ITB/2026/61527,,2026-07-09,UNGMA-157560,https://www.ungm.org/Public/ContractAward/157560,oui,,,,2026-07-21
2026-07-21,Harirod Construction Company,Marche ONU - travaux,AFG,,UNOPS,"Construction of 100 Units of Core Houses & 160 Units of Sanitary Blocks in Herat, Afghanistan",ITB/2026/62465,,2026-07-05,UNGMA-157507,https://www.ungm.org/Public/ContractAward/157507,oui,,,,2026-07-21
2026-07-21,Sam Electric Corps Ltd,Marche ONU - fournitures,AFG,,UNOPS,"Procurement of Electrical Materials for UNOPS Kabul, Afghanistan",RFQ/2026/62190,,2026-07-05,UNGMA-157509,https://www.ungm.org/Public/ContractAward/157509,oui,,,,2026-07-21
2026-07-21,Amex Healthcare GmbH,Marche ONU - fournitures,AFG,,UNOPS,Establishment of Long-Term Agreements for the Supply of Modular Containerized Biosafety Laboratories for UN Web Buy Plus,ITB/2025/60330,,2026-07-02,UNGMA-157444,https://www.ungm.org/Public/ContractAward/157444,oui,,,,2026-07-21
2026-07-21,KVG LLC,Marche ONU - fournitures,AFG,,UNOPS,Establishment of Long-Term Agreements for the Supply of Modular Containerized Biosafety Laboratories for UN Web Buy Plus,ITB/2025/60330,,2026-07-02,UNGMA-157445,https://www.ungm.org/Public/ContractAward/157445,oui,,,,2026-07-21
2026-07-21,"Peak International Trade (Tianjin) Co., Ltd.",Marche ONU - fournitures,AFG,,UNOPS,Establishment of Long-Term Agreements for the Supply of Modular Containerized Biosafety Laboratories for UN Web Buy Plus,ITB/2025/60330,,2026-07-02,UNGMA-157446,https://www.ungm.org/Public/ContractAward/157446,oui,,,,2026-07-21
2026-07-21,SAS IMEBIO,Marche ONU - fournitures,AFG,,UNOPS,Establishment of Long-Term Agreements for the Supply of Modular Containerized Biosafety Laboratories for UN Web Buy Plus,ITB/2025/60330,,2026-07-02,UNGMA-157447,https://www.ungm.org/Public/ContractAward/157447,oui,,,,2026-07-21
2026-07-21,Sedk Al-Altizam Company,Marche ONU - indetermine,IRQ,,UNDP,UNDP-IRQ-10069/UNDP-IRQ-02099,UNDP-IRQ-10069,,2026-07-14,UNGMA-157644,https://www.ungm.org/Public/ContractAward/157644,oui,,,,2026-07-21
2026-07-21,Maamuus Event Management,Marche ONU - services,SOM,,UNIDO,FOR THE PROVISION OF EVENT MANAGEMENT SERVICES RELATING TO TWO BIC SOMALI INNOVATION FORUMS IN MOGADISHU AND HARGEISA,7000008413,,2026-07-03,UNGMA-157516,https://www.ungm.org/Public/ContractAward/157516,oui,,,,2026-07-21
2026-07-21,Afri Ventures ltd,Marche ONU - fournitures,SSD,,UNOPS,Request for Quotation for the Supply and Delivery of Laptops and Televisions to UNOPS South Sudan Office.,RFQ/2026/63366,,2026-07-17,UNGMA-157861,https://www.ungm.org/Public/ContractAward/157861,oui,,,,2026-07-21
2026-07-21,LAW OF NATURE NGO,Marche ONU - fournitures,UKR,,UNESCO,Delivery of a Training of Trainers Programme for 21 Regional Institutes of Postgraduate Pedagogical Education on Ensuring Safe Educational Environment for Ukrainian Territorial Communities.,RFP-UA-26-04,,2026-07-14,UNGMA-157840,https://www.ungm.org/Public/ContractAward/157840,oui,,,,2026-07-21
2026-07-21,LLC DNIPRO REM BUD,Marche ONU - travaux,UKR,,UNESCO,"Works on the repair and upgrading of the heating systems in the administrative, production, and new book storage buildings of the M. I. Korolenko State Scientific Library in Kharkiv, Ukraine",ITB-UA-26-08,,2026-07-13,UNGMA-157684,https://www.ungm.org/Public/ContractAward/157684,oui,,,,2026-07-21
2026-07-21,MED EXIM LLC,Marche ONU - fournitures,UKR,,UNOPS,Emergency Procurement: Provision of Surgical_Operating Room Equipment to Mykolaiiv oblast,RFQ/2026/63298,,2026-07-10,UNGMA-157591,https://www.ungm.org/Public/ContractAward/157591,oui,,,,2026-07-21
2026-07-21,"Limited Liability Company ""Mediprime""",Marche ONU - indetermine,UKR,,UNOPS,Emergency Procurement: Provision of Surgical lights to Mykolaiiv oblast,RFQ/2026/63499,,2026-07-10,UNGMA-157599,https://www.ungm.org/Public/ContractAward/157599,oui,,,,2026-07-21
2026-07-21,"""POST-01"" LLC",Marche ONU - indetermine,UKR,,UNOPS,Provision of Immobility Alarm Devices (PASS) to Mykolaiv,RFQ/2026/63115,,2026-07-08,UNGMA-157806,https://www.ungm.org/Public/ContractAward/157806,oui,,,,2026-07-21
2026-07-21,HARWIND LLC,Marche ONU - fournitures,UKR,,UNOPS,Emergency Procurement: Provision of Critical Care Equipment Mykolaiiv oblast,RFQ/2026/63244,,2026-07-08,UNGMA-157822,https://www.ungm.org/Public/ContractAward/157822,oui,,,,2026-07-21
2026-07-21,"Ernst & Young, LLC",Marche ONU - indetermine,UKR,,UNDP,Bidder awarded on a basis of technical/financial evaluation,10556797/UNDP-UKR-01573,,2026-07-07,UNGMA-157537,https://www.ungm.org/Public/ContractAward/157537,oui,,,,2026-07-21
2026-07-21,"Peak International Trade (Tianjin) Co., Ltd.",Marche ONU - fournitures,UKR,,UNOPS,Establishment of Long-Term Agreements for the Supply of Modular Containerized Biosafety Laboratories for UN Web Buy Plus,ITB/2025/60330,,2026-07-02,UNGMA-157461,https://www.ungm.org/Public/ContractAward/157461,oui,,,,2026-07-21
2026-07-21,SAS IMEBIO,Marche ONU - fournitures,UKR,,UNOPS,Establishment of Long-Term Agreements for the Supply of Modular Containerized Biosafety Laboratories for UN Web Buy Plus,ITB/2025/60330,,2026-07-02,UNGMA-157462,https://www.ungm.org/Public/ContractAward/157462,oui,,,,2026-07-21
2026-07-21,KVG LLC,Marche ONU - fournitures,UKR,,UNOPS,Establishment of Long-Term Agreements for the Supply of Modular Containerized Biosafety Laboratories for UN Web Buy Plus,ITB/2025/60330,,2026-07-02,UNGMA-157463,https://www.ungm.org/Public/ContractAward/157463,oui,,,,2026-07-21
2026-07-21,Captain Andy Fishing Supply Ltd,Marche ONU - fournitures,YEM,ITB 3400013027,UNODC,Provision of Supply and Delivery of genuine Yamaha Outboard Engines.,,,2026-07-10,UNGMA-157930,https://www.ungm.org/Public/ContractAward/157930,oui,,,,2026-07-21
2026-07-21,Dream Square Resort,Marche ONU - services,BGD,,ILO,Request for Quotation for venue and catering services for Strategic Review Workshop on the National Action Plan 2024-2027 Gender and Skills Taskforce,,,2026-07-21,UNGMA-157928,https://www.ungm.org/Public/ContractAward/157928,oui,,,,2026-07-21
2026-07-21,ZR Construction & Engineering,Marche ONU - travaux,BGD,,UNOPS,"Construction of a Pharma Grade Warehouse at CMSD, Dhaka, Bangladesh - Retender",ITB/2026/63457,,2026-07-20,UNGMA-157865,https://www.ungm.org/Public/ContractAward/157865,oui,,,,2026-07-21
2026-07-21,Asim Kumar Karmakar,Marche ONU - indetermine,BGD,,UNCDF,GPN IC - Strengthening Domestic Private Sector Capacity for Climate-Resilient Investment through Targeted Capacity-Building Initiatives,50009342,,2026-07-17,UNGMA-157844,https://www.ungm.org/Public/ContractAward/157844,oui,,,,2026-07-21
2026-07-21,FUTURIS HOTEL SARL,Marche ONU - services,CMR,,ILO,Demande de cotation – Prestations logistiques pour un atelier de sensibilisation à Douala,,,2026-07-20,UNGMA-157866,https://www.ungm.org/Public/ContractAward/157866,oui,,,,2026-07-21
2026-07-21,PAPETERIE LOUIS TORBEY SARL,Marche ONU - indetermine,CMR,,ILO,Demande de cotation pour la fourniture du kit du participant à un atelier de formation,,,2026-07-20,UNGMA-157895,https://www.ungm.org/Public/ContractAward/157895,oui,,,,2026-07-21
2026-07-21,YNAK BUSINESS,Marche ONU - fournitures,CMR,,ILO,RFQ Demande de cotation pour la fourniture de banderole activité ADMITRA à Douala,,,2026-07-20,UNGMA-157896,https://www.ungm.org/Public/ContractAward/157896,oui,,,,2026-07-21
2026-07-21,Go Bus,Marche ONU - services,EGY,,ILO,Provision of VIP Transportation Services for ILO Staff,,,2026-07-08,UNGMA-157547,https://www.ungm.org/Public/ContractAward/157547,oui,,,,2026-07-21
2026-07-21,Tinssis Media PLC,Marche ONU - services,ETH,,UNOPS,"Request for Quotation (RFQ) for Provision of Video Production Services to Showcase TAMU Project Success Stories, Ethiopia",RFQ/2026/63100,,2026-07-08,UNGMA-157549,https://www.ungm.org/Public/ContractAward/157549,oui,,,,2026-07-21
2026-07-21,Anand Surgical Enterprises,Marche ONU - fournitures,ETH,,UNOPS,RFQ - Supply and Delivery of Water Level Indicator/ Deep Water Well Meter for Ministry of Irrigation and Lowlands/MILS- Ethiopia,RFQ/2026/62580,,2026-07-03,UNGMA-157496,https://www.ungm.org/Public/ContractAward/157496,oui,,,,2026-07-21
2026-07-21,SKY LIGHT FOR EVENTS AND CONFERENCES,Marche ONU - services,JOR,,ILO,RFQ/155/2026/DHM/ROAS Event Logistics and Management Services for ILO Office Project_Care Economy,,,2026-07-20,UNGMA-157863,https://www.ungm.org/Public/ContractAward/157863,oui,,,,2026-07-21
2026-07-21,Ehab Khalil Eid,Marche ONU - indetermine,JOR,,UNDP,Biodiversity Expert,10568289/UNDP-JOR-00672,,2026-07-14,UNGMA-157642,https://www.ungm.org/Public/ContractAward/157642,oui,,,,2026-07-21
2026-07-21,Mirage BS,Marche ONU - travaux,JOR,,ILO,"Provision of Printer Relocation, Reinstallation, Testing, and Annual Maintenance Services",,,2026-07-07,UNGMA-157526,https://www.ungm.org/Public/ContractAward/157526,oui,,,,2026-07-21
2026-07-21,Certas Support Services,Marche ONU - services,JOR,,ILO,RFQ/153/2026/DHM/ROAS ILO Jordan Office Relocation to IOM Premises-Full service,,,2026-07-06,UNGMA-157517,https://www.ungm.org/Public/ContractAward/157517,oui,,,,2026-07-21
2026-07-21,Sustainable community and development association,Marche ONU - services,JOR,,UNOPS,"RFQ Services - Provision of Consultation Services for Developing Cultural Heritage & Tourism Implementation Guidelines under the HERitage: Women, Culture, Development in Madaba, Jordan.",RFQ/2026/62865,,2026-07-02,UNGMA-157525,https://www.ungm.org/Public/ContractAward/157525,oui,,,,2026-07-21
2026-07-21,"Peak International Trade (Tianjin) Co., Ltd.",Marche ONU - fournitures,JOR,,UNOPS,Establishment of Long-Term Agreements for the Supply of Modular Containerized Biosafety Laboratories for UN Web Buy Plus,ITB/2025/60330,,2026-07-02,UNGMA-157464,https://www.ungm.org/Public/ContractAward/157464,oui,,,,2026-07-21
2026-07-21,SAS IMEBIO,Marche ONU - fournitures,JOR,,UNOPS,Establishment of Long-Term Agreements for the Supply of Modular Containerized Biosafety Laboratories for UN Web Buy Plus,ITB/2025/60330,,2026-07-02,UNGMA-157465,https://www.ungm.org/Public/ContractAward/157465,oui,,,,2026-07-21
2026-07-21,KVG LLC,Marche ONU - fournitures,JOR,,UNOPS,Establishment of Long-Term Agreements for the Supply of Modular Containerized Biosafety Laboratories for UN Web Buy Plus,ITB/2025/60330,,2026-07-02,UNGMA-157466,https://www.ungm.org/Public/ContractAward/157466,oui,,,,2026-07-21
2026-07-21,(R) AO Generatia-NIKA,Marche ONU - indetermine,MDA,"10562861/UNDP-MDA-00909,2",UNDP,Design and Implementation of a Non-Cash Support Mechanism(s) for Enabling MSMEs in Green and Inclusive Transition (LOT 3),,,2026-07-14,UNGMA-157630,https://www.ungm.org/Public/ContractAward/157630,oui,,,,2026-07-21
2026-07-21,(R) PNA SOFTWARE SRL,Marche ONU - indetermine,MDA,,UNDP,RFP26-03281 Software Development Additional Functionalities SIDDCM,10568209/UNDP-MDA-01004,,2026-07-14,UNGMA-157641,https://www.ungm.org/Public/ContractAward/157641,oui,,,,2026-07-21
2026-07-21,(R) AXA MANAGEMENT CONSULTING SRL,Marche ONU - indetermine,MDA,"10562860/UNDP-MDA-00909,2",UNDP,Design and Implementation of a Non-Cash Support Mechanism(s) for Enabling MSMEs in Green and Inclusive Transition (LOT 1 and LOT 2),,,2026-07-10,UNGMA-157581,https://www.ungm.org/Public/ContractAward/157581,oui,,,,2026-07-21
2026-07-21,(R) AO EcoContact,Marche ONU - indetermine,MDA,,UNDP,Development of a Study on Illicit Environmental Activities Affecting the Water Resources in the Dniester River Basin,10565533/UNDP-MDA-00996,,2026-07-07,UNGMA-157545,https://www.ungm.org/Public/ContractAward/157545,oui,,,,2026-07-21
2026-07-21,UAB Civitta,Marche ONU - indetermine,MDA,"10560531/UNDP-MDA-00903,1",UNDP,Lot 2: Non-cash support to agri-producers,,,2026-07-03,UNGMA-157503,https://www.ungm.org/Public/ContractAward/157503,oui,,,,2026-07-21
2026-07-21,BEMAX DOO PODGORICA,Marche ONU - travaux,MNE,"10538248/UNDP-MNE-00748,3",UNDP,Construction of sidewalk and parking area in Municipality of Plužine,,,2026-07-09,UNGMA-157570,https://www.ungm.org/Public/ContractAward/157570,oui,,,,2026-07-21
2026-07-21,Quality Aviation,Marche ONU - indetermine,PAK,,ILO,Light RfQ for Air Ticket of NCC Nominated Participants - Islamabad-Karachi-Islamabad,,,2026-07-17,UNGMA-157853,https://www.ungm.org/Public/ContractAward/157853,oui,,,,2026-07-21
2026-07-21,M/S Saud Ahmad & Brothers,Marche ONU - indetermine,PAK,10569974/UNDP-PAK-01613,UNDP,10569974/UNDP-PAK-01613,UNDP-ITB-2026-103,,2026-07-16,UNGMA-157831,https://www.ungm.org/Public/ContractAward/157831,oui,,,,2026-07-21
2026-07-21,Haris Khalid,Marche ONU - services,PAK,,ILO,"Videography Services for Meeting of the GA Joint Programme Steering Committee and Inception on 16th July, 2026",,,2026-07-15,UNGMA-157678,https://www.ungm.org/Public/ContractAward/157678,oui,,,,2026-07-21
2026-07-21,Marriott Hotel,Marche ONU - indetermine,PAK,,ILO,"Meeting of the GA Joint Programme Steering Committee and inception - 16 July, 2026",,,2026-07-15,UNGMA-157679,https://www.ungm.org/Public/ContractAward/157679,oui,,,,2026-07-21
2026-07-21,GSK ENGINEERZ Pvt Ltd,Marche ONU - services,PAK,,UNDP,UNDP-RFP-2026-049-Establishment of LTA with Engineering Consultancy Services,UNDP-PAK-10064/UNDP-PAK-01536,,2026-07-13,UNGMA-157602,https://www.ungm.org/Public/ContractAward/157602,oui,,,,2026-07-21
2026-07-21,Planners Consultants Engineers,Marche ONU - services,PAK,,UNDP,UNDP-RFP-2026-049-Establishment of LTA with Engineering Consultancy Services,UNDP-PAK-10066,,2026-07-10,UNGMA-157576,https://www.ungm.org/Public/ContractAward/157576,oui,,,,2026-07-21
2026-07-21,TARAQEE FOUNDATION,Marche ONU - indetermine,PAK,"10560641/UNDP-PAK-01572,1",UNDP,"10560641/UNDP-PAK-01572,1",UNDP-CFP-2026-054,,2026-07-09,UNGMA-157567,https://www.ungm.org/Public/ContractAward/157567,oui,,,,2026-07-21
2026-07-21,Pak Enterprises,Marche ONU - indetermine,PAK,10566378/UNDP-PAK-01576,UNDP,10566378/UNDP-PAK-01576,UNDP-RFQ-2026-084,,2026-07-09,UNGMA-157569,https://www.ungm.org/Public/ContractAward/157569,oui,,,,2026-07-21
2026-07-21,DIGITEC ICT LTD,Marche ONU - fournitures,PNG,,UNOPS,"RFQ for the supply of ICT equipment to UNOPS office in Port Moresby, Papua New Guinea",RFQ/2026/63257,,2026-07-21,UNGMA-157921,https://www.ungm.org/Public/ContractAward/157921,oui,,,,2026-07-21
2026-07-21,Penumbra (Private) Limited,Marche ONU - services,TUR,,UNDP,Contract for services for Pilot Study,10564737/UNDP-HQ-02138,,2026-07-14,UNGMA-157643,https://www.ungm.org/Public/ContractAward/157643,oui,,,,2026-07-21
2026-07-21,Monega Enterprises Private Limited,Marche ONU - fournitures,UZB,,UNOPS,"Supply of Medical and/or Laboratory Equipment for the Research Institute of Sanitation, Hygiene and Occupational Diseases (Tashkent city, Uzbekistan)",RFQ/2026/62966,,2026-07-14,UNGMA-157625,https://www.ungm.org/Public/ContractAward/157625,oui,,,,2026-07-21
2026-07-21,LLC AVTOQURILIS,Marche ONU - travaux,UZB,"10565650/UNDP-UZB-01847,1",UNDP,RFQ Construction and Reconstruction of Groundwater Treatment Stations in Karakalpakstan,,,2026-07-07,UNGMA-157546,https://www.ungm.org/Public/ContractAward/157546,oui,,,,2026-07-21
2026-07-21,LMS Consult GmbH & Co. KG,Marche ONU - fournitures,UZB,,UNOPS,Supply of Laboratory Equipment (Part CI) for SES of the Republic of Uzbekistan.,ITB/2026/61472,,2026-07-06,UNGMA-157513,https://www.ungm.org/Public/ContractAward/157513,oui,,,,2026-07-21
2026-07-21,Zhejiang Kangle Group Import And Export Co Ltd,Marche ONU - fournitures,UZB,,UNOPS,Supply of Laboratory Equipment (Part CI) for SES of the Republic of Uzbekistan.,ITB/2026/61472,,2026-07-06,UNGMA-157514,https://www.ungm.org/Public/ContractAward/157514,oui,,,,2026-07-21
2026-07-21,Quincaillerie nouvelle vision,Marche ONU - fournitures,CAF,,UNOPS,"Fourniture des kits de quincaillerie et divers pour les AGR des bénéficiaires du projet CVR‑Bangui (Phase X) à Bangui, en République Centrafricaine",RFQ/2026/62855,,2026-07-14,UNGMA-157645,https://www.ungm.org/Public/ContractAward/157645,oui,,,,2026-07-21
2026-07-21,Ets Ibrahimattahir,Marche ONU - fournitures,CAF,,UNOPS,Fourniture des kits d'alimentation et divers pour les AGR des bénéficiaires de MINUSCA à Bossangoa en RCA (FY 2025-2026),RFQ/2026/62852,,2026-07-06,UNGMA-157519,https://www.ungm.org/Public/ContractAward/157519,oui,,,,2026-07-21
2026-07-21,FORTIS-NIKS Andrei Astapenka,Marche ONU - fournitures,CIV,,UNOPS,Acquisition de matériel de lutte contre la fraude documentaire au profit de la Direction de la Surveillance du Territoire de Côte d'Ivoire,RFQ/2026/63313,,2026-07-14,UNGMA-157659,https://www.ungm.org/Public/ContractAward/157659,oui,,,,2026-07-21
2026-07-21,AGT SpA,Marche ONU - fournitures,COG,,UNOPS,Fourniture et livraison des engins agricoles pour le projet PRODIVAC au Congo // Supply and delivery of agricultural machinery for the PRODIVAC project in Congo,ITB/2026/61816,,2026-07-10,UNGMA-157869,https://www.ungm.org/Public/ContractAward/157869,oui,,,,2026-07-21
2026-07-21,GRAIDCO Global Relief Aid and Development Company,Marche ONU - fournitures,COG,,UNOPS,Fourniture et livraison des engins agricoles pour le projet PRODIVAC au Congo // Supply and delivery of agricultural machinery for the PRODIVAC project in Congo,ITB/2026/61816,,2026-07-10,UNGMA-157870,https://www.ungm.org/Public/ContractAward/157870,oui,,,,2026-07-21
2026-07-21,CH GRUPO LOGISTICO LTDA,Marche ONU - indetermine,COL,,ILO,Selección de un proveedor en la ciudad de Pasto para la prestación del servicio de atención de un desayuno de trabajo con actores territoriales,,,2026-07-13,UNGMA-157603,https://www.ungm.org/Public/ContractAward/157603,oui,,,,2026-07-21
2026-07-21,Hotel Sicarare Ltda.,Marche ONU - services,COL,,ILO,"Contratación de un proveedor en la ciudad de Valledupar, Cesar, para la prestación de los servicios de hospedaje, catering y alquiler de salón destinados a la capacitación “Taller sobre la Guía Práctica de Estrategias de Transición Justa.""",,,2026-07-13,UNGMA-157604,https://www.ungm.org/Public/ContractAward/157604,oui,,,,2026-07-21
2026-07-21,VIEWY SAS,Marche ONU - indetermine,COL,,ILO,"Contratar a un proveedor (solo empresas) especializado en diseño de experiencias VR, con capacidades en arquitectura de experiencias inmersivas, desarrollo de módulos narrativos interactivos y desarrollo de simuladores en entornos virtuales.",,,2026-07-06,UNGMA-157521,https://www.ungm.org/Public/ContractAward/157521,oui,,,,2026-07-21
2026-07-21,SAS IMEBIO,Marche ONU - fournitures,COL,,UNOPS,Establishment of Long-Term Agreements for the Supply of Modular Containerized Biosafety Laboratories for UN Web Buy Plus,ITB/2025/60330,,2026-07-02,UNGMA-157471,https://www.ungm.org/Public/ContractAward/157471,oui,,,,2026-07-21
2026-07-21,KVG LLC,Marche ONU - fournitures,COL,,UNOPS,Establishment of Long-Term Agreements for the Supply of Modular Containerized Biosafety Laboratories for UN Web Buy Plus,ITB/2025/60330,,2026-07-02,UNGMA-157472,https://www.ungm.org/Public/ContractAward/157472,oui,,,,2026-07-21
2026-07-21,SKY TRAVEL LDA,Marche ONU - indetermine,MOZ,,ILO,"Light RFQ for the Purchasing of Flight Tickets for the ILO official and one ILO’s partner who will attend a Workshop in Niassa Province, Lichinga City from 19.07.26 to 26.07.26.",,,2026-07-21,UNGMA-158021,https://www.ungm.org/Public/ContractAward/158021,oui,,,,2026-07-21
2026-07-21,Geospatial Research Ltd,Marche ONU - indetermine,NGA,,ITU,LOT 1 Nigeria_Provision and Deployment of Enterprise GIS Platforms and Broadband Mapping Geoportals,RFP-GS-BDT-2025-065,,2026-07-16,UNGMA-158030,https://www.ungm.org/Public/ContractAward/158030,oui,,,,2026-07-21
2026-07-21,Fundación El Quinto,Marche ONU - indetermine,COL,,ILO,servicio de consultoría especializada en el estudio sobre la Estrategia Integral de Fortalecimiento de Derechos Laborales y Colectivos en el Sector Floricultor con el objetivo de mejorar las capacidades de las y los trabajadores y de las organizaciones,,,2026-07-21,UNGMA-158031,https://www.ungm.org/Public/ContractAward/158031,oui,,,,2026-07-21
2026-07-21,LOGISTICA PARA EL DESARROLLO SOCIAL S.A.S.,Marche ONU - indetermine,COL,,ILO,Realización de un desayuno empresarial para 40 personas en la ciudad de Barranquilla Plan Piloto de Empleabilidad 2026..,,,2026-07-21,UNGMA-158032,https://www.ungm.org/Public/ContractAward/158032,oui,,,,2026-07-21
2026-07-21,BOZANKAYA RAYLI SİSTEMLER ANONİM ŞİRKETİ,Marche IsDB,TUR,,Banque islamique de developpement,Urban Transport Program in Favour of Municipalities in Turkey,TUR-1025,,2026-03-29,ISDB-design-supply-and-commissioning-4-tram-vehicles-contract-award,https://www.isdb.org/project-procurement/tenders/2026/contract-award/design-supply-and-commissioning-4-tram-vehicles-contract-award,oui,,,,2026-07-21
2026-07-21,Dar Al Sharia Limited (DAS),Marche IsDB,NGA,,Banque islamique de developpement,Consulting Services for Development of Shari'ah-Compliant Treasury and Liquidity Management Instruments for Non-Interest (Islamic) Banks with a Particular Interest in Islamic Money Market Instruments,NGA1020,,2026-04-28,ISDB-enhancement-regulatory-and-supervisory-capacity-central-bank-nigeria,https://www.isdb.org/project-procurement/tenders/2026/contract-award/enhancement-regulatory-and-supervisory-capacity-central-bank-nigeria,oui,,,,2026-07-21
2026-07-21,"Yema Group Co., Ltd Ltd., China",Marche IsDB,KGZ,,Banque islamique de developpement,"Issyk-Kul Ring Road (Korumdu - Balbai Baatyr), km 104-184.5 Reconstruction Project",KGZ-1019,,2026-05-21,ISDB-procurement-road-maintenance-equipment-issyk-kul-ring-road-korumdu,https://www.isdb.org/project-procurement/tenders/2026/contract-award/procurement-road-maintenance-equipment-issyk-kul-ring-road-korumdu,oui,,,,2026-07-21
2026-07-21,Prokon Müh. ve Müş. A.Ş.,Marche IsDB,TUR,,Banque islamique de developpement,Disaster-Resilient Health Infrastructure Development Project,TUR1083,,2026-02-26,ISDB-consultancy-services-reconstruction-site-supervision-fatih-sultan,https://www.isdb.org/project-procurement/tenders/2026/contract-award/consultancy-services-reconstruction-site-supervision-fatih-sultan,oui,,,,2026-07-21
2026-07-21,Green Dot Ltd.,Marche IsDB,BGD,,Banque islamique de developpement,Inclusive and Integrated Sanitation and Hygiene Project in 10 Priority Towns in Bangladesh,BGD-1066,,2025-09-30,ISDB-supply-11-nos-road-sweeping-truck-contract-award,https://www.isdb.org/project-procurement/tenders/2025/contract-award/supply-11-nos-road-sweeping-truck-contract-award,oui,,,,2026-07-21
2026-07-22,Amex Healthcare GmbH,Marche ONU - fournitures,IRQ,,UNOPS,Establishment of Long-Term Agreements for the Supply of Modular Containerized Biosafety Laboratories for UN Web Buy Plus,ITB/2025/60330,,2026-07-02,UNGMA-157456,https://www.ungm.org/Public/ContractAward/157456,oui,,,,2026-07-22
2026-07-22,KVG LLC,Marche ONU - fournitures,IRQ,,UNOPS,Establishment of Long-Term Agreements for the Supply of Modular Containerized Biosafety Laboratories for UN Web Buy Plus,ITB/2025/60330,,2026-07-02,UNGMA-157457,https://www.ungm.org/Public/ContractAward/157457,oui,,,,2026-07-22
2026-07-22,"Peak International Trade (Tianjin) Co., Ltd.",Marche ONU - fournitures,IRQ,,UNOPS,Establishment of Long-Term Agreements for the Supply of Modular Containerized Biosafety Laboratories for UN Web Buy Plus,ITB/2025/60330,,2026-07-02,UNGMA-157458,https://www.ungm.org/Public/ContractAward/157458,oui,,,,2026-07-22
2026-07-22,SAS IMEBIO,Marche ONU - fournitures,IRQ,,UNOPS,Establishment of Long-Term Agreements for the Supply of Modular Containerized Biosafety Laboratories for UN Web Buy Plus,ITB/2025/60330,,2026-07-02,UNGMA-157459,https://www.ungm.org/Public/ContractAward/157459,oui,,,,2026-07-22
2026-07-22,"Peak International Trade (Tianjin) Co., Ltd.",Marche ONU - fournitures,CMR,,UNOPS,Purchase of oxygen cylinder accessories,RFQ/2026/63297,,2026-07-22,UNGMA-158087,https://www.ungm.org/Public/ContractAward/158087,oui,,,,2026-07-22
2026-07-22,SAS ENGINEERING AND TRADING CO. LTD,Marche ONU - travaux,SSD,,UNOPS,Refurbishment of National Mine Action Authority (NMAA) Offices in Juba and Wau,RFQ/2026/62633,,2026-07-22,UNGMA-158102,https://www.ungm.org/Public/ContractAward/158102,oui,,,,2026-07-22
2026-07-22,BOKASANA GENERAL CONSTRUCTION & SUPPLIES CO.LTD,Marche ONU - travaux,SSD,,UNOPS,Refurbishment of National Mine Action Authority (NMAA) Offices in Juba and Wau,RFQ/2026/62633,,2026-07-22,UNGMA-158103,https://www.ungm.org/Public/ContractAward/158103,oui,,,,2026-07-22
2026-07-22,LLC SPE OPEKS ENERGYSYSTEMS,Marche ONU - fournitures,UKR,,UNOPS,EMERGENCY PROCUREMENT: Supply of Gasketed Plate Heat Exchangers for District Heating Systems (Ukraine).,RFQ/2026/62526,,2026-07-13,UNGMA-158101,https://www.ungm.org/Public/ContractAward/158101,oui,,,,2026-07-22
2026-07-22,(gagnant non publie),Ingenierie / etudes,GTM,,Government of Guatemala,Guatemala-Guatemala City: Technical assistance services,71356200,non,2023-06-26,381204-2023,https://ted.europa.eu/en/notice/381204-2023/html,verifier,,,nouveau,2026-07-22
2026-07-22,(gagnant non publie),Ingenierie / etudes,GTM,,Government of Guatemala,Guatemala-Guatemala City: Technical assistance services,71356200,non,2023-07-10,413926-2023,https://ted.europa.eu/en/notice/413926-2023/html,verifier,,,nouveau,2026-07-22
2026-07-22,(gagnant non publie),Ingenierie / etudes,GTM,,Government of Guatemala,Guatemala-Guatemala City: Technical assistance services,71356200,non,2023-07-10,414025-2023,https://ted.europa.eu/en/notice/414025-2023/html,verifier,,,nouveau,2026-07-22
2026-07-22,JESUS KAFATI KAFATI,Marche ONU - indetermine,HND,,UNDP,Arrendamiento de Ofibodega,10569460/UNDP-HND-00625,,2026-07-16,UNGMA-157833,https://www.ungm.org/Public/ContractAward/157833,oui,,,,2026-07-22
2026-07-22,"UNDP-HND-10055/UNDP-HND-00574,1",Marche ONU - indetermine,HND,,UNDP,Solicitud de Cotización UNDP-HND-00574 LTA Torqueado y Pintura Estructura Metálica Palacio de los Deportes UNAH,,,2026-07-13,UNGMA-157619,https://www.ungm.org/Public/ContractAward/157619,oui,,,,2026-07-22
2026-07-22,"NIRAS Asia Manila, Inc.",Marche ONU - services,IDN,,UNOPS,Secondary Bidding RFQ for the Consultancy Services for Preparation of the Indonesia National Energy Plan (RUEN) Update,RFQ/2026/63004,,2026-07-15,UNGMA-157680,https://www.ungm.org/Public/ContractAward/157680,oui,,,,2026-07-22
2026-07-22,PT Citra Nusantara Logistik,Marche ONU - indetermine,IDN,,IOM,Shipment of Personal Effect from Jakarta to Japan,30000027400,,2026-07-14,UNGMA-151861,https://www.ungm.org/Public/ContractAward/151861,oui,,,,2026-07-22
2026-07-22,PT MAJU KOMITARA GRUP,Marche ONU - fournitures,IDN,,ILO,Procurement of Anti-UV Outdoor Farmer Hats - Request for Quotation (RFQ) - Vision Zero Fund,,,2026-07-14,UNGMA-157631,https://www.ungm.org/Public/ContractAward/157631,oui,,,,2026-07-22
2026-07-22,Nortal AS,Marche ONU - services,MNE,"10568327/UNDP-MNE-00784,3",UNDP,System for Monitoring Quantities and Stocks of Medicinal Products,,,2026-07-22,UNGMA-158107,https://www.ungm.org/Public/ContractAward/158107,oui,,,,2026-07-22
2026-07-22,rfx_4975_ROLAC,Marche ONU - indetermine,PER,,ILO,Servicios de café y afines para reuniones en la oficina de la OIT en Lima,,,2026-07-21,UNGMA-158026,https://www.ungm.org/Public/ContractAward/158026,oui,,,,2026-07-22
2026-07-22,AUDIOVISUALES JC S.A.C,Marche ONU - indetermine,PER,,ILO,Servicio de soporte técnico audiovisual para reuniones y eventos - RFQ/66/2026/MIP/ROLAC,,,2026-07-21,UNGMA-158027,https://www.ungm.org/Public/ContractAward/158027,oui,,,,2026-07-22
2026-07-22,OGAMIG SAC,Marche ONU - indetermine,PER,,ILO,Requerimiento de útiles de oficina proyecto CSST,,,2026-07-15,UNGMA-157693,https://www.ungm.org/Public/ContractAward/157693,oui,,,,2026-07-22
2026-07-22,LABORATORIO TECNOLÓGICO DEL URUGUAY,Marche ONU - services,PER,,UNIDO,"IPA Sustainable electronics management, PE",3000155986,,2026-07-03,UNGMA-157520,https://www.ungm.org/Public/ContractAward/157520,oui,,,,2026-07-22
2026-07-22,Mecury DMC LLC,Marche ONU - services,UZB,,ILO,Call for Proposals: Event Management Services for Pre-Cotton Harvest Training,,,2026-07-22,UNGMA-158104,https://www.ungm.org/Public/ContractAward/158104,oui,,,,2026-07-22
2026-07-22,TELMEX ARGENTINA S.A.,Marche ONU - indetermine,ARG,,ILO,RFQ/101/2026/MEQ/ROLAC Convocatoria para la provisión del servicio de Internet para la oficina de Buenos Aires,,,2026-07-14,UNGMA-157661,https://www.ungm.org/Public/ContractAward/157661,oui,,,,2026-07-22
2026-07-22,rfx_6409_ROLAC,Marche ONU - indetermine,ARG,,ILO,RFQ/105/2026/MEQ/ROLAC Convocatoria de Servicios Diseño de hoja de ruta para el fortalecimiento de la formación técnica en el sector minero especialmente litio y cobre en las provincias mineras en Argentina,,,2026-07-14,UNGMA-157662,https://www.ungm.org/Public/ContractAward/157662,oui,,,,2026-07-22
2026-07-22,JAEJ S.A.,Marche ONU - indetermine,ARG,,UNOPS,Adquisición de Equipo de RX tipo Arco en C para la Provincia de Chubut,ITB/2026/61646,,2026-07-02,UNGMA-158024,https://www.ungm.org/Public/ContractAward/158024,oui,,,,2026-07-22
2026-07-22,"INSTITUTO DE ENSINO, PESQUISA E EXTENSAO LABORNAL",Marche ONU - services,BRA,,ILO,Specialized Consultancy Services for a National Diagnosis and Gender Policy Proposal for the Coffee Production Chain in Brazil,,,2026-07-17,UNGMA-157857,https://www.ungm.org/Public/ContractAward/157857,oui,,,,2026-07-22
2026-07-22,INFRAPLAN CONSULTORIA LTDA,Marche ONU - indetermine,BRA,"10539042/UNDP-BRA-01006,1",UNDP,Estruturação rodovias estaduais MS.,,,2026-07-16,UNGMA-157836,https://www.ungm.org/Public/ContractAward/157836,oui,,,,2026-07-22
2026-07-22,Central Piscinas Ltda,Marche ONU - services,BRA,,ILO,Products for Maintenance and Cleaning of Water Features,,,2026-07-13,UNGMA-157615,https://www.ungm.org/Public/ContractAward/157615,oui,,,,2026-07-22
2026-07-22,MITSIDI SERVICOS E PROJETOS LTDA,Marche ONU - indetermine,BRA,,UNDP,UNDP-BRA-01080 Fortalecimento Capacidades SEI BAHIA,10558256/UNDP-BRA-01080,,2026-07-10,UNGMA-157578,https://www.ungm.org/Public/ContractAward/157578,oui,,,,2026-07-22
2026-07-22,OMNI COMERCIO E SERVIÇOS LTDA,Marche ONU - indetermine,BRA,,ILO,Paper_Towel - Papel Toalha,,,2026-07-06,UNGMA-157523,https://www.ungm.org/Public/ContractAward/157523,oui,,,,2026-07-22
2026-07-22,CENA 1 PRODUÇÃO AUDIOVISUAL LTDA,Marche ONU - indetermine,BRA,,UNICEF,"Contrato Institucional para Produção de videoaulas para o curso autoinstrucional ""Como implementar a Lei da Escuta Protegida no município""",LRPS-2026-9204219,,2026-07-02,UNGMA-157618,https://www.ungm.org/Public/ContractAward/157618,oui,,,,2026-07-22
2026-07-22,CONSORCIO SAN FERNANDO,SECONDARY ROADS,PER,USD 79 165 433,MINISTERIO DE TRANSPORTES Y COMUNICACIONES,Road Infrastructure Program for Regional Competitiveness (Proregion 1) · Works · International Competitive Bidding,,,2025-11-07,IDB-C-PE-L1252-P00058-C01,https://www.iadb.org/en/project/PE-L1252,oui,,,,2026-07-22
2026-07-22,CONSORCIO VIAL CUSCO,SECONDARY ROADS,PER,USD 68 392 869,MINISTERIO DE TRANSPORTES Y COMUNICACIONES,Road Infrastructure Program for Regional Competitiveness (PROREGION 2) · Works · International Competitive Bidding,,,2025-11-25,IDB-C-PE-L1279-P00006-C01,https://www.iadb.org/en/project/PE-L1279,oui,,,,2026-07-22
2026-07-22,CONSORCIO SAN CLEMENTE,SECONDARY ROADS,PER,USD 61 821 986,MINISTERIO DE TRANSPORTES Y COMUNICACIONES,Road Infrastructure Program for Regional Competitiveness (PROREGION 2) · Works · International Competitive Bidding,,,2025-10-31,IDB-C-PE-L1279-P00001-C01,https://www.iadb.org/en/project/PE-L1279,oui,,,,2026-07-22
2026-07-22,CONSORCIO INGECOL - LYDCO (INGECOL SUCURSAL DE PERU Y LYDCO INGENIERIA SAS),WATER AND SANITATION,PER,USD 37 195 494,MINISTERIO DE VIVIENDA CONSTRUCCION Y SANEAMIENTO,Project for Expansion and Improvement of the Water and Sewer Services of the City of Juliaca - Puno · Works · International Competitive Bidding,,,2025-11-25,IDB-C-PE-L1285-P00021-C01,https://www.iadb.org/en/project/PE-L1285,oui,,,,2026-07-22
2026-07-22,CONSTRUTORA CELI LTDA.,HEALTH SYSTEM STRENGTHENING,BRA,USD 26 029 068,FUNDO ESTADUAL DE SAUDE,Health Care and Social Inclusion Networks Strengthening Program - PROREDES Sergipe · Works · International Competitive Bidding,,,2025-12-30,IDB-C-BR-L1583-P00001-C01,https://www.iadb.org/en/project/BR-L1583,oui,,,,2026-07-22
2026-07-22,"CONSORCIO ACDI/VOCA (LIDER), TANAGER, CONSULTORES DE DESARROLLO AGRÍCOLA (CDA), ESCUELA AGRÍCOLA PANAMERICANA (ZAMORANO), LA ANALYTICS GROUP(LAAG)",INTEGRATED REGIONAL/LOCAL ECONOMIC DEVELOPMENT,HND,USD 17 547 637,SECRETARIA DE AGRICULTURA Y GANADERIA,Comprehensive Rural Development and Productivity Project · Consulting Firms,,,2025-09-22,IDB-C-HO26658,https://www.iadb.org/en/project/HO-L1211,oui,,,,2026-07-22
2026-07-22,RIPCONCIV CONSTRUCCIONES CIVILES CIA. LTDA.,SCIENCE AND TECHNOLOGY,ECU,USD 15 794 281,ESCUELA SUPERIOR POLITECNICA DEL LITORAL ESPOL,Strengthening of the Innovation Ecosystem in Coastal Ecuador · Works · International Competitive Bidding,,,2025-11-19,IDB-C-EC-L1261-P00051-C01,https://www.iadb.org/en/project/EC-L1261,oui,,,,2026-07-22
2026-07-22,CONSÓRCIO INFRARODOVIÁRIA,SECONDARY ROADS,BRA,USD 12 443 985,SUPERINTENDENCIA DE OBRAS PUBLICAS DO ESTADO DO CEARA,Subnational Road Infrastructure Quality Improvement Program - InfraRodoviária Ceará · Works · National Competive Bidding,,,2025-07-24,IDB-C-BRA6768,https://www.iadb.org/en/project/BR-L1589,oui,,,,2026-07-22
2026-07-22,Hitachi Energy USA Inc.,NEW OIL AND GAS AND EXTRACTIVE INDUSTRIES,ECU,USD 10 755 000,MINISTERIO DE ENERGIA Y MINAS MEM,Sustainable Management of Underground Resources and Associated Infrastructure · Goods · Competitive Bidding - Single Stage Two Envelopes,,,2025-11-21,IDB-C-EC-L1257-P00015-C01,https://www.iadb.org/en/project/EC-L1257,oui,,,,2026-07-22
2026-07-22,EMPRESA DE LUZ Y FUERZA ELÉCTRICA COCHABAMBA S.A. ELFEC,RURAL ELECTRIFICATION,BOL,USD 10 484 072,EMPRESA NACIONAL DE ELECTRICIDAD,Rural Electrification Program III · Works · Force Account,,,2025-08-22,IDB-C-BO-L1222-P00098-C01,https://www.iadb.org/en/project/BO-L1222,oui,,,,2026-07-22
2026-07-22,AMPER SISTEMAS SUCURSAL PERU SOCIEDAD ANONIMA,CITIZEN SAFETY,PER,USD 10 388 696,MINISTERIO DEL INTERIOR,Improvement of Crime Prevention Services in the Population Most Vulnerable to Crime and Violence in Peru · Goods · Competitive Bidding - Single Stage Two Envelopes,,,2025-07-25,IDB-C-PE-L1224-P00010-C01,https://www.iadb.org/en/project/PE-L1224,oui,,,,2026-07-22
2026-07-22,Electroval Telecomunicaciones y Energía SA,ENERGY SECTOR REHABILITATION AND EFFICIENCY,HND,USD 10 350 752,EMPRESA NACIONAL DE ENERGIA ELECTRICA,Renovation of the Francisco Morazán Hydropower Plant to Facilitate the Integration of Renewable Energy · Goods · Direct Contracting - approved before loan signature,,,2025-11-03,IDB-C-HO-L1203-P00054-C01,https://www.iadb.org/en/project/HO-L1203,oui,,,,2026-07-22
2026-07-22,SIDOM ARGENTINA S.A.,"TRADE FACILITATION, TRADE LOGISTICS AND CUSTOMS",ARG,USD 10 002 920,MINISTERIO DE DESARROLLO PRODUCTIVO,Program for Implementation of the National System for the Argentine International Trade Single Window · Consulting Firms,,,2025-09-22,IDB-C-AR67730,https://www.iadb.org/en/project/AR-L1251,oui,,,,2026-07-22
2026-07-22,Fundação Luis Eduardo Magalhães,SUSTAINABLE AGRICULTURAL DEVELOPMENT,BRA,USD 9 954 340,SECRETARIA DE DESENVOLVIMENTO RURAL DA BAHIA,Sustainable Development Project for Bahia's Atlantic Forest · Consulting Firms · Single-Source Selection of Firms (SSS) - approved before loan signature,,,2025-10-31,IDB-C-BR-L1617-P00024-C01,https://www.iadb.org/en/project/BR-L1617,oui,,,,2026-07-22
2026-07-22,Sodalita Informática e Telecomunicações LTDA,FISCAL POLICY FOR SUSTAINABILITY AND GROWTH,BRA,USD 9 666 385,ESTADO DE MATO GROSSO SECRETARIA DE ESTADO DA FAZENDA DO EST,Fiscal Management Modernization Project for the State of Mato Grosso - PROFISCO II - MT · Goods · International Competitive Bidding,,,2025-10-31,IDB-C-BR-L1539-P00049-C01,https://www.iadb.org/en/project/BR-L1539,oui,,,,2026-07-22
2026-07-22,UT GROWDXT REDES LAN,MODERNIZATION & ADMINIST OFJUSTICE,COL,USD 8 584 171,CONSEJO SUPERIOR DE LA JUDICATURA,Program for the Digital Transformation of Justice in Colombia · Works · International Competitive Bidding,,,2025-09-12,IDB-C-CO-L1256-P00110-C01,https://www.iadb.org/en/project/CO-L1256,oui,,,,2026-07-22
2026-07-22,APCA CSJ UPSYSTEM 2025,MODERNIZATION & ADMINIST OFJUSTICE,COL,USD 8 483 539,CONSEJO SUPERIOR DE LA JUDICATURA,Program for the Digital Transformation of Justice in Colombia · Works · International Competitive Bidding,,,2025-09-12,IDB-C-CO-L1256-P00110-C02,https://www.iadb.org/en/project/CO-L1256,oui,,,,2026-07-22
2026-07-22,CMR4 CONSTRUÇÕES E COMERCIO LTDA,WATER SUPPLY URBAN,BRA,USD 7 161 652,COMPANHIA AGUAS DE JOINVILLE,Sustainable Basic Sanitation Program in Joinville - PROSAJ · Works · National Competitive Bidding,,,2025-10-06,IDB-C-BR-L1594-P00005-C01,https://www.iadb.org/en/project/BR-L1594,oui,,,,2026-07-22
2026-07-22,ELEPRINT S.A - ILUBAIRES S.A ZANJON MADERO UT,URBAN DRAINAGE,ARG,USD 6 438 709,MINISTERIO DE INFRAESTRUCTURA Y SERVICIOS PUBLICOS DE LA PRO,Drainage and Flood Control Project in the Province of Buenos Aires · Works · National Competitive Bidding,,,2025-09-02,IDB-C-AR-L1273-P00045-C01,https://www.iadb.org/en/project/AR-L1273,oui,,,,2026-07-22
2026-07-22,Consorcio Zonda Advanced S.A.C. – Linev Systems US Inc.,FISCAL POLICY FOR SUSTAINABILITY AND GROWTH,PER,USD 6 213 291,SUPERINTENDENCIA NACIONAL ADMINISTRACIONTRIBUTARIA,Improving Tax and Customs Revenue Collection Services Through Digital Transformation · Goods · International Competitive Bidding,,,2025-11-28,IDB-C-PE-L1239-P00076-C01,https://www.iadb.org/en/project/PE-L1239,oui,,,,2026-07-22
2026-07-22,CONSORCIO PROMORAR WB - FRF,URBAN DEVELOPMENT AND HOUSING,BRA,USD 6 048 187,MUNICIPIO DE RECIFE,Urban Resilience and Revitalization Program in Socially and Environmentally Vulnerable Areas – ProMorar Recife · Works · National Competitive Bidding,,,2025-08-21,IDB-C-BR-L1609-P00017-C01,https://www.iadb.org/en/project/BR-L1609,oui,,,,2026-07-22
2026-07-22,Sengel Construções LTDA,HEALTH SYSTEM STRENGTHENING,BRA,USD 6 048 035,SECRETARIA MUNICIPAL DE SAÚDE,Modernization and Quality Improvement of Health Services Networks in Belo Horizonte - BetterHealth-BH · Works · National Competitive Bidding,,,2025-09-02,IDB-C-BR-L1519-P246443-C01,https://www.iadb.org/en/project/BR-L1519,oui,,,,2026-07-22
2026-07-22,Constructora Oviedo Palacios Covipal S.A.,WATER SUPPLY RURAL AND PERI-URBAN,ECU,USD 5 619 248,BANCO DEL ESTADO,Investment Program in Water and Sanitation in Ecuador · Works · International Competitive Bidding,,,2025-12-24,IDB-C-EC-L1283-P00001-C01,https://www.iadb.org/en/project/EC-L1283,oui,,,,2026-07-22
2026-07-22,Logus Sistemas de Gestão Pública Ltda,FISCAL POLICY FOR SUSTAINABILITY AND GROWTH,BRA,USD 5 388 526,SECRETARIA DE FAZENDA DE ESPIRITO SANTO,Fiscal Management Modernization Project for the State of ESPÍRITO SANTO - PROFISCO II – ES · Consulting Firms · Single-Source Selection of Firms (SSS),,,2025-08-15,IDB-C-BR-L1517-P00017-C01,https://www.iadb.org/en/project/BR-L1517,oui,,,,2026-07-22
2026-07-22,Regional Planejamento e Construções Civis Ltda,VOCATIONAL & TECHNICAL EDUCATION,BRA,USD 5 377 917,SECRETARIA DE ESTADO DA EDUCACAO E DO ESPORTE DO PARANA,Program Education for the Future of Paraná's state · Works · National Competitive Bidding,,,2025-09-19,IDB-C-BR-L1551-P00027-C01,https://www.iadb.org/en/project/BR-L1551,oui,,,,2026-07-22
2026-07-22,GEMELO DO BRASIL DATACENTERS COM. E SERVIÇOS LTDA,E-GOVERNMENT,BRA,USD 5 180 005,BAHIA SECRETARIA DA ADMINISTRACAO,Bahia Mais Digital Program - Digital Transformation of the Government of the State of Bahia · Goods · SN - Pregao,,,2025-11-27,IDB-C-BR-L1626-P00020-C01,https://www.iadb.org/en/project/BR-L1626,oui,,,,2026-07-22
2026-07-22,ASOCIACION ACCIDENTAL KAPRA - INGECOL,AGRICULTURAL TECHNOLOGY ADOPTION,BOL,USD 5 179 036,MINISTERIO DE DESARROLLO PRODUCTIVO RURAL Y AGUA,National Pressurized Irrigation Program with Watershed Approach I · Works · International Competitive Bidding,,,2025-11-17,IDB-C-BO-L1226-P00255-C01,https://www.iadb.org/en/project/BO-L1226,oui,,,,2026-07-22
2026-07-22,WEXLER S.A.S.,MODERNIZATION & ADMINIST OFJUSTICE,COL,USD 5 099 821,CONSEJO SUPERIOR DE LA JUDICATURA,Program for the Digital Transformation of Justice in Colombia · Goods · International Competitive Bidding,,,2025-10-03,IDB-C-CO-L1256-P00302-C01,https://www.iadb.org/en/project/CO-L1256,oui,,,,2026-07-22
2026-07-22,Sengel Construções LTDA,HEALTH SYSTEM STRENGTHENING,BRA,USD 4 808 210,SECRETARIA MUNICIPAL DE SAÚDE,Modernization and Quality Improvement of Health Services Networks in Belo Horizonte - BetterHealth-BH · Works · National Competitive Bidding,,,2025-12-18,IDB-C-BR-L1519-P214161-C01,https://www.iadb.org/en/project/BR-L1519,oui,,,,2026-07-22
2026-07-22,MEBEL PHARMA S.A,POVERTY ALLEVIATION,BOL,USD 4 564 800,MINISTERIO DE SALUD,Support for Vulnerable Populations Affected by Coronavirus II · Goods · International Competitive Bidding,,,2025-12-15,IDB-C-BO-L1219-P00036-C08,https://www.iadb.org/en/project/BO-L1219,oui,,,,2026-07-22
2026-07-22,CONSÓRCIO INFRASUL-CONTREL,SANITATION URBAN,BRA,USD 4 537 494,PREFEITURA MUNICIPAL DE JOINVILLE,Project Viva Cidade 2 Environmental Revitalization and Urban Municipality Joinvi · Works · National Competitive Bidding,,,2025-10-30,IDB-C-BR-L1405-P234484-C01,https://www.iadb.org/en/project/BR-L1405,oui,,,,2026-07-22
2026-07-22,LABORATORIOS ABD LTDA.,POVERTY ALLEVIATION,BOL,USD 4 481 177,MINISTERIO DE SALUD,Support for Vulnerable Populations Affected by Coronavirus II · Goods · International Competitive Bidding,,,2025-09-12,IDB-C-BO-L1219-P00059-C01,https://www.iadb.org/en/project/BO-L1219,oui,,,,2026-07-22
2026-07-22,APCA REMPO,PRIMARY HEALTH CARE,GTM,USD 4 447 005,MINISTERIO DE SALUD PUBLICA Y ASISTENCIA SOCIAL,Program to Strengthen the Institutional Healthcare Service Network (PRORISS) · Works · National Competive Bidding,,,2025-10-22,IDB-C-GUB0436,https://www.iadb.org/en/project/GU-L1163,oui,,,,2026-07-22
2026-07-22,MEGA - MED E.I.R.L.,HEALTH SERVICES,PER,USD 4 232 825,MINISTERIO DE SALUD,Program to Create Integrated Health Networks · Goods · International Competitive Bidding,,,2025-10-23,IDB-C-PE-L1228-P00068-C01,https://www.iadb.org/en/project/PE-L1228,oui,,,,2026-07-22
2026-07-22,Consorcio DICONSA-ENOCSA,WATER SUPPLY URBAN,HND,USD 4 178 557,SECRETARIA DESARROLLO COMUNITARIO AGUA Y SANAMIENTO,Potable Water and Sanitation Program in Honduras · Works · International Competitive Bidding,,,2025-09-22,IDB-C-HO-L1213-P00043-C01,https://www.iadb.org/en/project/HO-L1213,oui,,,,2026-07-22
2026-07-22,ASOCIACIÓN ACCIDENTAL LABSOLUTIONS,POVERTY ALLEVIATION,BOL,USD 3 966 047,MINISTERIO DE SALUD,Support for Vulnerable Populations Affected by Coronavirus II · Goods · International Competitive Bidding,,,2025-12-30,IDB-C-BO-L1219-P00057-C01,https://www.iadb.org/en/project/BO-L1219,oui,,,,2026-07-22
2026-07-22,CONSÓRCIO INFRASUL-CONTREL,SANITATION URBAN,BRA,USD 3 958 997,PREFEITURA MUNICIPAL DE JOINVILLE,Project Viva Cidade 2 Environmental Revitalization and Urban Municipality Joinvi · Works · National Competitive Bidding,,,2025-10-30,IDB-C-BR-L1405-P234482-C01,https://www.iadb.org/en/project/BR-L1405,oui,,,,2026-07-22
2026-07-22,WORLD PHARMA SERVICES,POVERTY ALLEVIATION,BOL,USD 3 821 000,MINISTERIO DE SALUD,Support for Vulnerable Populations Affected by Coronavirus II · Goods · International Competitive Bidding,,,2025-12-16,IDB-C-BO-L1219-P00084-C03,https://www.iadb.org/en/project/BO-L1219,oui,,,,2026-07-22
2026-07-22,Emergo Construções e Serviços Ltda,VOCATIONAL & TECHNICAL EDUCATION,BRA,USD 3 740 263,SECRETARIA DE ESTADO DA EDUCACAO E DO ESPORTE DO PARANA,Program Education for the Future of Paraná's state · Works · National Competitive Bidding,,,2025-09-17,IDB-C-BR-L1551-P00030-C01,https://www.iadb.org/en/project/BR-L1551,oui,,,,2026-07-22
2026-07-22,INGENIERIA Y CONSTRUCCIONES FRANORTEC LTDA.,AGRICULTURAL TECHNOLOGY ADOPTION,BOL,USD 3 635 624,MINISTERIO DE DESARROLLO PRODUCTIVO RURAL Y AGUA,National Pressurized Irrigation Program with Watershed Approach I · Works · International Competitive Bidding,,,2025-11-28,IDB-C-BO-L1226-P00282-C01,https://www.iadb.org/en/project/BO-L1226,oui,,,,2026-07-22
2026-07-22,MEGA - MED E.I.R.L.,HEALTH SERVICES,PER,USD 3 456 872,MINISTERIO DE SALUD,Program to Create Integrated Health Networks · Goods · International Competitive Bidding,,,2025-09-26,IDB-C-PE-L1228-P00037-C05,https://www.iadb.org/en/project/PE-L1228,oui,,,,2026-07-22
2026-07-22,IDEATI SA,"TRADE FACILITATION, TRADE LOGISTICS AND CUSTOMS",HND,USD 3 331 028,ADMINISTRACION ADUANERA DE HONDURAS,Institutional and Operational Strengthening of the Customs Administration · Consulting Firms · Quality-and-Cost Based Selection (QCBS),,,2025-12-30,IDB-C-HO-L1235-P00043-C01,https://www.iadb.org/en/project/HO-L1235,oui,,,,2026-07-22
2026-07-22,PLATAFORMA ENGENHARIA LTDA.,HEALTH SYSTEM STRENGTHENING,BRA,USD 3 324 288,GOVERNO DO ESTADO DA PARAIBA,Program to Strengthen the Care Model in the Paraiba Health Network · Works · National Competitive Bidding,,,2025-11-28,IDB-C-BR-L1518-P00106-C01,https://www.iadb.org/en/project/BR-L1518,oui,,,,2026-07-22
2026-07-22,Althea S.P.A,POVERTY ALLEVIATION,BOL,USD 3 281 368,MINISTERIO DE SALUD,Support for Vulnerable Populations Affected by Coronavirus II · Goods · International Competitive Bidding,,,2025-12-11,IDB-C-BO-L1219-P00036-C01,https://www.iadb.org/en/project/BO-L1219,oui,,,,2026-07-22
2026-07-22,CONSTRUTORA FORTUNATO LTDA,SANITATION URBAN,BRA,USD 3 263 835,PREFEITURA MUNICIPAL DE JOINVILLE,Project Viva Cidade 2 Environmental Revitalization and Urban Municipality Joinvi · Works · National Competitive Bidding,,,2025-11-07,IDB-C-BR-L1405-P234397-C01,https://www.iadb.org/en/project/BR-L1405,oui,,,,2026-07-22
2026-07-22,TRANSVIAS CONSTRUÇÕES E TERRAPLENAGEM LTDA - CNPJ 54.883.194/0001-40,WATER SUPPLY URBAN,BRA,USD 3 099 862,COMPANHIA DE SANEAMENTO DO PARA,Pará Sanitation Development Project - PRODESAN PARÁ · Works · National Competitive Bidding,,,2025-09-08,IDB-C-BR-L1574-P00032-C01,https://www.iadb.org/en/project/BR-L1574,oui,,,,2026-07-22
2026-07-22,CLIMACER SA,POVERTY ALLEVIATION,BOL,USD 2 962 759,MINISTERIO DE SALUD,Support for Vulnerable Populations Affected by Coronavirus II · Goods · International Competitive Bidding,,,2025-12-18,IDB-C-BO-L1219-P00036-C05,https://www.iadb.org/en/project/BO-L1219,oui,,,,2026-07-22
2026-07-22,Centro Interamericano de Administrações Tributárias - CIAT,FISCAL POLICY FOR SUSTAINABILITY AND GROWTH,BRA,USD 2 937 480,SECRETARIA DE ESTADO DA FAZENDA DE ALAGOAS,Fiscal Management Modernization Project for the State of Alagoas - PROFISCO II AL · Consulting Firms · Single-Source Selection of Firms (SSS) - approved before loan signature,,,2025-12-03,IDB-C-BR-L1540-P00070-C01,https://www.iadb.org/en/project/BR-L1540,oui,,,,2026-07-22
2026-07-22,BBM Construções LTDA,HEALTH SYSTEM STRENGTHENING,BRA,USD 2 904 963,SECRETARIA MUNICIPAL DE SAÚDE,Modernization and Quality Improvement of Health Services Networks in Belo Horizonte - BetterHealth-BH · Works · National Competitive Bidding,,,2025-08-14,IDB-C-BR-L1519-P246445-C01,https://www.iadb.org/en/project/BR-L1519,oui,,,,2026-07-22
2026-07-22,SOCIEDAD INDUSTRIAL HANSA LIMITADA,POVERTY ALLEVIATION,BOL,USD 2 816 356,MINISTERIO DE SALUD,Support for Vulnerable Populations Affected by Coronavirus II · Goods · International Competitive Bidding,,,2025-12-11,IDB-C-BO-L1219-P00084-C01,https://www.iadb.org/en/project/BO-L1219,oui,,,,2026-07-22
2026-07-22,CONSORCIO RIO TAMBO,SANITATION RURAL AND PERI-URBAN,PER,USD 2 749 472,MINISTERIO DE VIVIENDA CONSTRUCCION Y SANEAMIENTO,"Comprehensive Rural Water and Sanitation Program, second phase - PIASAR II · Works · National Competitive Bidding",,,2025-10-23,IDB-C-PE-L1269-P00272-C01,https://www.iadb.org/en/project/PE-L1269,oui,,,,2026-07-22
2026-07-22,CONSORCIO PACIFICO,SANITATION RURAL AND PERI-URBAN,PER,USD 2 679 246,MINISTERIO DE VIVIENDA CONSTRUCCION Y SANEAMIENTO,"Comprehensive Rural Water and Sanitation Program, second phase - PIASAR II · Works · National Competitive Bidding",,,2025-11-07,IDB-C-PE-L1269-P00397-C01,https://www.iadb.org/en/project/PE-L1269,oui,,,,2026-07-22
2026-07-22,EMPRESA CONSTRUCTORA PEEMEX,AGRICULTURAL TECHNOLOGY ADOPTION,BOL,USD 2 665 882,MINISTERIO DE DESARROLLO PRODUCTIVO RURAL Y AGUA,National Pressurized Irrigation Program with Watershed Approach I · Works · National Competitive Bidding,,,2025-07-25,IDB-C-BO-L1226-P00172-C01,https://www.iadb.org/en/project/BO-L1226,oui,,,,2026-07-22
2026-07-22,Virtual Engenharia Ltda,HEALTH SYSTEM STRENGTHENING,BRA,USD 2 559 064,GOVERNO DO ESTADO DA PARAIBA,Program to Strengthen the Care Model in the Paraiba Health Network · Works · National Competitive Bidding,,,2025-08-21,IDB-C-BR-L1518-P00009-C01,https://www.iadb.org/en/project/BR-L1518,oui,,,,2026-07-22
2026-07-22,"IDOM CONSULTING, ENGINEERING, ARCHITECTURE",MODERNIZATION & ADMINIST OFJUSTICE,COL,USD 2 523 937,CONSEJO SUPERIOR DE LA JUDICATURA,Program for the Digital Transformation of Justice in Colombia · Consulting Firms · Quality-and-Cost Based Selection (QCBS),,,2025-09-12,IDB-C-CO-L1256-P00111-C01,https://www.iadb.org/en/project/CO-L1256,oui,,,,2026-07-22
2026-07-22,Consorcio Capacidaddes,PUBLIC EXPENDITURE MANAGEMENT,PER,USD 2 492 557,MINISTERIO DE ECONOMIA Y FINANZAS,Project to Improve the Financial Administration of the Public Sector through Digital Transformation. · Consulting Firms · Quality-and-Cost Based Selection (QCBS),,,2025-12-19,IDB-C-PE-L1266-P00092-C01,https://www.iadb.org/en/project/PE-L1266,oui,,,,2026-07-22
2026-07-22,AGT,POVERTY ALLEVIATION,BOL,USD 2 413 948,MINISTERIO DE SALUD,Support for Vulnerable Populations Affected by Coronavirus II · Goods · International Competitive Bidding,,,2025-09-04,IDB-C-BO-L1219-P00138-C02,https://www.iadb.org/en/project/BO-L1219,oui,,,,2026-07-22
2026-07-22,CONSORCIO BSD,ENERGY SECTOR REHABILITATION AND EFFICIENCY,ECU,USD 2 379 584,MINISTERIO DE ENERGIA Y MINAS MEM,Modernization and Renewal Program for Ecuador’s Power System · Works · National Competitive Bidding,,,2025-10-29,IDB-C-EC-L1231-P00020-C01,https://www.iadb.org/en/project/EC-L1231,oui,,,,2026-07-22
2026-07-22,EMPRESA DE LUZ Y FUERZA ELÉCTRICA COCHABAMBA S.A. ELFEC,RURAL ELECTRIFICATION,BOL,USD 2 371 639,EMPRESA NACIONAL DE ELECTRICIDAD,Rural Electrification Program III · Works · Force Account,,,2025-08-27,IDB-C-BO-L1222-P00078-C01,https://www.iadb.org/en/project/BO-L1222,oui,,,,2026-07-22
2026-07-22,LEAFNOISE COMPANY S.A.,"TRADE FACILITATION, TRADE LOGISTICS AND CUSTOMS",ARG,USD 2 357 594,MINISTERIO DE DESARROLLO PRODUCTIVO,Program for Implementation of the National System for the Argentine International Trade Single Window · Consulting Firms,,,2025-09-19,IDB-C-AR67728,https://www.iadb.org/en/project/AR-L1251,oui,,,,2026-07-22
2026-07-22,RVC MEDICAL SRL,POVERTY ALLEVIATION,BOL,USD 2 234 344,MINISTERIO DE SALUD,Support for Vulnerable Populations Affected by Coronavirus II · Goods · International Competitive Bidding,,,2025-12-11,IDB-C-BO-L1219-P00036-C03,https://www.iadb.org/en/project/BO-L1219,oui,,,,2026-07-22
2026-07-22,EMP CONST GENESIS LIMITAD,MAJOR HIGHWAYS,BOL,USD 2 213 341,ADMINISTRADORA BOLIVIANA DE CARRETERAS,Road Infraestructure Program to Support Development and Management of the Primar · Works · National Competive Bidding,,,2025-08-08,IDB-C-BOB1129,https://www.iadb.org/en/project/BO-L1102,oui,,,,2026-07-22
2026-07-22,PHILIPS MEDICAL SYSTEMS LTDA,HEALTH SYSTEM STRENGTHENING,BRA,USD 2 192 702,FUNDO ESTADUAL DE SAUDE,Health Care and Social Inclusion Networks Strengthening Program - PROREDES Sergipe · Goods · SN - Pregao,,,2025-08-20,IDB-C-BR-L1583-P00017-C01,https://www.iadb.org/en/project/BR-L1583,oui,,,,2026-07-22
2026-07-22,EMPRESA DE LUZ Y FUERZA ELÉCTRICA COCHABAMBA S.A. ELFEC,RURAL ELECTRIFICATION,BOL,USD 2 179 774,EMPRESA NACIONAL DE ELECTRICIDAD,Rural Electrification Program III · Works · Force Account,,,2025-09-16,IDB-C-BO-L1222-P00072-C01,https://www.iadb.org/en/project/BO-L1222,oui,,,,2026-07-22
2026-07-22,EMPRESA DE LUZ Y FUERZA ELÉCTRICA COCHABAMBA S.A. ELFEC,RURAL ELECTRIFICATION,BOL,USD 2 087 270,EMPRESA NACIONAL DE ELECTRICIDAD,Rural Electrification Program III · Works · Force Account,,,2025-08-27,IDB-C-BO-L1222-P00086-C01,https://www.iadb.org/en/project/BO-L1222,oui,,,,2026-07-22
2026-07-22,A. JAIME ROJAS REPRESENTACIONES GENERALES S.A.,HEALTH SERVICES,PER,USD 2 057 298,MINISTERIO DE SALUD,Program to Create Integrated Health Networks · Goods · International Competitive Bidding,,,2025-10-27,IDB-C-PE-L1228-P00068-C03,https://www.iadb.org/en/project/PE-L1228,oui,,,,2026-07-22
2026-07-22,Productive Business Solutions,"TRADE FACILITATION, TRADE LOGISTICS AND CUSTOMS",HND,USD 2 051 385,ADMINISTRACION ADUANERA DE HONDURAS,Institutional and Operational Strengthening of the Customs Administration · Goods · International Competitive Bidding,,,2025-11-24,IDB-C-HO-L1235-P00020-C02,https://www.iadb.org/en/project/HO-L1235,oui,,,,2026-07-22
2026-07-22,ASOCIACION ACCIDENTAL JORENCO,AGRICULTURAL TECHNOLOGY ADOPTION,BOL,USD 2 033 269,MINISTERIO DE DESARROLLO PRODUCTIVO RURAL Y AGUA,National Pressurized Irrigation Program with Watershed Approach I · Works · National Competitive Bidding,,,2025-10-01,IDB-C-BO-L1226-P00174-C01,https://www.iadb.org/en/project/BO-L1226,oui,,,,2026-07-22
2026-07-22,EMPRESA DE SERVICIOS MANOCA,AGRICULTURAL TECHNOLOGY ADOPTION,BOL,USD 2 018 428,MINISTERIO DE DESARROLLO PRODUCTIVO RURAL Y AGUA,National Pressurized Irrigation Program with Watershed Approach I · Works · National Competitive Bidding,,,2025-10-08,IDB-C-BO-L1226-P00270-C01,https://www.iadb.org/en/project/BO-L1226,oui,,,,2026-07-22
2026-07-22,7LAN COMÉRCIO E SERVIÇOS LTDA,URBAN LAND PLANNING AND MANAGEMENT,BRA,USD 1 998 193,SECRETARIA ESPECIAL DE ESTADO DE GESTAO-SEGES,Vitória Urban Improvement and Citizen Security Program (First Stage of the Sustainable Vitória Action Plan) · Goods · SN - Pregao,,,2025-08-18,IDB-C-BR-L1497-P230742-C01,https://www.iadb.org/en/project/BR-L1497,oui,,,,2026-07-22
2026-07-22,FEMAC GEOSOLO ENGENHARIA LTDA.,WATER SUPPLY URBAN,BRA,USD 1 994 599,COMPANHIA DE SANEAMENTO DO PARA,Pará Sanitation Development Project - PRODESAN PARÁ · Goods · SN - Pregao,,,2025-09-30,IDB-C-BR-L1574-P00013-C01,https://www.iadb.org/en/project/BR-L1574,oui,,,,2026-07-22
2026-07-22,POSITIVO TECNOLOGIA S/A,DECENTRALIZATION & INTERGOVERNMENTAL RELATIONS,BRA,USD 1 978 412,SECRETARIA DE ESTADO DE ECONOMIA DO DISTRITO FEDERAL,Financial Development Program of the Federal District (PRODEFAZ/PROFISCO II) · Goods · SN - Pregao,,,2025-09-11,IDB-C-BR-L1592-P00077-C04,https://www.iadb.org/en/project/BR-L1592,oui,,,,2026-07-22
2026-07-22,ORIENTE MARVI SRL,POVERTY ALLEVIATION,BOL,USD 1 923 628,MINISTERIO DE SALUD,Support for Vulnerable Populations Affected by Coronavirus II · Goods · International Competitive Bidding,,,2025-12-15,IDB-C-BO-L1219-P00036-C04,https://www.iadb.org/en/project/BO-L1219,oui,,,,2026-07-22
2026-07-22,SUPORTE INFORMATICA SOLUÇÕES LTDA,FISCAL POLICY FOR SUSTAINABILITY AND GROWTH,BRA,USD 1 918 536,SECRETARIA DE ESTADO DA RECEITA DA PARAIBA,Fiscal Management Modernization Project for the State of Paraíba - PROFISCO II PB · Goods · SN - Pregao,,,2025-12-22,IDB-C-BR-L1535-P00133-C01,https://www.iadb.org/en/project/BR-L1535,oui,,,,2026-07-22
2026-07-22,SOCIEDAD INDUSTRIAL HANSA LIMITADA,WATER SUPPLY RURAL AND PERI-URBAN,BOL,USD 1 897 044,MINISTERIO DE DESARROLLO PRODUCTIVO RURAL Y AGUA,Water and Sewerage Program in Peri Urban Areas Phase II · Works · National Competitive Bidding,,,2025-07-24,IDB-C-BO-L1087-P00197-C02,https://www.iadb.org/en/project/BO-L1087,oui,,,,2026-07-22
2026-07-22,INGENIERIA DEL CONCRETO PACIFICO EIRL - INGECOP EIRL,SANITATION RURAL AND PERI-URBAN,PER,USD 1 883 266,MINISTERIO DE VIVIENDA CONSTRUCCION Y SANEAMIENTO,"Comprehensive Rural Water and Sanitation Program, second phase - PIASAR II · Works · National Competitive Bidding",,,2025-11-18,IDB-C-PE-L1269-P00401-C01,https://www.iadb.org/en/project/PE-L1269,oui,,,,2026-07-22
2026-07-22,ECCOFASE EMPRESA,AGRICULTURAL TECHNOLOGY ADOPTION,BOL,USD 1 798 009,MINISTERIO DE DESARROLLO PRODUCTIVO RURAL Y AGUA,National Pressurized Irrigation Program with Watershed Approach I · Works · National Competitive Bidding,,,2025-11-19,IDB-C-BO-L1226-P00275-C01,https://www.iadb.org/en/project/BO-L1226,oui,,,,2026-07-22
2026-07-22,Consórcio CERSAM Oeste - CI,HEALTH SYSTEM STRENGTHENING,BRA,USD 1 786 594,SECRETARIA MUNICIPAL DE SAÚDE,Modernization and Quality Improvement of Health Services Networks in Belo Horizonte - BetterHealth-BH · Works · National Competitive Bidding,,,2025-10-21,IDB-C-BR-L1519-P246444-C01,https://www.iadb.org/en/project/BR-L1519,oui,,,,2026-07-22
2026-07-22,PRAXAIR BOLIVIA S.R.L.,POVERTY ALLEVIATION,BOL,USD 1 778 370,MINISTERIO DE SALUD,Support for Vulnerable Populations Affected by Coronavirus II · Goods · International Competitive Bidding,,,2025-12-17,IDB-C-BO-L1219-P00036-C07,https://www.iadb.org/en/project/BO-L1219,oui,,,,2026-07-22
2026-07-22,CONSORCIO EL SOL,SANITATION RURAL AND PERI-URBAN,PER,USD 1 752 808,MINISTERIO DE VIVIENDA CONSTRUCCION Y SANEAMIENTO,"Comprehensive Rural Water and Sanitation Program, second phase - PIASAR II · Works · National Competitive Bidding",,,2025-09-19,IDB-C-PE-L1269-P00269-C01,https://www.iadb.org/en/project/PE-L1269,oui,,,,2026-07-22
2026-07-22,INGENIERIA DEL CONCRETO PACIFICO EIRL - INGECOP EIRL,SANITATION RURAL AND PERI-URBAN,PER,USD 1 729 345,MINISTERIO DE VIVIENDA CONSTRUCCION Y SANEAMIENTO,"Comprehensive Rural Water and Sanitation Program, second phase - PIASAR II · Works · National Competitive Bidding",,,2025-11-17,IDB-C-PE-L1269-P00407-C01,https://www.iadb.org/en/project/PE-L1269,oui,,,,2026-07-22
2026-07-22,FORTLINE INDÚSTRIA E COMÉRCIO DE MÓVEIS LTDA,FISCAL POLICY FOR SUSTAINABILITY AND GROWTH,BRA,USD 1 665 297,SECRETARIA DE ESTADO DA RECEITA DA PARAIBA,Fiscal Management Modernization Project for the State of Paraíba - PROFISCO II PB · Goods · SN - Pregao,,,2025-11-17,IDB-C-BR-L1535-P00094-C02,https://www.iadb.org/en/project/BR-L1535,oui,,,,2026-07-22
2026-07-22,SUPRISERVI COMÉRCIO REPRESENTAÇÕES E SERVIÇOS LTDA,E-GOVERNMENT,BRA,USD 1 652 193,"SECRETARIA DE ESTADO DO PLANEJAMENTO, GESTAO E PATRIMONIO",Alagoas Mais Digital Program – Digital Transformation of the Government of the State of Alagoas · Goods · SN - Pregao,,,2025-10-16,IDB-C-BR-L1565-P00049-C01,https://www.iadb.org/en/project/BR-L1565,oui,,,,2026-07-22
2026-07-22,Empresa de Tecnologia da Informação do Ceará- ETICE,E-GOVERNMENT,BRA,USD 1 634 032,SECRETARIA DO PLANEJAMENTO E GESTAO DO ESTADO DO CEARA,Program for Digital Transformation of the Government of the State of Ceará (Ceará Mais Digital Program) · Consulting Firms · Single-Source Selection of Firms (SSS) - approved before loan signature,,,2025-12-23,IDB-C-BR-L1564-P00083-C01,https://www.iadb.org/en/project/BR-L1564,oui,,,,2026-07-22
2026-07-22,ARMEN SRL,SANITATION RURAL AND PERI-URBAN,BOL,USD 1 623 499,MINISTERIO DE DESARROLLO PRODUCTIVO RURAL Y AGUA,LAKE TITICACA CLEANUP PROGRAM · Works · National Competitive Bidding,,,2025-09-15,IDB-C-BO-L1118-P00206-C01,https://www.iadb.org/en/project/BO-L1118,oui,,,,2026-07-22
2026-07-22,MARY & HERMANOS CONSULTORES Y EJECUTORES S.R.L.,SANITATION RURAL AND PERI-URBAN,PER,USD 1 617 279,MINISTERIO DE VIVIENDA CONSTRUCCION Y SANEAMIENTO,"Comprehensive Rural Water and Sanitation Program, second phase - PIASAR II · Works · National Competitive Bidding",,,2025-08-19,IDB-C-PE-L1269-P00267-C01,https://www.iadb.org/en/project/PE-L1269,oui,,,,2026-07-22
2026-07-22,CONSORCIO PACIFICO (RM INGENIERIA Y FINANZAS SAC - ALHBA CORPORATION SAC - CORPORACION CIMA SAC),SANITATION RURAL AND PERI-URBAN,PER,USD 1 605 245,MINISTERIO DE VIVIENDA CONSTRUCCION Y SANEAMIENTO,"Comprehensive Rural Water and Sanitation Program, second phase - PIASAR II · Works · National Competitive Bidding",,,2025-11-08,IDB-C-PE-L1269-P00409-C01,https://www.iadb.org/en/project/PE-L1269,oui,,,,2026-07-22
2026-07-22,CONSORCIO JMA,SANITATION RURAL AND PERI-URBAN,PER,USD 1 561 266,MINISTERIO DE VIVIENDA CONSTRUCCION Y SANEAMIENTO,"Comprehensive Rural Water and Sanitation Program, second phase - PIASAR II · Works · National Competitive Bidding",,,2025-09-26,IDB-C-PE-L1269-P00271-C01,https://www.iadb.org/en/project/PE-L1269,oui,,,,2026-07-22
2026-07-22,CONSORCIO DATASTAR PERU S.A.C - DATASTAR ARGENTINA S.A,PUBLIC EXPENDITURE MANAGEMENT,PER,USD 1 556 954,CONTRALORIA GENERAL DE LA REPUBLICA,"Project to Enhance Control Services for Effective, Preventive, and Enabling Control for Public Management · Goods · International Competitive Bidding",,,2025-12-01,IDB-C-PE-L1240-P00103-C01,https://www.iadb.org/en/project/PE-L1240,oui,,,,2026-07-22
2026-07-22,CONSORCIO J.M.A.,SANITATION RURAL AND PERI-URBAN,PER,USD 1 551 058,MINISTERIO DE VIVIENDA CONSTRUCCION Y SANEAMIENTO,"Comprehensive Rural Water and Sanitation Program, second phase - PIASAR II · Works · National Competitive Bidding",,,2025-09-26,IDB-C-PE-L1269-P00273-C01,https://www.iadb.org/en/project/PE-L1269,oui,,,,2026-07-22
2026-07-22,SERVICIOS VELOZ DEL SUD,NEW POWER DISTRIBUTION & TRANSMISSION PROJECTS,BOL,USD 1 548 474,EMPRESA NACIONAL DE ELECTRICIDAD,Electricity Infrastructure Expansion Program · Works · National Competitive Bidding,,,2025-11-11,IDB-C-BO-L1190-P00024-C01,https://www.iadb.org/en/project/BO-L1190,oui,,,,2026-07-22
2026-07-22,SONDA S.A.,CITIZEN SAFETY,CHL,USD 1 527 211,MINISTERIO DE SEGURIDAD PUBLICA,Program to Strengthen the Strategic Management of Public Security in Chile · Consulting Firms · Quality-and-Cost Based Selection (QCBS),,,2025-12-10,IDB-C-CH-L1142-P00054-C01,https://www.iadb.org/en/project/CH-L1142,oui,,,,2026-07-22
2026-07-22,Althea S.P.A,POVERTY ALLEVIATION,BOL,USD 1 510 679,MINISTERIO DE SALUD,Support for Vulnerable Populations Affected by Coronavirus II · Goods · International Competitive Bidding,,,2025-08-27,IDB-C-BO-L1219-P00142-C01,https://www.iadb.org/en/project/BO-L1219,oui,,,,2026-07-22
2026-07-22,Consorcio Diseño Integral ANAPO,MODERNIZATION & ADMINIST OFJUSTICE,HND,USD 1 463 728,SECRETARIA DE ESTADO EN EL DESPACHO DE SEGURIDAD,Program for Comprehensive Modernization and Professionalization for the National Police Services in Honduras · Consulting Firms · Quality-and-Cost Based Selection (QCBS),,,2025-12-11,IDB-C-HO-L1227-P00001-C01,https://www.iadb.org/en/project/HO-L1227,oui,,,,2026-07-22
2026-07-22,BLUENET SRL,POVERTY ALLEVIATION,BOL,USD 1 431 872,MINISTERIO DE SALUD,Support for Vulnerable Populations Affected by Coronavirus II · Goods · International Competitive Bidding,,,2025-09-25,IDB-C-BO-L1219-P00041-C02,https://www.iadb.org/en/project/BO-L1219,oui,,,,2026-07-22
2026-07-22,DATAINFO SOLUÇÕES EM TECNOLOGIA DA INFORMAÇÃO LTDA,FISCAL POLICY FOR SUSTAINABILITY AND GROWTH,BRA,USD 1 400 578,ESTADO DE MATO GROSSO SECRETARIA DE ESTADO DA FAZENDA DO EST,Fiscal Management Modernization Project for the State of Mato Grosso - PROFISCO II - MT · Consulting Firms · Quality-and-Cost Based Selection (QCBS),,,2025-08-28,IDB-C-BR-L1539-P00060-C01,https://www.iadb.org/en/project/BR-L1539,oui,,,,2026-07-22
2026-07-22,OTECEL S.A.,REVENUE ADMINISTRATION,ECU,USD 1 396 847,SERVICIO DE RENTAS INTERNAS,Program to Improve Tax and Customs Administration · Goods · International Competitive Bidding,,,2025-09-09,IDB-C-EC-L1253-P00016-C01,https://www.iadb.org/en/project/EC-L1253,oui,,,,2026-07-22
2026-07-22,SEDEMI Servicios de Mecánica Industrial Diseño Construcción y Montaje S.C.C,NEW POWER DISTRIBUTION & TRANSMISSION PROJECTS,ECU,USD 1 374 595,MINISTERIO DE ENERGIA Y MINAS MEM,Support for the Advancement of the Energy Matrix Transition in Ecuador · Works · National Competitive Bidding,,,2025-09-15,IDB-C-EC-L1223-P00055-C01,https://www.iadb.org/en/project/EC-L1223,oui,,,,2026-07-22
2026-07-22,ZOOM TECNOLOGIA LTDA,FISCAL POLICY FOR SUSTAINABILITY AND GROWTH,BRA,USD 1 339 625,SECRETARIA DE FAZENDA DE BAHIA,Fiscal Management Modernization Project for the State of Bahia – PROFISCO II – BA · Goods · SN - Pregao,,,2025-10-07,IDB-C-BR-L1533-P00084-C01,https://www.iadb.org/en/project/BR-L1533,oui,,,,2026-07-22
2026-07-22,ASOCIACION ACCIDENTAL GOA - PORT,WATER SUPPLY RURAL AND PERI-URBAN,BOL,USD 1 315 859,MINISTERIO DE DESARROLLO PRODUCTIVO RURAL Y AGUA,Water and Sanitation Program for small and medium-sized Cities · Works · National Competitive Bidding,,,2025-12-12,IDB-C-BO-L1184-P00314-C01,https://www.iadb.org/en/project/BO-L1184,oui,,,,2026-07-22
2026-07-22,ASOCIACION ACCIDENTAL OCCIDENTAL,WATER SUPPLY RURAL AND PERI-URBAN,BOL,USD 1 301 551,MINISTERIO DE DESARROLLO PRODUCTIVO RURAL Y AGUA,Water and Sanitation Program for small and medium-sized Cities · Works · National Competitive Bidding,,,2025-12-12,IDB-C-BO-L1184-P00327-C01,https://www.iadb.org/en/project/BO-L1184,oui,,,,2026-07-22
2026-07-22,Consórcio EloGroup Desenv. Consultoria e The Cloud People Ltda,FISCAL POLICY FOR SUSTAINABILITY AND GROWTH,BRA,USD 1 239 387,ESTADO DE MATO GROSSO SECRETARIA DE ESTADO DA FAZENDA DO EST,Fiscal Management Modernization Project for the State of Mato Grosso - PROFISCO II - MT · Consulting Firms · Quality-and-Cost Based Selection (QCBS),,,2025-12-09,IDB-C-BR-L1539-P00059-C01,https://www.iadb.org/en/project/BR-L1539,oui,,,,2026-07-22
2026-07-22,CONSORCIO KD (KD INGENIERIA Y CONSTRUCCION SAC Y CONTRUCTORA VIVA SAC,SANITATION RURAL AND PERI-URBAN,PER,USD 1 207 245,MINISTERIO DE VIVIENDA CONSTRUCCION Y SANEAMIENTO,"Comprehensive Rural Water and Sanitation Program, second phase - PIASAR II · Works · National Competitive Bidding",,,2025-08-28,IDB-C-PE-L1269-P00270-C01,https://www.iadb.org/en/project/PE-L1269,oui,,,,2026-07-22
2026-07-22,BBM Construções LTDA,HEALTH SYSTEM STRENGTHENING,BRA,USD 1 198 759,SECRETARIA MUNICIPAL DE SAÚDE,Modernization and Quality Improvement of Health Services Networks in Belo Horizonte - BetterHealth-BH · Works · National Competitive Bidding,,,2025-10-20,IDB-C-BR-L1519-P246447-C01,https://www.iadb.org/en/project/BR-L1519,oui,,,,2026-07-22
2026-07-22,TECH LEAD SERVICOS E COMERCIO DE INFORMATICA LTDA,DECENTRALIZATION & INTERGOVERNMENTAL RELATIONS,BRA,USD 1 197 015,SECRETARIA DE ESTADO DA FAZENDA DEL ESTADO DE AMAPA,Fiscal Management Modernization Project for the State of Amapá – PROFISCO II – AP · Goods · National Competitive Bidding,,,2025-12-03,IDB-C-BR-L1525-P00056-C01,https://www.iadb.org/en/project/BR-L1525,oui,,,,2026-07-22
2026-07-22,ECCOFASE EMPRESA CONSTRUCTORA Y CONSULTORA FAVIAN SEBASTIAN,AGRICULTURAL TECHNOLOGY ADOPTION,BOL,USD 1 196 784,MINISTERIO DE DESARROLLO PRODUCTIVO RURAL Y AGUA,National Pressurized Irrigation Program with Watershed Approach I · Works · National Competitive Bidding,,,2025-11-07,IDB-C-BO-L1226-P00008-C01,https://www.iadb.org/en/project/BO-L1226,oui,,,,2026-07-22
2026-07-22,Oracle do Brasil Sistemas LTDA,FISCAL POLICY FOR SUSTAINABILITY AND GROWTH,BRA,USD 1 194 040,SECRETARIA DE ESTADO DA FAZENDA DE ALAGOAS,Fiscal Management Modernization Project for the State of Alagoas - PROFISCO II AL · Goods · Procurement 100% funded by Agency,,,2025-08-25,IDB-C-BR-L1540-P00034-C02,https://www.iadb.org/en/project/BR-L1540,oui,,,,2026-07-22
2026-07-22,"ARVVO TECNOLOGIA, CONSULTORIA E SERVIÇOS LTDA",HEALTH SYSTEM STRENGTHENING,BRA,USD 1 170 297,GOVERNO DO ESTADO DA PARAIBA,Program to Strengthen the Care Model in the Paraiba Health Network · Goods · SN - Pregao,,,2025-12-19,IDB-C-BR-L1518-P00073-C01,https://www.iadb.org/en/project/BR-L1518,oui,,,,2026-07-22
2026-07-22,TORINO INFORMÁTICA LTDA,E-GOVERNMENT,BRA,USD 1 162 596,TRIBUNAL DE JUSTICA DO ESTADO DE PERNAMBUCO,Project for Digital Transformation of the Judicial Branch of the State of Pernambuco · Goods · SN - Pregao,,,2025-12-09,IDB-C-BR-L1618-P00005-C01,https://www.iadb.org/en/project/BR-L1618,oui,,,,2026-07-22
2026-07-22,VS DATA COMÉRCIO E DISTRIBUIÇÃO LTDA,FISCAL POLICY FOR SUSTAINABILITY AND GROWTH,BRA,USD 1 158 705,SECRETARIA DE ESTADO DE FAZENDA DE SANTA CATARINA,Fiscal Management Modernization Project for the State of Santa Catarina – PROFISCO II SC · Goods · SN - Pregao,,,2025-09-30,IDB-C-BR-L1513-P00043-C01,https://www.iadb.org/en/project/BR-L1513,oui,,,,2026-07-22
2026-07-22,CLM SOFTWARE COMERCIO IMPORTAÇÃO E EXPORTAÇÃO LTDA,E-GOVERNMENT,BRA,USD 1 133 028,SECRETARIA DO PLANEJAMENTO E GESTAO DO ESTADO DO CEARA,Program for Digital Transformation of the Government of the State of Ceará (Ceará Mais Digital Program) · Goods · SN - Pregao,,,2025-10-29,IDB-C-BR-L1564-P00091-C01,https://www.iadb.org/en/project/BR-L1564,oui,,,,2026-07-22
2026-07-22,IZAMAK S.A. DE C.V.,PRIMARY HEALTH CARE,GTM,USD 1 121 569,MINISTERIO DE SALUD PUBLICA Y ASISTENCIA SOCIAL,Program to Strengthen the Institutional Healthcare Service Network (PRORISS) · Works · International Competitive Bidding,,,2025-10-07,IDB-C-GUA1968,https://www.iadb.org/en/project/GU-L1163,oui,,,,2026-07-22
2026-07-22,IZAMAK S.A. DE C.V.,PRIMARY HEALTH CARE,GTM,USD 1 110 689,MINISTERIO DE SALUD PUBLICA Y ASISTENCIA SOCIAL,Program to Strengthen the Institutional Healthcare Service Network (PRORISS) · Works · International Competitive Bidding,,,2025-10-07,IDB-C-GUA1967,https://www.iadb.org/en/project/GU-L1163,oui,,,,2026-07-22
2026-07-22,IZAMAK S.A. DE C.V.,PRIMARY HEALTH CARE,GTM,USD 1 090 124,MINISTERIO DE SALUD PUBLICA Y ASISTENCIA SOCIAL,Program to Strengthen the Institutional Healthcare Service Network (PRORISS) · Works · International Competitive Bidding,,,2025-10-07,IDB-C-GUA1966,https://www.iadb.org/en/project/GU-L1163,oui,,,,2026-07-22
2026-07-22,IZAMAK S.A. DE C.V.,PRIMARY HEALTH CARE,GTM,USD 1 085 972,MINISTERIO DE SALUD PUBLICA Y ASISTENCIA SOCIAL,Program to Strengthen the Institutional Healthcare Service Network (PRORISS) · Works · International Competitive Bidding,,,2025-10-07,IDB-C-GUA1965,https://www.iadb.org/en/project/GU-L1163,oui,,,,2026-07-22
2026-07-22,SYSTECH SISTEMAS E TECNOLOGIAS EM INFORMÁTICA LTDA,FISCAL POLICY FOR SUSTAINABILITY AND GROWTH,BRA,USD 1 084 710,SECRETARIA DE ESTADO DE FAZENDA DE SANTA CATARINA,Fiscal Management Modernization Project for the State of Santa Catarina – PROFISCO II SC · Goods · SN - Pregao,,,2025-10-09,IDB-C-BR-L1513-P00039-C02,https://www.iadb.org/en/project/BR-L1513,oui,,,,2026-07-22
2026-07-22,IZAMAK S.A. DE C.V.,PRIMARY HEALTH CARE,GTM,USD 1 083 240,MINISTERIO DE SALUD PUBLICA Y ASISTENCIA SOCIAL,Program to Strengthen the Institutional Healthcare Service Network (PRORISS) · Works · International Competitive Bidding,,,2025-12-16,IDB-C-GUA1969,https://www.iadb.org/en/project/GU-L1163,oui,,,,2026-07-22
2026-07-22,INTERNATIONAL SOS Europe Government Services S.R.L,POVERTY ALLEVIATION,BOL,USD 1 080 234,MINISTERIO DE SALUD,Support for Vulnerable Populations Affected by Coronavirus II · Goods · International Competitive Bidding,,,2025-09-09,IDB-C-BO-L1219-P00142-C02,https://www.iadb.org/en/project/BO-L1219,oui,,,,2026-07-22
2026-07-22,IZAMAK S.A. DE C.V.,PRIMARY HEALTH CARE,GTM,USD 1 076 161,MINISTERIO DE SALUD PUBLICA Y ASISTENCIA SOCIAL,Program to Strengthen the Institutional Healthcare Service Network (PRORISS) · Works · International Competitive Bidding,,,2025-12-16,IDB-C-GUA1972,https://www.iadb.org/en/project/GU-L1163,oui,,,,2026-07-22
2026-07-22,IZAMAK S.A. DE C.V.,PRIMARY HEALTH CARE,GTM,USD 1 072 656,MINISTERIO DE SALUD PUBLICA Y ASISTENCIA SOCIAL,Program to Strengthen the Institutional Healthcare Service Network (PRORISS) · Works · International Competitive Bidding,,,2025-12-16,IDB-C-GUA1970,https://www.iadb.org/en/project/GU-L1163,oui,,,,2026-07-22
2026-07-22,IZAMAK S.A. DE C.V.,PRIMARY HEALTH CARE,GTM,USD 1 069 855,MINISTERIO DE SALUD PUBLICA Y ASISTENCIA SOCIAL,Program to Strengthen the Institutional Healthcare Service Network (PRORISS) · Works · International Competitive Bidding,,,2025-12-16,IDB-C-GUA1971,https://www.iadb.org/en/project/GU-L1163,oui,,,,2026-07-22
2026-07-22,LA ESMERALDA LESDASA S.A.,WATER SUPPLY RURAL AND PERI-URBAN,ECU,USD 1 050 946,GOBIERNO AUTONOMO DESCENTRALIZADO MUNICIPAL DEL CANTON PORTOVIEJO GADMCP,Water and Sanitation Program for Portoviejo Canton · Works · National Competitive Bidding,,,2025-08-06,IDB-C-EC-L1248-P00123-C01,https://www.iadb.org/en/project/EC-L1248,oui,,,,2026-07-22
2026-07-22,"JIANGSU SHUANGHUI POWER DEVELOPMENT CO.,LTD.",NEW POWER DISTRIBUTION & TRANSMISSION PROJECTS,BOL,USD 1 048 109,EMPRESA NACIONAL DE ELECTRICIDAD,Electricity Infrastructure Expansion Program · Goods · International Competitive Bidding,,,2025-10-10,IDB-C-BO-L1190-P00071-C01,https://www.iadb.org/en/project/BO-L1190,oui,,,,2026-07-22
2026-07-22,Getech Consulting SRL,REFORM AND PUBLIC SECTOR SUPPORT,BOL,USD 1 043 763,INSTITUTO NACIONAL DE ESTADISTICA,Program to Strengthen the Statistics System in the Plurinational State of Bolivia · Goods · International Competitive Bidding,,,2025-10-20,IDB-C-BO-L1220-P00488-C01,https://www.iadb.org/en/project/BO-L1220,oui,,,,2026-07-22
2026-07-22,EFRAÍN CONSTRUCCIONES EFRACO - ALVARADO FERNANDEZ EFRAIN JESUS,WATER SUPPLY RURAL AND PERI-URBAN,BOL,USD 1 042 112,MINISTERIO DE DESARROLLO PRODUCTIVO RURAL Y AGUA,Water and Sanitation Program for small and medium-sized Cities · Works · National Competitive Bidding,,,2025-10-15,IDB-C-BO-L1184-P00218-C03,https://www.iadb.org/en/project/BO-L1184,oui,,,,2026-07-22
2026-07-22,CLIMACER SA,POVERTY ALLEVIATION,BOL,USD 1 041 000,MINISTERIO DE SALUD,Support for Vulnerable Populations Affected by Coronavirus II · Goods · International Competitive Bidding,,,2025-08-04,IDB-C-BO-L1219-P00012-C03,https://www.iadb.org/en/project/BO-L1219,oui,,,,2026-07-22
2026-07-22,EMPRESA UNIPERSONAL PASCUAL  VELASQUEZ OSORIO,WATER SUPPLY RURAL AND PERI-URBAN,BOL,USD 1 032 723,MINISTERIO DE DESARROLLO PRODUCTIVO RURAL Y AGUA,Water and Sanitation Program for small and medium-sized Cities · Works · National Competitive Bidding,,,2025-09-25,IDB-C-BO-L1184-P00287-C02,https://www.iadb.org/en/project/BO-L1184,oui,,,,2026-07-22
2026-07-22,WEXLER S.A.S.,MODERNIZATION & ADMINIST OFJUSTICE,COL,USD 1 012 698,CONTRALORIA GENERAL DE LA REPUBLICA,Program for the Digital Transformation of the Office of the Comptroller General of the Republic · Goods · Shopping/Request for minimum 3 Quotations,,,2025-11-25,IDB-C-CO-L1266-P00130-C01,https://www.iadb.org/en/project/CO-L1266,oui,,,,2026-07-22
2026-07-22,IT BUSINESS & SUPPORT S.A.C.,FOREST RESOURCES MANAGEMENT,PER,USD 1 003 912,PROGRAMA NACIONAL DE CONSERVACION DE BOSQUES PARA LA MITIGACION DEL CAMBIO CLIMA,Forest Investment Projects in Peru · Goods · International Competitive Bidding,,,2025-11-06,IDB-C-PE-L1232-P00051-C01,https://www.iadb.org/en/project/PE-L1232,oui,,,,2026-07-22
2026-07-22,EMPRESA CONSTRUCTORA TORREZ S.R.L.,SANITATION RURAL AND PERI-URBAN,BOL,USD 996 356,MINISTERIO DE DESARROLLO PRODUCTIVO RURAL Y AGUA,LAKE TITICACA CLEANUP PROGRAM · Works · National Competitive Bidding,,,2025-07-31,IDB-C-BO-L1118-P00211-C01,https://www.iadb.org/en/project/BO-L1118,oui,,,,2026-07-22
2026-07-22,GRAFITEXT CIA. LTDA.,EARLY CHILDHOOD DEVELOPMENT,ECU,USD 982 780,MINISTERIO DE SALUD PUBLICA,Modification to the Institutional Strengthening for Competitiveness Program to finance the Program to Support the Reduction of Child Malnutrition in Ecuador. · Goods · International Competitive Bidding,,,2025-12-29,IDB-C-EC-L1250-P00009-C01,https://www.iadb.org/en/project/EC-L1250,oui,,,,2026-07-22
2026-07-22,ZOOMTECH LTDA,FISCAL POLICY FOR SUSTAINABILITY AND GROWTH,BRA,USD 946 052,SECRETARIA DE ESTADO DA RECEITA DA PARAIBA,Fiscal Management Modernization Project for the State of Paraíba - PROFISCO II PB · Goods · SN - Pregao,,,2025-12-22,IDB-C-BR-L1535-P00097-C01,https://www.iadb.org/en/project/BR-L1535,oui,,,,2026-07-22
2026-07-22,WILSON IZA GUALOTO,NEW POWER DISTRIBUTION & TRANSMISSION PROJECTS,ECU,USD 944 436,MINISTERIO DE ENERGIA Y MINAS MEM,Support for the Advancement of the Energy Matrix Transition in Ecuador · Works · National Competitive Bidding,,,2025-12-02,IDB-C-EC-L1223-P00076-C01,https://www.iadb.org/en/project/EC-L1223,oui,,,,2026-07-22
2026-07-22,INGENIERIA Y CONSTRUCCIONES FRANORTEC LTDA,AGRICULTURAL TECHNOLOGY ADOPTION,BOL,USD 943 400,MINISTERIO DE DESARROLLO PRODUCTIVO RURAL Y AGUA,National Pressurized Irrigation Program with Watershed Approach I · Works · National Competitive Bidding,,,2025-10-20,IDB-C-BO-L1226-P00325-C01,https://www.iadb.org/en/project/BO-L1226,oui,,,,2026-07-22
2026-07-22,CLIMACER SA,POVERTY ALLEVIATION,BOL,USD 930 914,MINISTERIO DE SALUD,Support for Vulnerable Populations Affected by Coronavirus II · Goods · International Competitive Bidding,,,2025-08-04,IDB-C-BO-L1219-P00012-C02,https://www.iadb.org/en/project/BO-L1219,oui,,,,2026-07-22
2026-07-22,SERVIX Informática Ltda,DECENTRALIZATION & INTERGOVERNMENTAL RELATIONS,BRA,USD 896 987,SECRETARIA DE ESTADO DE ECONOMIA DO DISTRITO FEDERAL,Financial Development Program of the Federal District (PRODEFAZ/PROFISCO II) · Goods · SN - Pregao,,,2025-07-31,IDB-C-BR-L1592-P00076-C02,https://www.iadb.org/en/project/BR-L1592,oui,,,,2026-07-22
2026-07-22,UNION TEMPORAL DATOS INTEGRALES CGR-2025,MODERNIZATION & ADMINIST OFJUSTICE,COL,USD 896 049,CONTRALORIA GENERAL DE LA REPUBLICA,Program for the Digital Transformation of the Office of the Comptroller General of the Republic · Consulting Firms · Quality-and-Cost Based Selection (QCBS),,,2025-09-30,IDB-C-CO-L1266-P00156-C01,https://www.iadb.org/en/project/CO-L1266,oui,,,,2026-07-22
2026-07-22,José Eduardo Cáceres Montalvo,CITIZEN SAFETY,ECU,USD 889 237,CORTE CONSTITUCIONAL DE ECUADOR,Modification to the Program for Equity in Access to Justice and Rehabilitation to finance Building Management Capacity in Ecuador’s Constitutional Court to Enforce Constitutional Rights · Works · National Competitive Bidding,,,2025-10-07,IDB-C-EC-L1264-P00068-C01,https://www.iadb.org/en/project/EC-L1264,oui,,,,2026-07-22
2026-07-22,MICROTECNICA INFORMATICA LTDA,DECENTRALIZATION & INTERGOVERNMENTAL RELATIONS,BRA,USD 861 556,SECRETARIA DE ESTADO DE ECONOMIA DO DISTRITO FEDERAL,Financial Development Program of the Federal District (PRODEFAZ/PROFISCO II) · Goods · SN - Pregao,,,2025-08-21,IDB-C-BR-L1592-P00077-C06,https://www.iadb.org/en/project/BR-L1592,oui,,,,2026-07-22
2026-07-22,ORIENTE MARVI SRL,POVERTY ALLEVIATION,BOL,USD 843 816,MINISTERIO DE SALUD,Support for Vulnerable Populations Affected by Coronavirus II · Goods · International Competitive Bidding,,,2025-07-22,IDB-C-BO-L1219-P00012-C07,https://www.iadb.org/en/project/BO-L1219,oui,,,,2026-07-22
2026-07-22,ART PROJETOS CONSTRUÇÕES E SERVIÇOS LTDA,HEALTH,BRA,USD 826 621,SECRETARIA DA SAUDE DO ESTADO DA BAHIA,SUS Strengthening Program in the State of Bahia - PROSUS II · Works · National Competitive Bidding,,,2025-10-16,IDB-C-BR-L1602-P00017-C01,https://www.iadb.org/en/project/BR-L1602,oui,,,,2026-07-22
2026-07-22,PERFIL COMPUTACIONAL,FISCAL POLICY FOR SUSTAINABILITY AND GROWTH,BRA,USD 826 339,SECRETARIA DE ESTADO DE FAZENDA DE SANTA CATARINA,Fiscal Management Modernization Project for the State of Santa Catarina – PROFISCO II SC · Goods · SN - Pregao,,,2025-09-16,IDB-C-BR-L1513-P00039-C01,https://www.iadb.org/en/project/BR-L1513,oui,,,,2026-07-22
2026-07-22,AGT,POVERTY ALLEVIATION,BOL,USD 815 080,MINISTERIO DE SALUD,Support for Vulnerable Populations Affected by Coronavirus II · Goods · International Competitive Bidding,,,2025-09-05,IDB-C-BO-L1219-P00030-C01,https://www.iadb.org/en/project/BO-L1219,oui,,,,2026-07-22
2026-07-22,QIM INTERNACIONAL S.R.L.,POVERTY ALLEVIATION,BOL,USD 812 836,MINISTERIO DE SALUD,Support for Vulnerable Populations Affected by Coronavirus II · Goods · International Competitive Bidding,,,2025-12-15,IDB-C-BO-L1219-P00036-C06,https://www.iadb.org/en/project/BO-L1219,oui,,,,2026-07-22
2026-07-22,MEGASETEC MEGA SERVICIOS Y TECNOLOGIA CIA. LTDA.,NEW OIL AND GAS AND EXTRACTIVE INDUSTRIES,ECU,USD 812 457,INSTITUTO DE INVESTIGACION GEOLOGICO Y ENERGETICO,Sustainable Management of Underground Resources and Associated Infrastructure · Goods · International Competitive Bidding,,,2025-08-28,IDB-C-EC-L1257-P00002-C01,https://www.iadb.org/en/project/EC-L1257,oui,,,,2026-07-22
2026-07-22,Althea S.P.A,POVERTY ALLEVIATION,BOL,USD 810 476,MINISTERIO DE SALUD,Support for Vulnerable Populations Affected by Coronavirus II · Goods · International Competitive Bidding,,,2025-12-11,IDB-C-BO-L1219-P00084-C02,https://www.iadb.org/en/project/BO-L1219,oui,,,,2026-07-22
2026-07-22,QIM INTERNACIONAL S.R.L.,POVERTY ALLEVIATION,BOL,USD 800 960,MINISTERIO DE SALUD,Support for Vulnerable Populations Affected by Coronavirus II · Goods · International Competitive Bidding,,,2025-12-18,IDB-C-BO-L1219-P00084-C04,https://www.iadb.org/en/project/BO-L1219,oui,,,,2026-07-22
2026-07-22,INGENIEROS CRUZ MELCHOR S,INTEGRATED DISASTER RISK MANAGEMENT,BOL,USD 787 172,FND NAC.DE INVER. PRODUCTIVA Y SOCIAL,Bolivia resilient to climate risks. · Works · Shopping/Request for minimun 3 Quotations,,,2025-09-10,IDB-C-BOB1127,https://www.iadb.org/en/project/BO-L1188,oui,,,,2026-07-22
2026-07-22,"Wecom Comércio, Distribuição e Serviços de Tecnologia da Informação SA",CITIZEN SAFETY,BRA,USD 755 707,TRIBUNAL DE JUSTICA DO ESPIRITO SANTO,Program for the Modernization of the Judiciary of Espírito Santo - PROMOJUES · Goods · SN - Pregao,,,2025-10-15,IDB-C-BR-L1620-P00026-C01,https://www.iadb.org/en/project/BR-L1620,oui,,,,2026-07-22
2026-07-22,DATEN TECNOLOGIA LTDA,CITIZEN SAFETY,BRA,USD 745 502,TRIBUNAL DE JUSTICA DO ESPIRITO SANTO,Program for the Modernization of the Judiciary of Espírito Santo - PROMOJUES · Goods · SN - Pregao,,,2025-08-27,IDB-C-BR-L1620-P00001-C01,https://www.iadb.org/en/project/BR-L1620,oui,,,,2026-07-22
2026-07-22,Universidad de los Andes,LABOR POLICY,COL,USD 728 690,MINISTERIO DEL TRABAJO,Program to Strengthen Employment Policies · Consulting Firms · Single-Source Selection of Firms (SSS),,,2025-10-24,IDB-C-CO-L1250-P00236-C01,https://www.iadb.org/en/project/CO-L1250,oui,,,,2026-07-22
2026-07-22,REDCOMPUTO,SUBNATIONAL AND LOCAL GOVERNMENTS,COL,USD 709 091,SUPERINTENDENCIA DE NOTARIADO Y REGISTRO,Program for the Adoption and Implementation of a Rural-Urban Multipurpose Cadastre · Goods · Shopping/Request for Quotations by Open Invitation,,,2025-08-19,IDB-C-CO-L1164-P240934-C01,https://www.iadb.org/en/project/CO-L1164,oui,,,,2026-07-22
2026-07-22,SANTOS SOLUÇÕES EMPRESARIAIS LTDA,CITIZEN SAFETY,BRA,USD 682 943,CASA CIVIL DO GOVERNO DO ESTADO DO CEARA,Integrated Violence Prevention and Reduction Program (PREVIO) of the State of Ceará · Goods · SN - Pregao,,,2025-09-24,IDB-C-BR-L1546-P00225-C01,https://www.iadb.org/en/project/BR-L1546,oui,,,,2026-07-22
2026-07-22,Asociación Accidental La Joya,AIRPORT INFRASTRUCTURE,BOL,USD 665 870,"MINISTERIO DE OBRAS PÚBLICAS, SERVICIOS Y VIVIENDA",Air Infrastructure Program – Stage II · Consulting Firms · Quality-and-Cost Based Selection (QCBS),,,2025-08-15,IDB-C-BO-L1209-P00036-C01,https://www.iadb.org/en/project/BO-L1209,oui,,,,2026-07-22
2026-07-22,ASOCIACION ACCIDENTAL CONCOR,WATER SUPPLY RURAL AND PERI-URBAN,BOL,USD 637 060,MINISTERIO DE DESARROLLO PRODUCTIVO RURAL Y AGUA,Water and Sanitation Program for small and medium-sized Cities · Works · National Competitive Bidding,,,2025-10-09,IDB-C-BO-L1184-P00286-C02,https://www.iadb.org/en/project/BO-L1184,oui,,,,2026-07-22
2026-07-22,L&D SRL,SANITATION RURAL AND PERI-URBAN,BOL,USD 621 819,MINISTERIO DE DESARROLLO PRODUCTIVO RURAL Y AGUA,LAKE TITICACA CLEANUP PROGRAM · Goods · Direct Contracting,,,2025-12-12,IDB-C-BO-L1118-P00227-C02,https://www.iadb.org/en/project/BO-L1118,oui,,,,2026-07-22
2026-07-22,L&D SRL,SANITATION RURAL AND PERI-URBAN,BOL,USD 621 819,MINISTERIO DE DESARROLLO PRODUCTIVO RURAL Y AGUA,LAKE TITICACA CLEANUP PROGRAM · Goods · Direct Contracting,,,2025-12-12,IDB-C-BO-L1118-P00227-C01,https://www.iadb.org/en/project/BO-L1118,oui,,,,2026-07-22
2026-07-22,CONSORCIO CSJ CULTURA DIGITAL,MODERNIZATION & ADMINIST OFJUSTICE,COL,USD 620 842,CONSEJO SUPERIOR DE LA JUDICATURA,Program for the Digital Transformation of Justice in Colombia · Consulting Firms · Quality-and-Cost Based Selection (QCBS),,,2025-10-10,IDB-C-CO-L1256-P00297-C01,https://www.iadb.org/en/project/CO-L1256,oui,,,,2026-07-22
2026-07-22,COLECOM CIA. LTDA.,ENERGY SECTOR REHABILITATION AND EFFICIENCY,ECU,USD 613 987,MINISTERIO DE ENERGIA Y MINAS MEM,Modernization and Renewal Program for Ecuador’s Power System · Works · National Competitive Bidding,,,2025-09-26,IDB-C-EC-L1231-P00028-C01,https://www.iadb.org/en/project/EC-L1231,oui,,,,2026-07-22
2026-07-22,"SHANDONG RUITAI GLASS INSULATOR CO.,LTD",NEW POWER DISTRIBUTION & TRANSMISSION PROJECTS,BOL,USD 609 435,EMPRESA NACIONAL DE ELECTRICIDAD,Electricity Infrastructure Expansion Program · Goods · International Competitive Bidding,,,2025-10-10,IDB-C-BO-L1190-P00071-C02,https://www.iadb.org/en/project/BO-L1190,oui,,,,2026-07-22
2026-07-22,SINTEC S.A.,WATER SUPPLY URBAN,HND,USD 593 926,SECRETARIA DESARROLLO COMUNITARIO AGUA Y SANAMIENTO,Potable Water and Sanitation Program in Honduras · Works · Shopping/Request for Quotations by Open Invitation,,,2025-11-07,IDB-C-HO-L1213-P00044-C02,https://www.iadb.org/en/project/HO-L1213,oui,,,,2026-07-22
2026-07-22,CLEAR TECNOLOGIA DA INFORMAÇÃO S.A,E-GOVERNMENT,BRA,USD 586 282,SECRETARIA DO PLANEJAMENTO E GESTAO DO ESTADO DO CEARA,Program for Digital Transformation of the Government of the State of Ceará (Ceará Mais Digital Program) · Goods · SN - Pregao,,,2025-11-04,IDB-C-BR-L1564-P00094-C01,https://www.iadb.org/en/project/BR-L1564,oui,,,,2026-07-22
2026-07-22,DFTI - Comércio e Serviços de Informática LTDA,FISCAL POLICY FOR SUSTAINABILITY AND GROWTH,BRA,USD 579 661,SECRETARIA DE ESTADO DE FAZENDA DE SANTA CATARINA,Fiscal Management Modernization Project for the State of Santa Catarina – PROFISCO II SC · Goods · SN - Pregao,,,2025-09-15,IDB-C-BR-L1513-P00033-C02,https://www.iadb.org/en/project/BR-L1513,oui,,,,2026-07-22
2026-07-22,VMI SISTEMAS DE SEGURANÇA LTDA,CITIZEN SAFETY,BRA,USD 569 540,CASA CIVIL DO GOVERNO DO ESTADO DO CEARA,Integrated Violence Prevention and Reduction Program (PREVIO) of the State of Ceará · Goods · SN - Pregao,,,2025-07-25,IDB-C-BR-L1546-P00097-C01,https://www.iadb.org/en/project/BR-L1546,oui,,,,2026-07-22
2026-07-22,"FUNDAÇÃO INSTITUTO DE PESQUISAS CONTÁBEIS, ATUARIAIS E FINANCEIRAS - FIPECAFI",FISCAL POLICY FOR SUSTAINABILITY AND GROWTH,BRA,USD 556 962,ESTADO DE MATO GROSSO SECRETARIA DE ESTADO DA FAZENDA DO EST,Fiscal Management Modernization Project for the State of Mato Grosso - PROFISCO II - MT · Consulting Firms · Single-Source Selection of Firms (SSS) - approved before loan signature,,,2025-10-21,IDB-C-BR-L1539-P00078-C01,https://www.iadb.org/en/project/BR-L1539,oui,,,,2026-07-22
2026-07-22,GRUPO D2D SOLUTIONS SAC,CITIZEN SAFETY,PER,USD 550 333,MINISTERIO DEL INTERIOR,Improvement of Crime Prevention Services in the Population Most Vulnerable to Crime and Violence in Peru · Goods · International Competitive Bidding,,,2025-12-30,IDB-C-PE-L1224-P00009-C01,https://www.iadb.org/en/project/PE-L1224,oui,,,,2026-07-22
2026-07-22,SOCIEDAD COMERCIAL E INDUSTRIAL HANSA LTDA,HEALTH SERVICES,BOL,USD 545 539,AGENCIA DE INFRAESTRUCTURA EN SALUD Y EQUIPAMIENTO MEDICO,Program to improve accessibility to maternal and Neonatal health services in Bolivia · Goods · International Competitive Bidding,,,2025-09-01,IDB-C-BO-L1198-P00098-C02,https://www.iadb.org/en/project/BO-L1198,oui,,,,2026-07-22
2026-07-22,INGENIERIA Y SOLUCIONES ESPECIALIZADAS S.A.S.,WATER SUPPLY URBAN,COL,USD 532 276,MINISTERIO DE IGUALDAD Y EQUIDAD,"Water, Basic Sanitation, and Electrification Program for the Colombian Pacific R · Consulting Firms · Single-Source Selection of Firms (SSS)",,,2025-11-21,IDB-C-CO-L1156-P00008-C01,https://www.iadb.org/en/project/CO-L1156,oui,,,,2026-07-22
2026-07-22,APCA XPERTA GESTIÓN EMPRESARIAL SAC y AVANZA SOLUCIONES SAC,REFORM AND PUBLIC SECTOR SUPPORT,PER,USD 528 920,MINISTERIO DE ECONOMIA Y FINANZAS,"Improvement of the Public Supply Service for Goods, Services, and Works · Consulting Firms · Quality-and-Cost Based Selection (QCBS)",,,2025-08-28,IDB-C-PE-L1250-P00140-C01,https://www.iadb.org/en/project/PE-L1250,oui,,,,2026-07-22
2026-07-22,EDITORIAL ECUADOR FAUSTO BUCHELI TORRES CIA LTDA,EARLY CHILDHOOD DEVELOPMENT,ECU,USD 526 024,MINISTERIO DE SALUD PUBLICA,Modification to the Institutional Strengthening for Competitiveness Program to finance the Program to Support the Reduction of Child Malnutrition in Ecuador. · Goods · International Competitive Bidding,,,2025-08-26,IDB-C-EC-L1250-P00029-C01,https://www.iadb.org/en/project/EC-L1250,oui,,,,2026-07-22
2026-07-22,A. JAIME ROJAS REPRESENTACIONES GENERALES S.A.,HEALTH SERVICES,PER,USD 525 482,MINISTERIO DE SALUD,Program to Create Integrated Health Networks · Goods · International Competitive Bidding,,,2025-10-10,IDB-C-PE-L1228-P00037-C03,https://www.iadb.org/en/project/PE-L1228,oui,,,,2026-07-22
2026-07-22,CONSORCIO INTEGRA MACROCONSULT,WATER SUPPLY URBAN,HND,USD 519 980,SECRETARIA DESARROLLO COMUNITARIO AGUA Y SANAMIENTO,Potable Water and Sanitation Program in Honduras · Consulting Firms · Quality-and-Cost Based Selection (QCBS),,,2025-09-12,IDB-C-HO-L1213-P00009-C01,https://www.iadb.org/en/project/HO-L1213,oui,,,,2026-07-22
2026-07-22,TÉCNICOS CONSTRUCTORES S.R.L.,WATER SUPPLY RURAL AND PERI-URBAN,BOL,USD 518 327,MINISTERIO DE DESARROLLO PRODUCTIVO RURAL Y AGUA,Water and Sanitation Program for small and medium-sized Cities · Works · National Competitive Bidding,,,2025-10-03,IDB-C-BO-L1184-P00218-C02,https://www.iadb.org/en/project/BO-L1184,oui,,,,2026-07-22
2026-07-22,AUTOEXPRESS COMPAÑÍA ANONIMA,NEW OIL AND GAS AND EXTRACTIVE INDUSTRIES,ECU,USD 517 500,MINISTERIO DE ENERGIA Y MINAS MEM,Sustainable Management of Underground Resources and Associated Infrastructure · Goods · International Competitive Bidding,,,2025-09-03,IDB-C-EC-L1257-P00007-C01,https://www.iadb.org/en/project/EC-L1257,oui,,,,2026-07-22
2026-07-22,TECNOLOGIA EN IMÁGENES MÉDICAS PERU S.A.,HEALTH SERVICES,PER,USD 514 244,MINISTERIO DE SALUD,Program to Create Integrated Health Networks · Goods · International Competitive Bidding,,,2025-10-24,IDB-C-PE-L1228-P00068-C02,https://www.iadb.org/en/project/PE-L1228,oui,,,,2026-07-22
2026-07-22,Fundação Getúlio Vargas;,FISCAL POLICY FOR SUSTAINABILITY AND GROWTH,BRA,USD 512 514,ESTADO DE MATO GROSSO SECRETARIA DE ESTADO DA FAZENDA DO EST,Fiscal Management Modernization Project for the State of Mato Grosso - PROFISCO II - MT · Consulting Firms · Quality-Based Selection (QBS),,,2025-07-28,IDB-C-BR-L1539-P00064-C01,https://www.iadb.org/en/project/BR-L1539,oui,,,,2026-07-22
2026-07-22,CONSULTORA  SOLUCIONES  DE NEGOCIOS  STRATTONSOFT  S.A.,WATER SUPPLY RURAL AND PERI-URBAN,ECU,USD 506 000,GOBIERNO AUTONOMO DESCENTRALIZADO MUNICIPAL DEL CANTON PORTOVIEJO GADMCP,Water and Sanitation Program for Portoviejo Canton · Goods · International Competitive Bidding,,,2025-07-29,IDB-C-EC-L1248-P00103-C01,https://www.iadb.org/en/project/EC-L1248,oui,,,,2026-07-22
2026-07-22,CONSORCIO EDU-GLOBAL,SCIENCE AND TECHNOLOGY,ECU,USD 503 359,ESCUELA SUPERIOR POLITECNICA DEL LITORAL ESPOL,Strengthening of the Innovation Ecosystem in Coastal Ecuador · Consulting Firms · Quality-and-Cost Based Selection (QCBS),,,2025-11-14,IDB-C-EC-L1261-P00050-C01,https://www.iadb.org/en/project/EC-L1261,oui,,,,2026-07-22
2026-07-24,"LONGJIAN ROAD & BRIDGE CO.LTD. (LRBC) ; ZHONGMEI ENGINEERING GROUP LTD ; CHINA TIESIJU CIVIL ENGINEERING GROUP CO., LTD",Travaux / BTP,MNG,USD 24.961 million,Ulaanbaatar Sustainable Urban Transport Project,Construction of Yarmag new road · titulaire China · duree 19 Month(s),RFB,,2026-06-10,OP00458158,https://projects.worldbank.org/en/projects-operations/procurement-detail/OP00458158,oui,,,,2026-07-24
2026-07-24,Sayed Shirazi Construction and Road Building Company,Marche ONU - fournitures,AFG,,UNOPS,Procurement of HDPE pipe for the UNOPS Afghanistan,ITB/2026/61857,,2026-07-21,UNGMA-158124,https://www.ungm.org/Public/ContractAward/158124,oui,,,,2026-07-24
2026-07-24,GreenStudio&Partners,Marche ONU - travaux,COD,,UNOPS,"Réalisation des études détaillées et du Dossier d'Appel d'Offres pour le projet de reconstruction de l'ITM (Institut Technique Médical) de Mambasa, des écoles primaires d’Irumu centre et d’Amani en Ituri (RDC)",RFP/2026/62026,,2026-07-23,UNGMA-158140,https://www.ungm.org/Public/ContractAward/158140,oui,,,,2026-07-24
2026-07-24,Bechtle AG,Marche ONU - fournitures,COD,,UNOPS,Secondary Bidding - Supply and delivery of Laptops for DRC PTN,RFQ/2026/63429,,2026-07-15,UNGMA-158156,https://www.ungm.org/Public/ContractAward/158156,oui,,,,2026-07-24
2026-07-24,Amex Healthcare GmbH,Marche ONU - fournitures,COD,,UNOPS,Establishment of Long-Term Agreements for the Supply of Modular Containerized Biosafety Laboratories for UN Web Buy Plus,ITB/2025/60330,,2026-07-02,UNGMA-157452,https://www.ungm.org/Public/ContractAward/157452,oui,,,,2026-07-24
2026-07-24,KVG LLC,Marche ONU - fournitures,COD,,UNOPS,Establishment of Long-Term Agreements for the Supply of Modular Containerized Biosafety Laboratories for UN Web Buy Plus,ITB/2025/60330,,2026-07-02,UNGMA-157453,https://www.ungm.org/Public/ContractAward/157453,oui,,,,2026-07-24
2026-07-24,"Peak International Trade (Tianjin) Co., Ltd.",Marche ONU - fournitures,COD,,UNOPS,Establishment of Long-Term Agreements for the Supply of Modular Containerized Biosafety Laboratories for UN Web Buy Plus,ITB/2025/60330,,2026-07-02,UNGMA-157454,https://www.ungm.org/Public/ContractAward/157454,oui,,,,2026-07-24
2026-07-24,SAS IMEBIO,Marche ONU - fournitures,COD,,UNOPS,Establishment of Long-Term Agreements for the Supply of Modular Containerized Biosafety Laboratories for UN Web Buy Plus,ITB/2025/60330,,2026-07-02,UNGMA-157455,https://www.ungm.org/Public/ContractAward/157455,oui,,,,2026-07-24
2026-07-24,"Mazukhin Yuriy Evgeniyovych, FOP",Marche ONU - services,UKR,,UNDP,Technical Consultant on Technical Supervision for Construction (Zaporizhia – Site 1),10571432/UNDP-UKR-01625,,2026-07-23,UNGMA-158152,https://www.ungm.org/Public/ContractAward/158152,oui,,,,2026-07-24
2026-07-24,"Institute of Isotopes Co., Ltd.",Marche ONU - indetermine,ALB,RFP 655592-AY,IAEA,Removal of Disused Sealed Radioactive Sources (DSRS) from Albania (Lot 1),,,2026-07-08,UNGMA-158154,https://www.ungm.org/Public/ContractAward/158154,oui,,,,2026-07-24
2026-07-24,MARIELLA TERESA MUJICA ROGGERO,Marche ONU - indetermine,PER,,ILO,"Diseño, diagramación y producción de piezas de comunicación para la publicación Tendencias del Mercado Laboral en América Latina y el Caribe 2026",,,2026-07-23,UNGMA-158159,https://www.ungm.org/Public/ContractAward/158159,oui,,,,2026-07-24
2026-07-24,JBRSOFT Limited,Marche ONU - services,PNG,,UNOPS,Provision of Services for the Development/customisation and deployment of DHIS2 for the Rapid Health Facility Assessment (RHFA) in Papua New Guinea,RFP/2026/63034,,2026-07-23,UNGMA-158142,https://www.ungm.org/Public/ContractAward/158142,oui,,,,2026-07-24
2026-07-24,Miyamoto International Inc.,Marche ONU - services,PNG,,UNOPS,"RFP Consultant Services Contract for Works - Health Facility Audit in Chimbu, Central and East Sepik Level 2 to 4 Health Facilities in Papua New Guinea",RFP/2026/61992,,2026-07-21,UNGMA-158112,https://www.ungm.org/Public/ContractAward/158112,oui,,,,2026-07-24
2026-07-24,Lochan & Co.,Marche ONU - services,PNG,,UNOPS,"RFP Consultant Services Contract for Works - Health Facility Audit in Chimbu, Central and East Sepik Level 2 to 4 Health Facilities in Papua New Guinea",RFP/2026/61992,,2026-07-21,UNGMA-158113,https://www.ungm.org/Public/ContractAward/158113,oui,,,,2026-07-24
2026-07-24,Lab-Tec LLC,Marche ONU - fournitures,UZB,,UNOPS,"Supply of Laboratory Equipment (Part CXIV Accelerated Solvent Extractor (ASE), single channel ) for SES of the Republic of Uzbekistan.",RFQ/2026/62394,,2026-07-22,UNGMA-158164,https://www.ungm.org/Public/ContractAward/158164,oui,,,,2026-07-24
2026-07-24,"DANDONG JILI TRADING CO.,LTD",Marche ONU - travaux,UZB,,UNOPS,"Request for Quotation for the Supply, Delivery and Installation of Biochemical analyzer, automatic to Health Facilities Across Uzbekistan.",RFQ/2026/61710,,2026-07-21,UNGMA-158163,https://www.ungm.org/Public/ContractAward/158163,oui,,,,2026-07-24
2026-07-25,CHINA HYDROPOWER INTERNATIONAL ENGINEERING CORPORATION LIMITED CHIEC ; GROUPEMENT MAHITSY HYDRO-TOZZIGREEN MADAGASCAR ; SOCIT MALGACHE D'ENTRETIEN ET D'EQUIPEMENT IMMOBILIER (SOMEEIM) ; GROUPEMENT ENTREPRISE MAHAY-MANDAMINA-STR,Travaux / BTP,MDG,USD 2.696 million,Madagascar National Water Project,Travaux d'A.E.P. post cyclones dans les villes de Antsirabe et Mananjary répartis en deux (2) lots - DAO 16 · titulaire China · duree 9 Month(s),RFB,,2026-06-30,OP00458510,https://projects.worldbank.org/en/projects-operations/procurement-detail/OP00458510,oui,China,oui,,2026-07-25
2026-07-25,LA FLEUR SARL,Marche ONU - indetermine,COD,,UNOPS,Mise en place d’un accord de marché ouvert (BPA) pour l'achat de pièces de rechange pour systèmes solaires,RFQ/2026/62675,,2026-07-23,UNGMA-158173,https://www.ungm.org/Public/ContractAward/158173,oui,,,,2026-07-25
2026-07-25,MINISTRY OF COMMERCE AND INDUSTRY,Marche ONU - indetermine,SOM,,UNIDO,IP - Food Safety Systems and Trade Facilitation across Agri-Food Value Chains,3000157761,,2026-07-23,UNGMA-158172,https://www.ungm.org/Public/ContractAward/158172,oui,,,,2026-07-25
2026-07-25,"Nuzhdov Pavlo Anatoliiovych, FOP",Marche ONU - services,UKR,,UNDP,Award - Technical Consultant on Technical Supervision for Construction (Mykolaiv),10571414/UNDP-UKR-01624,,2026-07-24,UNGMA-158170,https://www.ungm.org/Public/ContractAward/158170,oui,,,,2026-07-25
2026-07-25,"Titanium Institute, JCS",Marche ONU - services,UKR,,UNDP,Award - Technical Consultant on Technical Supervision for Construction (Zaporizhia – Site 2),10571466/UNDP-UKR-01626,,2026-07-24,UNGMA-158171,https://www.ungm.org/Public/ContractAward/158171,oui,,,,2026-07-25
2026-07-25,Instrumentalia S.A,Marche ONU - indetermine,ARG,,UNOPS,Adquisición de Estación de Citogenética para la Provincia de Chubut,RFQ/2026/60905,,2026-07-03,UNGMA-158177,https://www.ungm.org/Public/ContractAward/158177,oui,,,,2026-07-25
2026-07-26,Statika for Engineering,Marche ONU - services,YEM,,UNOPS,Delivering of Capacity building Training Programme for Staff and Management of Target Storage Warehouses,RFQ/2026/63626,,2026-07-16,UNGMA-158180,https://www.ungm.org/Public/ContractAward/158180,oui,,,,2026-07-26
2026-07-26,Bin Fatsha & Bros.Contracting Co.Ltd,Marche ONU - indetermine,YEM,,UNOPS,"Supply, Test, Install, and Commission 17 Water Pumping Facility Solar Systems in Multiple Governorates in Yemen - YEEAP II",RFQ/2026/62508,,2026-07-09,UNGMA-158181,https://www.ungm.org/Public/ContractAward/158181,oui,,,,2026-07-26
2026-07-27,GLOBAL PROJECT ADVISORY,Ingenierie / etudes,MAR,,Agence Française de Développement,"France – Technical assistance services – Assistance Technique pour l’AFD à Rabat dans l'animation d'un dialogue de politique sectorielle, le suivi, la coordination du programme et la mise en œuvre d'actions Secteur de l'eau au Maroc",71356200,non,2026-07-27,518421-2026,https://ted.europa.eu/en/notice/518421-2026/html,oui,,,nouveau,2026-07-27
2026-07-27,Penon Integrated Services Ltd,Marche ONU - fournitures,NGA,,UNOPS,Procurement of various softwares,RFQ/2026/61836,,2026-07-27,UNGMA-158199,https://www.ungm.org/Public/ContractAward/158199,oui,,,,2026-07-27
2026-07-27,Net Infrastructure Systems,Marche ONU - fournitures,NGA,,UNOPS,Procurement of various softwares,RFQ/2026/61836,,2026-07-27,UNGMA-158200,https://www.ungm.org/Public/ContractAward/158200,oui,,,,2026-07-27
2026-07-27,"Peak International Trade (Tianjin) Co., Ltd.",Marche ONU - fournitures,ETH,,UNOPS,"Supply and delivery of 400kVA Diesel Generators for Ministry of Irrigation and Lowlands, Addis Ababa, Ethiopia",ITB/2026/62877,,2026-07-20,UNGMA-158209,https://www.ungm.org/Public/ContractAward/158209,oui,,,,2026-07-27
2026-07-27,RFPs UNDP-BRA-01100,Marche ONU - indetermine,BRA,,UNDP,Diverse Consultoria Treinamentos e Recursos Humanos LTDA,10572720/UNDP-BRA-01100,,2026-07-27,UNGMA-158212,https://www.ungm.org/Public/ContractAward/158212,oui,,,,2026-07-27
2026-07-30,(gagnant non publie),Transport / vehicules,CMR,,Dirección de la Fundación para la Internacionalización de las Administraciones Públicas,"Spain – Ships and boats – Contrato mixto de suministro y servicios cuyo objeto consiste en el diseño, construcción, suministro y entrega de un patrullero ligero de vigilancia marítima destinado a la Marina de Camerún, para el refuerzo de la seguridad marítima de los Estados costeros del Golfo de Gui","34500000, 34511100, 34521000, 34521100, 71300000",non,2026-07-30,528391-2026,https://ted.europa.eu/en/notice/528391-2026/html,verifier,,,nouveau,2026-07-30
2026-07-30,"CCC ENGINEERING LTD ; LOYAL TRUST COMPANY LIMITED ; ALPHA TND LIMITED ; SIEYUAN ELECTRIC CO., LTD",Travaux / BTP,RWA,USD 7.053 million,Rwanda - Accelerating Sustainable and Clean Energy Access Transformation in AFE MPA (ASCENT - Rwanda,"Construction of three (3) 10MVA, 30/15kV substations and associated MV feeders (lines) connections at Karumuna (Bugesera), Karenge (Rwamagana) and Mpanga (Kirehe) · titulaire China · duree 24 Month(s)",RFP,,2026-04-13,OP00459142,https://projects.worldbank.org/en/projects-operations/procurement-detail/OP00459142,oui,China,oui,,2026-07-30
2026-07-30,Mustafa Group Ltd,Marche ONU - fournitures,AFG,,UNOPS,"Purchase and delivery of computers and accessories for UNOPS, Kabul, Afghanistan",RFQ/2026/62714,,2026-07-23,UNGMA-158263,https://www.ungm.org/Public/ContractAward/158263,oui,,,,2026-07-30
2026-07-30,Amex Healthcare GmbH,Marche ONU - fournitures,COD,,UNOPS,Establishment of Long-Term Agreements for the Supply of Modular Containerized Biosafety Laboratories for UN Web Buy Plus,ITB/2025/60330,,2026-07-02,UNGMA-157448,https://www.ungm.org/Public/ContractAward/157448,oui,,,,2026-07-30
2026-07-30,KVG LLC,Marche ONU - fournitures,COD,,UNOPS,Establishment of Long-Term Agreements for the Supply of Modular Containerized Biosafety Laboratories for UN Web Buy Plus,ITB/2025/60330,,2026-07-02,UNGMA-157449,https://www.ungm.org/Public/ContractAward/157449,oui,,,,2026-07-30
2026-07-30,Confianca International LLC,Marche ONU - fournitures,HTI,,UNOPS,Acquisition de matériels de sécurité,,,2026-07-10,UNGMA-158274,https://www.ungm.org/Public/ContractAward/158274,oui,,,,2026-07-30
2026-07-30,ZEN ALDEYAR GENERAL CONTRACTING CO LTD,Marche ONU - travaux,IRQ,,UNOPS,"ITB Construction Contract for Small Works - Rehabilitation/Modernization of Irrigation Infrastructure Muthana Governorate, Iraq - Al Sware Canal and Al Ghadir Canal",ITB/2026/62788,,2026-07-27,UNGMA-158237,https://www.ungm.org/Public/ContractAward/158237,oui,,,,2026-07-30
2026-07-30,Bayar Company for General Contracting/Ltd,Marche ONU - travaux,IRQ,,UNOPS,"ITB Construction Contract for Small Works - Rehabilitation/Modernization of Irrigation Infrastructure Muthana Governorate, Iraq - Al Sware Canal and Al Ghadir Canal",ITB/2026/62788,,2026-07-21,UNGMA-158236,https://www.ungm.org/Public/ContractAward/158236,oui,,,,2026-07-30
2026-07-30,BATE International,Marche ONU - indetermine,NER,,UNOPS,"Recrutement d'un Bureau d'étude pour la conception architecturale et technique(structure, électricité et plomberie) d'un plan type de CSI",RFQ/2026/63471,,2026-07-28,UNGMA-158238,https://www.ungm.org/Public/ContractAward/158238,oui,,,,2026-07-30
2026-07-30,"Zaritova Inna Valeriivna, FOP",Marche ONU - fournitures,UKR,"10571306/UNDP-UKR-01615,1",UNDP,LOT 1. Procurement of construction materials and equipment for Secretariat of the Ukrainian Parliament Commissioner for Human Rights.,,,2026-07-28,UNGMA-158230,https://www.ungm.org/Public/ContractAward/158230,oui,,,,2026-07-30
2026-07-30,SMK 7 LLC,Marche ONU - indetermine,UKR,,UNESCO,Finishing Works at Kindergarten in Odesa,RFQ-UA-26-31,,2026-07-24,UNGMA-158275,https://www.ungm.org/Public/ContractAward/158275,oui,,,,2026-07-30
2026-07-30,EdEra Studio,Marche ONU - services,UKR,,UNESCO,Online production digital learning design and educational content development services,RFQ-UNESCO-UA-26-32,,2026-07-24,UNGMA-158276,https://www.ungm.org/Public/ContractAward/158276,oui,,,,2026-07-30
2026-07-30,Hello Rent a Car Ltd,Marche ONU - services,BGD,,ILO,Request for Quotation for Hiring Rent A Car Services for inside/outside Dhaka Duty for Month of August-September 2026,,,2026-07-30,UNGMA-158296,https://www.ungm.org/Public/ContractAward/158296,oui,,,,2026-07-30
2026-07-30,Innovision Consulting Private Limited,Marche ONU - fournitures,BGD,,ILO,"Hiring a Service Provider for Scale up of Delivery of Trainings and Advisory services for developing sexual harassment protection and prevention mechanism at the workplace by effectively functioning Antiharassment, Violence and Harassment at RMG Factories.",,,2026-07-29,UNGMA-158257,https://www.ungm.org/Public/ContractAward/158257,oui,,,,2026-07-30
2026-07-30,BCDM Savar,Marche ONU - services,BGD,,ILO,"Request for Quotation for Hiring Accommodation, Venue, Food and Logistics for Organizing Training/Workshop during April to October 2026",,,2026-07-29,UNGMA-158258,https://www.ungm.org/Public/ContractAward/158258,oui,,,,2026-07-30
2026-07-30,Md. Azizur Rahman Siddique,Marche ONU - indetermine,BGD,,UNCDF,GPN IC Develop operational guidelines for blended (public- private) finance coordination under LoGIC-II.,50009381,,2026-07-28,UNGMA-158243,https://www.ungm.org/Public/ContractAward/158243,oui,,,,2026-07-30
2026-07-30,ZIUS TECH,Marche ONU - travaux,CMR,,UNOPS,"Acquisition, Livraison, Installation et Mise en Service d’Équipements Agricoles pour le PADFA II Cameroun // Acquisition, Delivery, Installation and Commissioning of Agricultural Equipment for PADFA II in Cameroon (REPUBLICATION)",ITB/2026/62910,,2026-07-28,UNGMA-158289,https://www.ungm.org/Public/ContractAward/158289,oui,,,,2026-07-30
2026-07-30,HOTELES DE OCCIDENTE S.A.S,Marche ONU - indetermine,COL,,ILO,"Convocatoria - contratación hotel en la ciudad de Cali para prestar el servicio de alojamiento, alquiler de salón y alimentación para evento en agosto.",,,2026-07-29,UNGMA-158280,https://www.ungm.org/Public/ContractAward/158280,oui,,,,2026-07-30
2026-07-30,PT Indo Eksplorasi Media,Marche ONU - services,IDN,,ILO,Service Provider for Video Documentation on the Innovation Regions for a Just Energy Transition (IKI-JET) project,,,2026-07-28,UNGMA-158220,https://www.ungm.org/Public/ContractAward/158220,oui,,,,2026-07-30
2026-07-30,ADVAD LIMITED,Marche ONU - services,NGA,,UNOPS,Request for Quotation (RFQ) for the Provision of Consultancy Services to Conduct Energy Audits in 4 Hospitals in Nigeria,RFQ/2026/61820,,2026-07-23,UNGMA-158265,https://www.ungm.org/Public/ContractAward/158265,oui,,,,2026-07-30
2026-07-30,"Beijing Source Of Water Science And Technology Co.,Ltd.",Marche ONU - fournitures,UZB,,UNOPS,Supply of 44 Lab Benches for ICP-MS/LC MS-MS/GC MS-MS to SES in Uzbekistan,RFQ/2026/63571,,2026-07-30,UNGMA-158287,https://www.ungm.org/Public/ContractAward/158287,oui,,,,2026-07-30
2026-07-30,USTYURT TRANS MCHJ,Marche ONU - travaux,UZB,,UNOPS,Remaining Works for Reconstruction of the Sanitary and Epidemiological Welfare and Public Health Committee of the Republic of Karakalpakstan,ITB/2026/63106,,2026-07-29,UNGMA-158273,https://www.ungm.org/Public/ContractAward/158273,oui,,,,2026-07-30
2026-07-30,"Hangzhou Yizhou Biotechnology Co., Ltd",Marche ONU - travaux,UZB,,UNOPS,"Supply, delivery and installation of Office Chairs for Sanitary-Epidemiological Welfare and Public Health Committee (SES) of the Republic of Uzbekistan",RFQ/2026/63446,,2026-07-28,UNGMA-158240,https://www.ungm.org/Public/ContractAward/158240,oui,,,,2026-07-30
2026-08-01,NIRAS Finland Oy; Appraisal Consulting RV Ky,IT / numerique,SWZ,"225 155,40 EUR",Finnish National Agency for Education,Finland – Research and development services and related consultancy services – Expert services in education related to developing countries (DPS) - Regional Teachers' Initiative for Africa (RTIA): Technical Expertise for Eswatini,"73000000, 72212931, 72224000, 73200000, 75112100, 75121000, 79300000, 79400000, 79421200, 80500000",non,2026-07-31,529780-2026,https://ted.europa.eu/en/notice/529780-2026/html,oui,,,nouveau,2026-08-01
2026-08-01,UNITED NATIONS OFFICE PROJECT SERVICES (UNOPS),Travaux / BTP,COD,USD 68.954 million,National Agriculture Development Program,Recrutement de l’UNOPS en vue de la réhabilitation de 110 km de route revêtue sur l'axe KATALAY-LUEBO · titulaire Monde · duree 18 Month(s),DIR,,2026-07-24,OP00459620,https://projects.worldbank.org/en/projects-operations/procurement-detail/OP00459620,oui,Monde,oui,,2026-08-01
2026-08-01,Estehkam Baba Construction and Road Construction Company,Marche ONU - travaux,AFG,,UNOPS,"Construction of Check Dams in Kabul and Maidan Wardak Provinces, Afghanistan",ITB/2026/62387,,2026-07-30,UNGMA-158297,https://www.ungm.org/Public/ContractAward/158297,oui,,,,2026-08-01
2026-08-01,Safa Muslem Construction Company,Marche ONU - travaux,AFG,,UNOPS,"Construction of Check Dams in Kabul and Maidan Wardak Provinces, Afghanistan",ITB/2026/62387,,2026-07-30,UNGMA-158298,https://www.ungm.org/Public/ContractAward/158298,oui,,,,2026-08-01
2026-08-01,Multiple destinations,Marche ONU - services,AFG,,UNOPS,Request For Quotation (RFQ) for the Consultancy Services to Conduct an Evaluation and Impact Assessment of the Powering Healthcare Innovation Fund,RFQ/2026/63336,,2026-07-28,UNGMA-158299,https://www.ungm.org/Public/ContractAward/158299,oui,,,,2026-08-01
2026-08-01,GLOBAL ADVANCE SERVICES LTD,Marche ONU - services,SSD,RFP WS1503709496,Nations Unies,Provision of Catering and Bar Services on a concessionary basis for UNMISS in various locations around Juba and Mission Field Office Hubs across South Sudan,,,2026-07-27,UNGMA-158302,https://www.ungm.org/Public/ContractAward/158302,oui,,,,2026-08-01
2026-08-01,CIANO Trading & Services C.T. & S. S.p.A.,Marche ONU - services,SSD,RFP WS1503709496,Nations Unies,Provision of Catering and Bar Services on a concessionary basis for UNMISS in various locations around Juba and Mission Field Office Hubs across South Sudan,,,2026-07-24,UNGMA-158305,https://www.ungm.org/Public/ContractAward/158305,oui,,,,2026-08-01
2026-08-01,Bin Al-Mutahar for Trading & Oil Services Co. Ltd.,Marche ONU - fournitures,YEM,,UNOPS,Retender - Supply and Delivery of Water Meters to Multiple Cities in Yemen - YUSIEP AF,RFQ/2025/60837,,2026-07-31,UNGMA-158341,https://www.ungm.org/Public/ContractAward/158341,oui,,,,2026-08-01
2026-08-01,Aladimi Alalamia for Trading & Contracting Ltd.,Marche ONU - fournitures,YEM,,UNOPS,Retender - Supply and Delivery of Water Meters to Multiple Cities in Yemen - YUSIEP AF,RFQ/2025/60837,,2026-07-31,UNGMA-158342,https://www.ungm.org/Public/ContractAward/158342,oui,,,,2026-08-01
2026-08-01,Truvalu.enterprises Limited,Marche ONU - indetermine,BGD,,UNCDF,RFP Providing Business Development and Market Linkage Support for the Migrant Family’s Enterprises in Bangladesh,50009378/UNCDF-00652,,2026-07-30,UNGMA-158303,https://www.ungm.org/Public/ContractAward/158303,oui,,,,2026-08-01
2026-08-01,EDIFICADORA CONTINENTAL SA,Marche ONU - indetermine,COL,,ILO,Selección de un proveedor en la ciudad de Cali para la prestación del servicio de atención de un desayuno de trabajo con actores territoriales.,,,2026-07-31,UNGMA-158340,https://www.ungm.org/Public/ContractAward/158340,oui,,,,2026-08-01
2026-08-01,SURF WORLDWIDE FOR PETROLEUM SERVICES,Marche ONU - indetermine,GTM,,UNOPS,Adquisición de Computadoras Portátiles y Accesorios,RFQ/2026/62778,,2026-07-31,UNGMA-158335,https://www.ungm.org/Public/ContractAward/158335,oui,,,,2026-08-01
2026-08-01,"SISTECO, S.A.",Marche ONU - indetermine,GTM,,UNOPS,Adquisición de Computadoras Portátiles y Accesorios,RFQ/2026/62778,,2026-07-31,UNGMA-158336,https://www.ungm.org/Public/ContractAward/158336,oui,,,,2026-08-01
2026-08-01,The Alana Hotel & Conference Center Malioboro,Marche ONU - services,IDN,,ILO,"Call for quotation, service provider meeting package and accommodation, Yogyakarta, Indonesia",,,2026-07-31,UNGMA-158328,https://www.ungm.org/Public/ContractAward/158328,oui,,,,2026-08-01
2026-08-01,SENOL SOGUTMA SAN VE TIC LTD STI,Marche ONU - fournitures,TUR,,UNDP,Procurement of R290 Water Chiller for a Cold Storage Warehouse,10575751/UNDP-TUR-00740,,2026-07-31,UNGMA-158337,https://www.ungm.org/Public/ContractAward/158337,oui,,,,2026-08-01
2026-08-01,ALPHAMEDICA LLC,Marche ONU - fournitures,UZB,,UNOPS,"Supply and delivery of Fully automated slide stainer and film cover slipper (Part VII) to the Republican Specialized Scientific and Practical Medical Center of Oncology and Radiology in Tashkent, Uzbekistan.",RFQ/2026/62970,,2026-07-31,UNGMA-158330,https://www.ungm.org/Public/ContractAward/158330,oui,,,,2026-08-01
2026-08-01,Eduten,Marche ONU - indetermine,ARG,,UNOPS,Adquisición de Licencias de Software de Plataforma Educativa,ITB/2026/62779,,2026-07-03,UNGMA-158311,https://www.ungm.org/Public/ContractAward/158311,oui,,,,2026-08-01
2026-08-01,"GLIFING, SL",Marche ONU - indetermine,ARG,,UNOPS,Adquisición de Licencias de Software de Plataforma Educativa,ITB/2026/62779,,2026-07-03,UNGMA-158312,https://www.ungm.org/Public/ContractAward/158312,oui,,,,2026-08-01
2026-08-01,CONSORCIO INGECOL - LYDCO (INGECOL SUCURSAL DE PERU Y LYDCO INGENIERIA SAS),WATER AND SANITATION,PER,USD 37 195 494,MINISTERIO DE VIVIENDA CONSTRUCCION Y SANEAMIENTO,Project for Expansion and Improvement of the Water and Sewer Services of the City of Juliaca - Puno · Works · International Competitive Bidding,,,2025-11-25,IDB-C-5840OCPE-PE-L1285-P00021-C01,https://www.iadb.org/en/project/PE-L1285,oui,PERU,non,,2026-08-01
2026-08-01,Consórcio Renasce Tietê,INTEGRAL MANAGEMENT OF WATER RESOURCES,BRA,USD 24 819 292,DEPARTAMENTO DE AGUAS E ENERGIA ELETRICA,Tietê River Recovery Project Upstream of the Penha Dam in the State of Sao Paulo - Renasce Tietê · Works · International Competitive Bidding,,,2025-12-29,IDB-C-BR-L1536-P00001-C02,https://www.iadb.org/en/project/BR-L1536,oui,BRAZIL,non,,2026-08-01
2026-08-01,LABORATORIOS ABD LTDA.,POVERTY ALLEVIATION,BOL,USD 4 481 177,MINISTERIO DE SALUD,Support for Vulnerable Populations Affected by Coronavirus II · Goods · International Competitive Bidding,,,2025-09-12,IDB-C-5376OCBO2-BO-L1219-P00059-C01,https://www.iadb.org/en/project/BO-L1219,oui,BOLIVIA,non,,2026-08-01
2026-08-01,WORLD PHARMA SERVICES,POVERTY ALLEVIATION,BOL,USD 3 821 000,MINISTERIO DE SALUD,Support for Vulnerable Populations Affected by Coronavirus II · Goods · International Competitive Bidding,,,2025-12-16,IDB-C-5376OCBO2-BO-L1219-P00084-C03,https://www.iadb.org/en/project/BO-L1219,oui,MEXICO,oui,,2026-08-01
2026-08-01,IDEATI SA,"TRADE FACILITATION, TRADE LOGISTICS AND CUSTOMS",HND,USD 3 331 028,ADMINISTRACION ADUANERA DE HONDURAS,Institutional and Operational Strengthening of the Customs Administration · Consulting Firms · Quality-and-Cost Based Selection (QCBS),,,2025-12-30,IDB-C-5694BLHO-HO-L1235-P00043-C01,https://www.iadb.org/en/project/HO-L1235,oui,PANAMA,oui,,2026-08-01
2026-08-01,Centro Interamericano de Administrações Tributárias - CIAT,FISCAL POLICY FOR SUSTAINABILITY AND GROWTH,BRA,USD 2 937 480,SECRETARIA DE ESTADO DA FAZENDA DE ALAGOAS,Fiscal Management Modernization Project for the State of Alagoas - PROFISCO II AL · Consulting Firms · Single-Source Selection of Firms (SSS) - approved before loan signature,,,2025-12-03,IDB-C-5344OCBR-BR-L1540-P00070-C01,https://www.iadb.org/en/project/BR-L1540,oui,BRAZIL,non,,2026-08-01
2026-08-01,SOCIEDAD INDUSTRIAL HANSA LIMITADA,POVERTY ALLEVIATION,BOL,USD 2 816 356,MINISTERIO DE SALUD,Support for Vulnerable Populations Affected by Coronavirus II · Goods · International Competitive Bidding,,,2025-12-11,IDB-C-5376OCBO2-BO-L1219-P00084-C01,https://www.iadb.org/en/project/BO-L1219,oui,BOLIVIA,non,,2026-08-01
2026-08-01,PHILIPS MEDICAL SYSTEMS LTDA,HEALTH SYSTEM STRENGTHENING,BRA,USD 2 192 702,FUNDO ESTADUAL DE SAUDE,Health Care and Social Inclusion Networks Strengthening Program - PROREDES Sergipe · Goods · SN - Pregao,,,2025-08-20,IDB-C-5639OCBR-BR-L1583-P00017-C01,https://www.iadb.org/en/project/BR-L1583,oui,BRAZIL,non,,2026-08-01
2026-08-01,POSITIVO TECNOLOGIA S/A,DECENTRALIZATION & INTERGOVERNMENTAL RELATIONS,BRA,USD 1 978 412,SECRETARIA DE ESTADO DE ECONOMIA DO DISTRITO FEDERAL,Financial Development Program of the Federal District (PRODEFAZ/PROFISCO II) · Goods · SN - Pregao,,,2025-09-11,IDB-C-5684OCBR-BR-L1592-P00077-C04,https://www.iadb.org/en/project/BR-L1592,oui,BRAZIL,non,,2026-08-01
2026-08-01,SUPRISERVI COMÉRCIO REPRESENTAÇÕES E SERVIÇOS LTDA,E-GOVERNMENT,BRA,USD 1 652 193,"SECRETARIA DE ESTADO DO PLANEJAMENTO, GESTAO E PATRIMONIO",Alagoas Mais Digital Program – Digital Transformation of the Government of the State of Alagoas · Goods · SN - Pregao,,,2025-10-16,IDB-C-5575OCBR-BR-L1565-P00049-C01,https://www.iadb.org/en/project/BR-L1565,oui,BRAZIL,non,,2026-08-01
2026-08-01,SONDA S.A.,CITIZEN SAFETY,CHL,USD 1 527 211,MINISTERIO DE SEGURIDAD PUBLICA,Program to Strengthen the Strategic Management of Public Security in Chile · Consulting Firms · Quality-and-Cost Based Selection (QCBS),,,2025-12-10,IDB-C-4891OCCH-CH-L1142-P00054-C01,https://www.iadb.org/en/project/CH-L1142,oui,CHILE,non,,2026-08-01
2026-08-01,SEDEMI Servicios de Mecánica Industrial Diseño Construcción y Montaje S.C.C,NEW POWER DISTRIBUTION & TRANSMISSION PROJECTS,ECU,USD 1 374 595,MINISTERIO DE ENERGIA Y MINAS MEM,Support for the Advancement of the Energy Matrix Transition in Ecuador · Works · National Competitive Bidding,,,2025-09-15,IDB-C-4343OCEC-EC-L1223-P00055-C01,https://www.iadb.org/en/project/EC-L1223,oui,ECUADOR,non,,2026-08-01
2026-08-01,INCAMORAM CIA. LTDA.,EARLY CHILDHOOD DEVELOPMENT,ECU,USD 1 201 317,MINISTERIO DE INCLUSION ECONOMICA Y SOCIAL,Strengthening of quality services of early childhood development · Works · National Competitive Bidding,,,2025-12-17,IDB-C-EC-L1235-P00015-C01,https://www.iadb.org/en/project/EC-L1235,oui,ECUADOR,non,,2026-08-01
2026-08-01,Oracle do Brasil Sistemas LTDA,FISCAL POLICY FOR SUSTAINABILITY AND GROWTH,BRA,USD 1 194 040,SECRETARIA DE ESTADO DA FAZENDA DE ALAGOAS,Fiscal Management Modernization Project for the State of Alagoas - PROFISCO II AL · Goods · Procurement 100% funded by Agency,,,2025-08-25,IDB-C-5344OCBR-BR-L1540-P00034-C02,https://www.iadb.org/en/project/BR-L1540,oui,BRAZIL,non,,2026-08-01
2026-08-01,PHILIPS MEDICAL SYSTEMS LTDA,HEALTH SYSTEM STRENGTHENING,BRA,USD 1 108 146,FUNDO ESTADUAL DE SAUDE,Health Care and Social Inclusion Networks Strengthening Program - PROREDES Sergipe · Goods · SN - Pregao,,,2025-08-25,IDB-C-5639OCBR-BR-L1583-P00015-C01,https://www.iadb.org/en/project/BR-L1583,oui,BRAZIL,non,,2026-08-01
2026-08-01,WILSON IZA GUALOTO,NEW POWER DISTRIBUTION & TRANSMISSION PROJECTS,ECU,USD 944 436,MINISTERIO DE ENERGIA Y MINAS MEM,Support for the Advancement of the Energy Matrix Transition in Ecuador · Works · National Competitive Bidding,,,2025-12-02,IDB-C-4343OCEC-EC-L1223-P00076-C01,https://www.iadb.org/en/project/EC-L1223,oui,ECUADOR,non,,2026-08-01
2026-08-01,INGENIERIA Y CONSTRUCCIONES FRANORTEC LTDA,AGRICULTURAL TECHNOLOGY ADOPTION,BOL,USD 943 400,MINISTERIO DE DESARROLLO PRODUCTIVO RURAL Y AGUA,National Pressurized Irrigation Program with Watershed Approach I · Works · National Competitive Bidding,,,2025-10-20,IDB-C-5721OCBO2-BO-L1226-P00325-C01,https://www.iadb.org/en/project/BO-L1226,oui,BOLIVIA,non,,2026-08-01
2026-08-01,MICROTECNICA INFORMATICA LTDA,DECENTRALIZATION & INTERGOVERNMENTAL RELATIONS,BRA,USD 861 556,SECRETARIA DE ESTADO DE ECONOMIA DO DISTRITO FEDERAL,Financial Development Program of the Federal District (PRODEFAZ/PROFISCO II) · Goods · SN - Pregao,,,2025-08-21,IDB-C-5684OCBR-BR-L1592-P00077-C06,https://www.iadb.org/en/project/BR-L1592,oui,BRAZIL,non,,2026-08-01
2026-08-01,Althea S.P.A,POVERTY ALLEVIATION,BOL,USD 810 476,MINISTERIO DE SALUD,Support for Vulnerable Populations Affected by Coronavirus II · Goods · International Competitive Bidding,,,2025-12-11,IDB-C-5376OCBO2-BO-L1219-P00084-C02,https://www.iadb.org/en/project/BO-L1219,oui,ITALY,oui,,2026-08-01
2026-08-01,QIM INTERNACIONAL S.R.L.,POVERTY ALLEVIATION,BOL,USD 800 960,MINISTERIO DE SALUD,Support for Vulnerable Populations Affected by Coronavirus II · Goods · International Competitive Bidding,,,2025-12-18,IDB-C-5376OCBO2-BO-L1219-P00084-C04,https://www.iadb.org/en/project/BO-L1219,oui,BOLIVIA,non,,2026-08-01
2026-08-01,COLECOM CIA. LTDA.,ENERGY SECTOR REHABILITATION AND EFFICIENCY,ECU,USD 613 987,MINISTERIO DE ENERGIA Y MINAS MEM,Modernization and Renewal Program for Ecuador’s Power System · Works · National Competitive Bidding,,,2025-09-26,IDB-C-4600OCEC-EC-L1231-P00028-C01,https://www.iadb.org/en/project/EC-L1231,oui,ECUADOR,non,,2026-08-01
2026-08-01,APCA IDOM BM-011-2025,RAILWAYS,COL,USD 595 122,DEPARTAMENTO NACIONAL DE PLANEACION,Program for the Consolidation of Private Participation Schemes in Infrastructure · Consulting Firms · Quality-and-Cost Based Selection (QCBS),,,2025-12-12,IDB-C-CO-L1265-P00133-C01,https://www.iadb.org/en/project/CO-L1265,oui,COLOMBIA,non,,2026-08-01
2026-08-02,"KUBOTA CORPORATION ; BUXORO MAXSUS SUV QURILISH, MAS ULIYATI CHEKLANGAN JAMIYATI ; MAXSUS QURILISH ENGINEERING ; NANFANG PUMP INDUSTRY CO., LTD",Travaux / BTP,UZB,USD 1.626 million,Water Services and Institutional Support Project,"The detailed energy audit, supply, and installation of distribution pumps and boosters for JSC “Qoraqalpoq Suv Ta’minoti” and JSC “Tashkent Suv Ta’minoti” · titulaire Japan · duree 240 Day(s)",RFB,,2026-07-03,OP00460089,https://projects.worldbank.org/en/projects-operations/procurement-detail/OP00460089,oui,Japan,oui,,2026-08-02
2026-08-02,"CCC INTERNATIONAL ENGINEERING NIGERIA LIMITED ; GUANGXI YINGCHEN NEW ENERGY TECHNOLOGY CO., LTD ; RENEWVIA ENERGY CORPORATION ; ASUNIM RENEWABLE ENERGY JOINT STOCK COMPANY",Travaux / BTP,SOM,USD 44.876 million,Accelerating Sustainable and Clean Energy Access Transformation in SOMALIA,"Design, Supply, Installation, Testing, and Commissioning of 55MWp (AC) Solar PV Power Plant with 160MWh of Battery Energy Storage System for Daynile Power Plant, BECO-Mogadishu, Somalia. · titulaire Nigeria · duree 18 Month(s)",RFB,,2026-07-29,OP00460085,https://projects.worldbank.org/en/projects-operations/procurement-detail/OP00460085,oui,Nigeria,oui,,2026-08-02
2026-08-02,ILRI,Marche ONU - services,AFG,,UNOPS,Procurement for the Provision of Training Services on Index-Based Livestock Insurance (IBLI) under the DRIVE Project,RFQ/2026/63636,,2026-07-31,UNGMA-158354,https://www.ungm.org/Public/ContractAward/158354,oui,,,,2026-08-02
2026-08-02,Zaid Izzadin MohammedNoori,Marche ONU - indetermine,IRQ,10573767/UNDP-IRQ-02096,UNDP,10573767/UNDP-IRQ-02096,UNDP-IRQ-02096,,2026-08-02,UNGMA-158355,https://www.ungm.org/Public/ContractAward/158355,oui,,,,2026-08-02
2026-08-03,ICS Reliable Solutions Distributor SRL,Telecom / equipements,MDA,"5 357 196,90 MDL",Serviciul Tehnologii Informaționale,Moldova – Telecommunications equipment and supplies – Echipamente întru modernizarea/ extinderea Sistemului automatizat de supraveghere a circulației rutiere „Controlul traficului”,32500000,non,2026-08-03,535950-2026,https://ted.europa.eu/en/notice/535950-2026/html,oui,,,nouveau,2026-08-03
2026-08-03,DBFL Consulting Engineers,Ingenierie / etudes,ALZZZ,"24 345,00 EUR",Southern Regional Assembly,Ireland – Research consultancy services – Consultancy Services to undertake a Placemaking Study and develop a Geospatial Resource for the PROXIMITIES project.,"73210000, 73220000, 73000000, 71351200, 72224000, 71621000, 71318000, 79416200, 79415200, 71410000, 71400000",non,2026-08-03,536699-2026,https://ted.europa.eu/en/notice/536699-2026/html,oui,,,nouveau,2026-08-03
2026-08-03,UN Secretariat,Marche ONU - indetermine,AFG,ITB 3400012905,Nations Unies,Road Improvement of: Lot 1: PD 21 Sub Road GA 8 & GA 19 and Lot 2: PD 22- Sar Turan Road GA17 &18.Kabul Afghanistan,,,2026-07-28,UNGMA-158364,https://www.ungm.org/Public/ContractAward/158364,oui,,,,2026-08-03
2026-08-03,PT. Landmega Tekindo,Marche ONU - fournitures,IDN,,ILO,"RFQ - Procurement of 1 unit computer monitor, ILO Office/Jakarta/RealGains Project",,,2026-08-03,UNGMA-158359,https://www.ungm.org/Public/ContractAward/158359,oui,,,,2026-08-03
2026-08-03,AGRI MECA SERVICE,Marche ONU - indetermine,MDG,,UNOPS,Fourniture et livraison d'équipements agricoles pour le projet DEFIS,RFQ/2026/62795,,2026-08-03,UNGMA-158360,https://www.ungm.org/Public/ContractAward/158360,oui,,,,2026-08-03
2026-08-03,AFPOG ENTERPRISE,Marche ONU - fournitures,MDG,,UNOPS,Fourniture et livraison de matériels informatiques pour le projet DEFIS à Madagascar,RFQ/2026/63369,,2026-08-03,UNGMA-158362,https://www.ungm.org/Public/ContractAward/158362,oui,,,,2026-08-03
2026-08-03,PLANSON INTERNATIONAL CORPORATION,Marche ONU - fournitures,MDG,,UNOPS,Fourniture et livraison de matériels informatiques pour le projet DEFIS à Madagascar,RFQ/2026/63369,,2026-08-03,UNGMA-158363,https://www.ungm.org/Public/ContractAward/158363,oui,,,,2026-08-03
2026-08-06,ECO Consult GmbH & Co KG,Administration / defense,PER,"1 234 616,00 EUR",Deutsche Gesellschaft für Internationale Zusammenarbeit (GIZ) GmbH,"Germany – Foreign economic-aid-related services – 81322138-Apoyo técnico en los sectores de gobernanza climática, conservación de la biodiversidad y bosques y finanzas sostenibles","75211200, 79411100",non,2026-08-06,544948-2026,https://ted.europa.eu/en/notice/544948-2026/html,oui,,,nouveau,2026-08-06
2026-08-06,RENEWVIA ENERGY CORPORATION ; ASUNIM RENEWABLE ENERGY JOINT STOCK COMPANY ; CIVIL AND ELECTRICAL PROJECTS CONTRACTING COMPANY LIMITED ; CCC INTERNATIONAL ENGINEERING NIGERIA LIMITED,Travaux / BTP,SOM,USD 45.019 million,Accelerating Sustainable and Clean Energy Access Transformation in SOMALIA,"Design, Supply, Installation, Testing, and Commissioning of 55MWp (AC) Solar PV Power Plant with 160MWh of Battery Energy Storage System for Jazeera Power Plant, BECO-Mogadishu, Somalia. · titulaire United States · duree 18 Month(s)",RFB,,2026-07-29,OP00460416,https://projects.worldbank.org/en/projects-operations/procurement-detail/OP00460416,oui,United States,oui,,2026-08-06
2026-08-06,KABUL KAIHAN KAWSAR LTD,Marche ONU - fournitures,AFG,,UNOPS,"Establishment of Blanket Purchase Agreements (BPAs) for Supply and Delivery of Electrical Equipment and Materials for UNOPS in Kabul and Herat, Afghanistan (2 Lots)",RFQ/2026/61685,,2026-07-23,UNGMA-158397,https://www.ungm.org/Public/ContractAward/158397,oui,,,,2026-08-06
2026-08-06,Ghani Qayum Logistics Services Company,Marche ONU - fournitures,AFG,,UNOPS,"Establishment of Blanket Purchase Agreements (BPAs) for Supply and Delivery of Electrical Equipment and Materials for UNOPS in Kabul and Herat, Afghanistan (2 Lots)",RFQ/2026/61685,,2026-07-23,UNGMA-158398,https://www.ungm.org/Public/ContractAward/158398,oui,,,,2026-08-06
2026-08-06,GENERAL BUSINESS AND TECHNOLOGY,Marche ONU - fournitures,COD,,UNOPS,Fourniture et livraison des pièces de rechange des réfrigérateurs pour le compte du projet RSS4 en RDC,RFQ/2026/62379,,2026-08-04,UNGMA-158419,https://www.ungm.org/Public/ContractAward/158419,oui,,,,2026-08-06
2026-08-06,ARTURO ROCHA HERNANDEZ,Marche ONU - indetermine,MEX,,UNDP,Adjudicación PCI-021-2026,10575973/UNDP-MEX-00600,,2026-08-03,UNGMA-158382,https://www.ungm.org/Public/ContractAward/158382,oui,,,,2026-08-06
2026-08-06,"Autoformula Center, LLC",Marche ONU - fournitures,UKR,"10573343/UNDP-UKR-01610,3",UNDP,Supply of High Voltage Bushing,,,2026-08-03,UNGMA-158374,https://www.ungm.org/Public/ContractAward/158374,oui,,,,2026-08-06
2026-08-06,Scanna MSC Ltd,Marche ONU - indetermine,ARM,,IAEA,REQ 170891 - Digital Detector Array with accessories for NDT Radiography for delivery to Armenia - ARM2006,672846,,2026-07-27,UNGMA-158372,https://www.ungm.org/Public/ContractAward/158372,oui,,,,2026-08-06
2026-08-06,Operafora Sky SAS,Marche ONU - services,COL,,ILO,"Convocatoria Hotel en Barranquilla - Servicios de Alojamiento y alquiler de Salón, Ayudas Audiovisuales y Catering, para el “Programa de Formación de Jueces Laborales en Colombia”",,,2026-08-04,UNGMA-158400,https://www.ungm.org/Public/ContractAward/158400,oui,,,,2026-08-06
2026-08-06,Jegar Publicidad Misiones,Marche ONU - indetermine,COL,,ILO,Convocatoria - Proveedor de servicios para la impresión de material POP (Point of Purchase),,,2026-08-03,UNGMA-158380,https://www.ungm.org/Public/ContractAward/158380,oui,,,,2026-08-06
2026-08-06,MBE Colombia SAS,Marche ONU - indetermine,COL,,ILO,"Convocatoria de servicios de mensajeria y envios a nivel nacional, para la “Formación de formadores. Enfoque en la capacitación de líderes judiciales para replicar el conocimiento sobre las Normas Internacionales del Trabajo (NIT)",,,2026-08-03,UNGMA-158381,https://www.ungm.org/Public/ContractAward/158381,oui,,,,2026-08-06
2026-08-06,OPTIMY PORTON 84 SAS,Marche ONU - services,COL,,ILO,"Contratación de un Hotel en Bogotá que preste el servicio de Alojamiento y alquiler de Salón, Ayudas Audiovisuales y Catering, para el “Programa de Formación de Jueces Laborales en Colombia""",,,2026-08-03,UNGMA-158383,https://www.ungm.org/Public/ContractAward/158383,oui,,,,2026-08-06
2026-08-06,LOGISTICA PARA EL DESARROLLO SOCIAL S.A.S.,Marche ONU - indetermine,COL,,ILO,"Convocatoria contratación servicio – de un proveedor de servicios logísticos Congreso La fuerza de la diversificación: Energía, personas, empleo, territorio a realizarse el 22 y 23 de julio de 2026 en Valledupar, Cesar, garantizando el cumplimiento de los",,,2026-08-03,UNGMA-158385,https://www.ungm.org/Public/ContractAward/158385,oui,,,,2026-08-06
2026-08-06,"Advanced Measurement Technology, Inc.",Marche ONU - travaux,EGY,,IAEA,REQ 170318 - Gamma Spectrometer with X-ray Channel including installation and training for delivery to Egypt - EGY9052,670819,,2026-07-27,UNGMA-158371,https://www.ungm.org/Public/ContractAward/158371,oui,,,,2026-08-06
2026-08-06,Aksanisari Padusi Lestari,Marche ONU - services,IDN,,ILO,"RFQ - Simultaneous interpreter service for RealGains Palm Oil Sectoral -Stakeholder Coordination Meeting, Jakarta, ILO Office/Jakarta/RealGains Project",,,2026-08-05,UNGMA-158413,https://www.ungm.org/Public/ContractAward/158413,oui,,,,2026-08-06
2026-08-06,PT. Daya Makara UI,Marche ONU - indetermine,IDN,,UNOPS,"Request for Quotation (RFQ) for Independent Final Evaluation: Strengthening Village-Based Climate Action and Livelihood in South Sumatra Province, Indonesia (PROKLIM Project)",RFQ/2026/63363,,2026-08-04,UNGMA-158392,https://www.ungm.org/Public/ContractAward/158392,oui,,,,2026-08-06
2026-08-06,Fils International Movers,Marche ONU - services,JOR,,ILO,RFQ/125/2026/DHM/ROAS Relocation and Movement Services,,,2026-08-05,UNGMA-158412,https://www.ungm.org/Public/ContractAward/158412,oui,,,,2026-08-06
2026-08-06,Arab Business Contracting Company,Marche ONU - travaux,JOR,,UNDP,Construction Works for the Development of High-Quality Tourism Assets,10575104,,2026-08-05,UNGMA-158420,https://www.ungm.org/Public/ContractAward/158420,oui,,,,2026-08-06
2026-08-06,Leon Zacharopoulos,Marche ONU - services,JOR,,UNDP,Plastic-Expert on Life Cycle Assessment and Sustainability Assessment of Single-Use Plastics and Alternatives in the Food and Beverage Sector,10577153/UNDP-JOR-00681,,2026-08-05,UNGMA-158421,https://www.ungm.org/Public/ContractAward/158421,oui,,,,2026-08-06
2026-08-06,Diana Kamal Jreisat,Marche ONU - indetermine,JOR,,UNDP,"IC Coordination Specialist, Governance and Social Cohesion",10576664/UNDP-JOR-00687,,2026-08-04,UNGMA-158403,https://www.ungm.org/Public/ContractAward/158403,oui,,,,2026-08-06
2026-08-06,Jabal Amman Publishers,Marche ONU - services,JOR,,UNDP,Publishing and Production Services for a Coffee Table Book Documenting the Cultural and Natural Heritage of Northern Jordan,10542016/UNDP-JOR-00644,,2026-08-03,UNGMA-158406,https://www.ungm.org/Public/ContractAward/158406,oui,,,,2026-08-06
2026-08-06,aktsiaselts Bit,Marche ONU - services,MDA,"10574611/UNDP-MDA-01020,2",UNDP,RfQ26/03298: International expert training services in textbook design,,,2026-08-03,UNGMA-158376,https://www.ungm.org/Public/ContractAward/158376,oui,,,,2026-08-06
2026-08-06,(R) Delmar Construction SRL,Marche ONU - indetermine,MDA,"10575290/UNDP-MDA-00953,2",UNDP,"Capital repair and modernization of the “Emil Nicula” Theoretical Lyceum from Mereni village, Anenii Noi district (First phase)",,,2026-08-03,UNGMA-158378,https://www.ungm.org/Public/ContractAward/158378,oui,,,,2026-08-06
2026-08-06,"Award for RfQ ref. UNDP-MO-00884,1",Marche ONU - indetermine,MOZ,"10560943/UNDP-MOZ-00884,1",UNDP,"10560943/UNDP-MOZ-00884,1",,,2026-08-03,UNGMA-158375,https://www.ungm.org/Public/ContractAward/158375,oui,,,,2026-08-06
2026-08-06,Quality Aviation,Marche ONU - indetermine,PAK,,ILO,RFQ for Domestic Air Ticket for ISB-UET-ISB for Sadia Hameed - 11-13 Aug,,,2026-08-05,UNGMA-158416,https://www.ungm.org/Public/ContractAward/158416,oui,,,,2026-08-06
2026-08-06,Shani Travels (Rent a Car),Marche ONU - indetermine,PAK,,ILO,RFQ for Rent-a-Car in Quetta on 11 and 12 August 2026,,,2026-08-05,UNGMA-158418,https://www.ungm.org/Public/ContractAward/158418,oui,,,,2026-08-06
2026-08-06,rfx_8436_ROLAC,Marche ONU - indetermine,PER,,ILO,Concurso de servicios para la entrega de refrigerios para Taller en Pucallpa en el marco del Día Internacional de los Pueblos Indígenas - Proyecto CSST,,,2026-08-03,UNGMA-158379,https://www.ungm.org/Public/ContractAward/158379,oui,,,,2026-08-06
2026-08-10,(gagnant non publie),Administration / defense,PER,,Deutsche Gesellschaft für Internationale Zusammenarbeit (GIZ) GmbH,Germany – Foreign economic-aid-related services – 81322411-Estudio de evaluación del impacto socio-ambiental y económico de medidas de Adaptación basada en Ecosistemas,"75211200, 79300000",non,2026-08-07,548899-2026,https://ted.europa.eu/en/notice/548899-2026/html,verifier,,,nouveau,2026-08-10
2026-08-10,(gagnant non publie),Ingenierie / etudes,ZMB,,Deutsche Gesellschaft für Internationale Zusammenarbeit (GIZ) GmbH,"Germany – Consulting services for water-supply and waste consultancy – 10000521-Technical support for WDAA in 10 Lower Kafue water dispute areas, Zambia","71800000, 71351800, 90000000",non,2026-08-10,551401-2026,https://ted.europa.eu/en/notice/551401-2026/html,verifier,,,nouveau,2026-08-10
2026-08-10,CHONGQING INTERNATIONAL CONSTRUCTION CORPORATION (CICO),Travaux / BTP,LBR,USD 14.767 million,Southeastern Corridor Road Asset Management Project,"Upgrading of 39km Ganta–Seclapie Road in Nimba County, Liberia · titulaire China · duree 8 Month(s)",DIR,,2026-07-02,OP00461065,https://projects.worldbank.org/en/projects-operations/procurement-detail/OP00461065,oui,China,oui,,2026-08-10
2026-08-10,CHINA FIRST HIGHWAY ENGINEERING COMPANY LTD ; CHINA RAILWAY ENG CO ; STECOL ; SINOHYDRO CORPORATION LIMITED,Travaux / BTP,CMR,USD 21.905 million,Douala Urban Mobility Project,"Travaux d’aménagement des voies urbaines de rabattement du corridor de « Bus Rapid Transit » (BRT) dans la Ville de Douala (12,594 km) · titulaire Chine · duree 18 Month(s)",RFB,,2026-07-15,OP00461164,https://projects.worldbank.org/en/projects-operations/procurement-detail/OP00461164,oui,Chine,oui,,2026-08-10
2026-08-10,"SHANDONG TAIKAI POWER ENGINEERING CO, LTD (TKEC) ; AVIC-INTL PROJECT ENGINEERING COMPANY ; LUMINO INDUSTRIES LIMITED ; STEG INTERNATIONAL SERVICES (STEG-IS)",Travaux / BTP,RWA,USD 15.963 million,Rwanda - Accelerating Sustainable and Clean Energy Access Transformation in AFE MPA (ASCENT - Rwanda,"Design, Supply, and Installation of low voltage and medium voltage lines and service connections in Gicumbi and Rulindo districts · titulaire China · duree 24 Month(s)",RFP,,2026-04-15,OP00461017,https://projects.worldbank.org/en/projects-operations/procurement-detail/OP00461017,oui,China,oui,,2026-08-10
2026-08-10,"METAG INSAAT TICARET ; ""SHAXRISABZ YASHIL DIYOR"" LLC ; 2-SON MKK ; FOROUZANDEH CONSTRUCTION COMPANY",Travaux / BTP,UZB,USD 9.614 million,Water Services and Institutional Support Project,Construction of Water Supply and Wastewater System in Kattakurgan includes Lot 1: Construction of Water Supply and Wastewater System in West Kattakurgan; Lot 2: Construction of Water Supply and Wastewater System in East Kattakurgan. · titulaire Turkiye · duree 540 Day(s),RFB,,2026-06-17,OP00461079,https://projects.worldbank.org/en/projects-operations/procurement-detail/OP00461079,oui,Turkiye,oui,,2026-08-10
2026-08-10,ZHONGHAO OVERSEAS CONSTRUCTION ENGINEERING COMPANY LIMITED,Travaux / BTP,NGA,USD 12.361 million,Sustainable Power and Irrigation for Nigeria Project,REHABILITATION AND COMPLETION OF THE CONVERSION WORKS OF BAKOLORI IRRIGATION SCHEME · titulaire China · duree 18 Month(s),DIR,,2026-06-18,OP00460862,https://projects.worldbank.org/en/projects-operations/procurement-detail/OP00460862,oui,China,oui,,2026-08-10
2026-08-10,INTERNATIONAL ORGANIZATION FOR MIGRATION (IOM),Travaux / BTP,COD,USD 4.000 million,"Democratic Republic of Congo Health Emergency Preparedness, Response, and Resilience Project",Accord avec l'OIM pour le renforcement des capacités des PoC/ PoE en Ituri et au Nord-Kivu (axe Beni) · titulaire Monde · duree 3 Month(s),DIR,,2026-07-31,OP00460841,https://projects.worldbank.org/en/projects-operations/procurement-detail/OP00460841,oui,Monde,oui,,2026-08-10
2026-08-10,Awal Technology services,Marche ONU - indetermine,AFG,,UNCDF,"EOI 001-2026 (UNCDF) - Challenge Fund for Client-Centric Digital Financial Solutions – Design, Development and Pilot Implementation",50009417,,2026-08-07,UNGMA-158490,https://www.ungm.org/Public/ContractAward/158490,oui,,,,2026-08-10
2026-08-10,"UNDP-HND-10059/UNDP-HND-00567,2",Marche ONU - indetermine,HND,,UNDP,Invitación a Licitar UNDP-HND-00567 LTA Servicios de Limpieza en Instalaciones de la UNAH en Tegucigalpa,,,2026-08-06,UNGMA-158492,https://www.ungm.org/Public/ContractAward/158492,oui,,,,2026-08-10
2026-08-10,LTA JUBA LTD.,Marche ONU - fournitures,SSD,,UNOPS,"Request for Quotation for vehicle Tires, Batteries and spare parts for UNMAS South Sudan.",RFQ/2026/63267,,2026-08-10,UNGMA-158517,https://www.ungm.org/Public/ContractAward/158517,oui,,,,2026-08-10
2026-08-10,SAI WORLD LIMITED,Marche ONU - fournitures,SSD,,UNOPS,"Request for Quotation for vehicle Tires, Batteries and spare parts for UNMAS South Sudan.",RFQ/2026/63267,,2026-08-10,UNGMA-158518,https://www.ungm.org/Public/ContractAward/158518,oui,,,,2026-08-10
2026-08-10,Dmytriienko Nikita,Marche ONU - indetermine,UKR,,ILO,"Development of the web-based module “Register of Labour Mediators”, ILO CO-Kyiv, Ukraine",,,2026-08-10,UNGMA-158516,https://www.ungm.org/Public/ContractAward/158516,oui,,,,2026-08-10
2026-08-10,LSP SRL,Marche ONU - travaux,ETH,,UNOPS,"RFQ- Supply, Installation, and Testing of Electrical Works for the Administrative Building for Kidane Mehret Catholic General Hospital, Adwa, Tigray, Ethiopia",RFQ/2026/62041,,2026-07-16,UNGMA-158469,https://www.ungm.org/Public/ContractAward/158469,oui,,,,2026-08-10
2026-08-10,Fils International Movers,Marche ONU - services,JOR,,ILO,"Archive Records Handling, Transportation and Off-site Storage Services",,,2026-08-09,UNGMA-158499,https://www.ungm.org/Public/ContractAward/158499,oui,,,,2026-08-10
2026-08-10,Data Center Technologies,Marche ONU - travaux,JOR,,UNOPS,"RFQ Goods - Supply , Delivery ,Installation and comissioning for ICT Equipments.",RFQ/2026/63002,,2026-07-28,UNGMA-158502,https://www.ungm.org/Public/ContractAward/158502,oui,,,,2026-08-10
2026-08-10,Yousef Bashiti & Sons Co.,Marche ONU - travaux,JOR,,UNOPS,"RFQ Goods- Retender - Supply , Delivery ,Installation and comissioning for HOUSEHOLD Equipments.",RFQ/2026/62694,,2026-07-22,UNGMA-158503,https://www.ungm.org/Public/ContractAward/158503,oui,,,,2026-08-10
2026-08-10,(R) Lied Consulting SRL,Marche ONU - indetermine,MDA,,UNDP,RfP26/03251 Design and develop an eLearning course for civil servants,10576476/UNDP-MDA-00976,,2026-08-06,UNGMA-158445,https://www.ungm.org/Public/ContractAward/158445,oui,,,,2026-08-10
2026-08-10,Prestige events,Marche ONU - services,UZB,,UNOPS,Provision of Training Services on ISO/IEC 17025 and 15189 Laboratory Quality Management Systems in Uzbekistan,RFQ/2026/62751,,2026-08-06,UNGMA-158443,https://www.ungm.org/Public/ContractAward/158443,oui,,,,2026-08-10
2026-08-10,Micro Solutions LLP,Marche ONU - travaux,UZB,,UNOPS,"Supply,delivery and installation of Laboratory Furniture for Sanitary-Epidemiological Welfare and Public Health (SES) of the Republic of Uzbekistan.",ITB/2026/61960,,2026-08-04,UNGMA-158431,https://www.ungm.org/Public/ContractAward/158431,oui,,,,2026-08-10
2026-08-10,Anand Surgical Enterprises,Marche ONU - travaux,UZB,,UNOPS,"Supply,delivery and installation of Laboratory Furniture for Sanitary-Epidemiological Welfare and Public Health (SES) of the Republic of Uzbekistan.",ITB/2026/61960,,2026-08-04,UNGMA-158432,https://www.ungm.org/Public/ContractAward/158432,oui,,,,2026-08-10
2026-08-10,MILSERVE INTERNATIONAL DMCC,Marche ONU - travaux,UZB,,UNOPS,"Supply,delivery and installation of Laboratory Furniture for Sanitary-Epidemiological Welfare and Public Health (SES) of the Republic of Uzbekistan.",ITB/2026/61960,,2026-08-04,UNGMA-158433,https://www.ungm.org/Public/ContractAward/158433,oui,,,,2026-08-10
2026-08-10,Atea A/S,Marche ONU - indetermine,BRA,10576300/UNDP-BRA-01201,UNDP,10576300/UNDP-BRA-01201,UNDP-BRA-01201,,2026-08-06,UNGMA-158446,https://www.ungm.org/Public/ContractAward/158446,oui,,,,2026-08-10
2026-08-11,Yéssica María Calvario Casarrubias,Marche ONU - indetermine,MEX,,ILO,Convocatoria: Contrato de servicios - Estudio de Valores de Cierre Proyecto “Fortalecimiento de las relaciones laborales en México: prevención de conflictos y acceso a la justicia laboral con perspectiva de género”,,,2026-08-10,UNGMA-158531,https://www.ungm.org/Public/ContractAward/158531,oui,,,,2026-08-11
2026-08-11,Nascent Gardenia,Marche ONU - services,BGD,,ILO,"Request for Quotation for Hiring Venue, Food and Logistics for Organizing Training/Workshop during July to December 2026 in Dhaka.",,,2026-08-11,UNGMA-158538,https://www.ungm.org/Public/ContractAward/158538,oui,,,,2026-08-11
2026-08-11,"Scand-Media Corporation Co., Ltd.",Marche ONU - services,IDN,,ILO,"RFQ/2026/FPRW-RAS/01 - Printing services for the publication entitled “Understanding Rights at Work: A Guide to Key Terms Related to Fundamental Principles and Rights at Work, Trade and Supply Chains”",,,2026-08-10,UNGMA-158522,https://www.ungm.org/Public/ContractAward/158522,oui,,,,2026-08-11
2026-08-11,Senior Policy_ EMFF,Marche ONU - indetermine,JOR,,UNDP,Feras Mohammed Mofleh Momani,10578972/UNDP-JOR-00699,,2026-08-10,UNGMA-158537,https://www.ungm.org/Public/ContractAward/158537,oui,,,,2026-08-11
2026-08-11,Micro Solutions LLP,Marche ONU - fournitures,UZB,,UNOPS,Supply of Laboratory and/or Medical Equipment (Gel Documentation System & Electrostatic Field Meter & Multiparameter Analyzer & Dynamic Electrosleep Apparatus) for SES Uzbekistan,RFQ/2026/63454,,2026-08-03,UNGMA-158539,https://www.ungm.org/Public/ContractAward/158539,oui,,,,2026-08-11
2026-08-11,LLC AVIKON TEX,Marche ONU - fournitures,UZB,,UNOPS,Supply of Laboratory and/or Medical Equipment (Gel Documentation System & Electrostatic Field Meter & Multiparameter Analyzer & Dynamic Electrosleep Apparatus) for SES Uzbekistan,RFQ/2026/63454,,2026-08-03,UNGMA-158540,https://www.ungm.org/Public/ContractAward/158540,oui,,,,2026-08-11
2026-08-12,(gagnant non publie),Ingenierie / etudes,MNE,,Municipality of Nikšić,Montenegro – Consultative engineering and construction services – Supervision of Works on Construction of Sewerage Network Phase II in the Municipality of Nikšić,71310000,non,2026-08-12,558764-2026,https://ted.europa.eu/en/notice/558764-2026/html,verifier,,,nouveau,2026-08-12
2026-08-12,(gagnant non publie),Ingenierie / etudes,MNE,,Old Royal Capital Cetinje,"Montenegro – Civil engineering consultancy services – Supervision of Works for Improvement of the Water Supply System in the Old Royal Capital Cetinje, Montenegro",71311000,non,2026-08-12,558926-2026,https://ted.europa.eu/en/notice/558926-2026/html,verifier,,,nouveau,2026-08-12
2026-08-12,Bin Fatsha & Bros.Contracting Co.Ltd,Marche ONU - travaux,YEM,,UNOPS,"Retender- Supply , Installation , Testing , Commissioning In Door - Metal Clad with Vacuum Circuit Breaker (VCB) , 11Kv , 1600A , 31.5Ka/3 Sec includes All Material And Works required at Bir Nasser, Aden City, Yemen",RFQ/2026/63140,,2026-08-10,UNGMA-158563,https://www.ungm.org/Public/ContractAward/158563,oui,,,,2026-08-12
2026-08-12,ASESORES DE RIESGOS Y SEGUROS GRI LTDA,Marche ONU - indetermine,COL,,ILO,Contratación Póliza de seguros todo riesgo y RC para la oficna de la OIT en Colombia - agosto de 2026 a agosto de 2027,,,2026-08-11,UNGMA-158556,https://www.ungm.org/Public/ContractAward/158556,oui,,,,2026-08-12
2026-08-12,PT Bandung Indah Permai,Marche ONU - indetermine,IDN,,ILO,RfQ - Meeting Package and Accommodation for Workshop Just Transition Practical Guidelines in Bandung,,,2026-08-12,UNGMA-158572,https://www.ungm.org/Public/ContractAward/158572,oui,,,,2026-08-12
2026-08-12,PT Chanti Hotel Aura Nusantara,Marche ONU - services,IDN,,ILO,"RFQ - Meeting venue in Semarang, Central Java for Training to improve the capacity of the labour inspectorate and mediator to prevent and handle GBVH at work, ILO Office/Jakarta/RealGains Project",,,2026-08-11,UNGMA-158558,https://www.ungm.org/Public/ContractAward/158558,oui,,,,2026-08-12
2026-08-12,Gulf Contracting Corporation,Marche ONU - services,JOR,,UNDP,LED Jewellery Training Sites Reinvention,10578044/UNDP-JOR-00692,,2026-08-11,UNGMA-158561,https://www.ungm.org/Public/ContractAward/158561,oui,,,,2026-08-12
2026-08-12,(R) S&T MOLD S.R.L.,Marche ONU - indetermine,MDA,"10575317/UNDP-MDA-00961,1",UNDP,EDMITE RfP26/03244_Development of the computer subsystem 'Financial Control' of State Automated Information System 'Elections',,,2026-08-11,UNGMA-158560,https://www.ungm.org/Public/ContractAward/158560,oui,,,,2026-08-12
2026-08-12,Flair Private Limited,Marche ONU - indetermine,PAK,,ILO,"RfQ for Air Tickets of 04 Persons for Attending Seminar on Fostering Development in Asia- Pacific, 18–21 August 2026 | Colombo, Sri Lanka",,,2026-08-11,UNGMA-158564,https://www.ungm.org/Public/ContractAward/158564,oui,,,,2026-08-12
2026-08-12,Pribori Holding Oy LC,Marche ONU - fournitures,UZB,,UNOPS,Supply of Radiology Equipment (Sample Preparation System & Liquid Scintillation Spectrometer & Air Filter) for SES of the Republic of Uzbekistan,ITB/2026/62791,,2026-08-04,UNGMA-158566,https://www.ungm.org/Public/ContractAward/158566,oui,,,,2026-08-12
2026-08-12,Pribori Holding Oy LC,Marche ONU - fournitures,UZB,,UNOPS,Supply of Laboratory Equipment (Type 1 Dosimeter & Laser power meter & EM field strength meter & Laboratory scale & Nucleic acid bioanalyzer) for SES Uzbekistan,RFQ/2026/63317,,2026-07-31,UNGMA-158567,https://www.ungm.org/Public/ContractAward/158567,oui,,,,2026-08-12
2026-08-12,LLC AVIKON TEX,Marche ONU - fournitures,UZB,,UNOPS,Supply of Laboratory Equipment (Type 1 Dosimeter & Laser power meter & EM field strength meter & Laboratory scale & Nucleic acid bioanalyzer) for SES Uzbekistan,RFQ/2026/63317,,2026-07-31,UNGMA-158568,https://www.ungm.org/Public/ContractAward/158568,oui,,,,2026-08-12
2026-08-12,"DANDONG JILI TRADING CO.,LTD",Marche ONU - fournitures,UZB,,UNOPS,Supply of Laboratory Equipment (Type 1 Dosimeter & Laser power meter & EM field strength meter & Laboratory scale & Nucleic acid bioanalyzer) for SES Uzbekistan,RFQ/2026/63317,,2026-07-31,UNGMA-158569,https://www.ungm.org/Public/ContractAward/158569,oui,,,,2026-08-12
2026-08-12,Algimed LLC,Marche ONU - fournitures,UZB,,UNOPS,Supply of Laboratory Equipment (Type 1 Dosimeter & Laser power meter & EM field strength meter & Laboratory scale & Nucleic acid bioanalyzer) for SES Uzbekistan,RFQ/2026/63317,,2026-07-31,UNGMA-158571,https://www.ungm.org/Public/ContractAward/158571,oui,,,,2026-08-12
2026-08-12,STEG INTERNATIONAL SERVICES (STEG-IS) ; ASHOKA BUILDCON LIMITED ; NPD LTD ; ALPHA TND LIMITED,Travaux / BTP,RWA,USD 11.866 million,Rwanda - Accelerating Sustainable and Clean Energy Access Transformation in AFE MPA (ASCENT - Rwanda,"Design, Supply, and Installation of low voltage and medium voltage lines and service connections in Ngoma and Kirehe districts · titulaire Tunisia · duree 24 Month(s)",RFP,,2026-05-29,OP00461892,https://projects.worldbank.org/en/projects-operations/procurement-detail/OP00461892,oui,Tunisia,oui,,2026-08-12
2026-08-12,STEG INTERNATIONAL SERVICES ; ALPHA TND ; CHINA CIVIL ENGINEERING CONSTRUCTION CORPORATION ; CHINA RAILWAY CONSTRUCTION ELECTRIFICATION BURAU GROUP CO. LTD,Travaux / BTP,RWA,USD 10.143 million,Rwanda - Accelerating Sustainable and Clean Energy Access Transformation in AFE MPA (ASCENT - Rwanda,"Design, Supply, and Installation of low voltage and medium voltage lines and service connections in Nyabihu and Rubavu districts · titulaire Tunisia · duree 24 Month(s)",RFP,,2026-05-29,OP00461858,https://projects.worldbank.org/en/projects-operations/procurement-detail/OP00461858,oui,Tunisia,oui,,2026-08-12
2026-08-13,Omar Mortaza Construction & Road Building,Marche ONU - travaux,AFG,,UNOPS,"Re-RFQ for the Construction of Check Dams in Kariz Sidiq, Kariz Kagal, and Kariz Borhan (3 sites), Farah Province, Afghanistan",RFQ/2026/62789,,2026-08-13,UNGMA-158590,https://www.ungm.org/Public/ContractAward/158590,oui,,,,2026-08-13
2026-08-13,GEOTECNIA P. CAZAR CIA. LTDA,Marche ONU - indetermine,ECU,"10577006/UNDP-ECU-00898,1",UNDP,UNDP-ECU-00898 FISCALIZACIÓN DE OBRAS DE CONSTRUCCIÓN,,,2026-08-11,UNGMA-158585,https://www.ungm.org/Public/ContractAward/158585,oui,,,,2026-08-13
2026-08-13,RAS AL AIN SKY COMPANY FOR GENERAL CONTRACTING LTD,Marche ONU - indetermine,IRQ,,UNDP,Provision of Bottled Drinking Water to UNDP Iraq Erbil Office - Ras Al-Ain Sky Company,UNDP-IRQ-10072,,2026-08-12,UNGMA-158587,https://www.ungm.org/Public/ContractAward/158587,oui,,,,2026-08-13
2026-08-13,LIdia Camacho Camacho,Marche ONU - indetermine,MEX,,UNDP,Adjudicación PCI-022-2026,10579490/UNDP-MEX-00601,,2026-08-11,UNGMA-158588,https://www.ungm.org/Public/ContractAward/158588,oui,,,,2026-08-13
2026-08-13,InMed UKRAINE Limited Liability Company,Marche ONU - fournitures,UKR,,UNOPS,Emergency Procurement: Provision of Diagnostic Imaging Equipment to Mykolaiiv oblast,RFQ/2026/63094,,2026-08-07,UNGMA-158598,https://www.ungm.org/Public/ContractAward/158598,oui,,,,2026-08-13
2026-08-13,HARWIND LLC,Marche ONU - fournitures,UKR,,UNOPS,Emergency Procurement: Provision of Diagnostic Imaging Equipment to Mykolaiiv oblast,RFQ/2026/63094,,2026-08-07,UNGMA-158599,https://www.ungm.org/Public/ContractAward/158599,oui,,,,2026-08-13
2026-08-13,"Limited Liability Company ""Mediprime""",Marche ONU - fournitures,UKR,,UNOPS,Emergency Procurement: Provision of Diagnostic Imaging Equipment to Mykolaiiv oblast,RFQ/2026/63094,,2026-08-07,UNGMA-158600,https://www.ungm.org/Public/ContractAward/158600,oui,,,,2026-08-13
2026-08-13,OCEANAIR INTERNATIONAL PVT LTD,Marche ONU - fournitures,PAK,,ILO,RFQ for the procurement of door to door shipping services of personal effects.,,,2026-08-13,UNGMA-158591,https://www.ungm.org/Public/ContractAward/158591,oui,,,,2026-08-13
2026-08-13,RR COM INST E MANUTENCAO DE AR CONDICIONADO LTDA,Marche ONU - indetermine,BRA,,UNOPS,"Aquisição de Ares-Condicionados para a Universidade Federal do Pampa (UNIPAMPA) em Uruguaiana, Rio Grande do Sul.",RFQ/2026/63448,,2026-08-05,UNGMA-158578,https://www.ungm.org/Public/ContractAward/158578,oui,,,,2026-08-13
2026-08-13,(FRIENDSHIP IINVESTMENT B LTD),Marche ONU - fournitures,SSD,,UNOPS,Supply and Delivery of Crops and Vegetable Seeds to UNOPS Field Offices in South Sudan,RFQ/2026/63613,,2026-08-06,UNGMA-158604,https://www.ungm.org/Public/ContractAward/158604,oui,,,,2026-08-13
2026-08-13,Nova Farming Industry company limited,Marche ONU - fournitures,SSD,,UNOPS,Supply and Delivery of Crops and Vegetable Seeds to UNOPS Field Offices in South Sudan,RFQ/2026/63613,,2026-08-06,UNGMA-158605,https://www.ungm.org/Public/ContractAward/158605,oui,,,,2026-08-13
2026-08-13,Ghyon International limited,Marche ONU - fournitures,SSD,,UNOPS,Supply and Delivery of Crops and Vegetable Seeds to UNOPS Field Offices in South Sudan,RFQ/2026/63613,,2026-08-06,UNGMA-158606,https://www.ungm.org/Public/ContractAward/158606,oui,,,,2026-08-13
2026-08-13,Flair Private Limited,Marche ONU - indetermine,PAK,,ILO,Light RfQ - Air Ticket from Islamabad-Karachi-Islamabad,,,2026-08-13,UNGMA-158611,https://www.ungm.org/Public/ContractAward/158611,oui,,,,2026-08-13
2026-08-14,(gagnant non publie),Ingenierie / etudes,"PAN, SLV",,"European Union, represented by the European Commission",Costa Rica-San José: General management consultancy services,"71356200, 79300000, 79411000, 80522000, 98910000",non,2023-07-31,463568-2023,https://ted.europa.eu/en/notice/463568-2023/html,verifier,,,nouveau,2026-08-14
2026-08-14,(gagnant non publie),Ingenierie / etudes,NIC,,"European Union, represented by the European Commission",Nicaragua-Managua: Research and development services and related consultancy services,"71356200, 71621000, 73000000",non,2023-12-22,780953-2023,https://ted.europa.eu/en/notice/780953-2023/html,verifier,,,nouveau,2026-08-14
2026-08-14,(gagnant non publie),Ingenierie / etudes,NIC,,"European Union, represented by the European Commission",Nicaragua-Managua: Technical assistance services,"71356200, 79413000, 79952000",non,2023-12-27,790062-2023,https://ted.europa.eu/en/notice/790062-2023/html,verifier,,,nouveau,2026-08-14
2026-08-14,(gagnant non publie),Ingenierie / etudes,SLV,,"European Union, represented by the European Commission",El Salvador-San Salvador: Public relations services,"71356200, 79416000",non,2024-03-18,159630-2024,https://ted.europa.eu/en/notice/159630-2024/html,verifier,,,nouveau,2026-08-14
2026-08-14,(gagnant non publie),Ingenierie / etudes,SLV,,Agencia Italiana de Cooperación para el Desarrollo Sede San Salvador,"Italy – Health and safety consultancy services – Consultoría: “Sistematización de un Protocolo de Telemedicina para la erogación de servicios sanitarios en el Sistema Penitenciario Salvadoreño” en el marco del Proyecto: ""Recalificación y pruebas de conexión - Las tecnologías al servicio de la Direcc",71317210,non,2026-07-02,455776-2026,https://ted.europa.eu/en/notice/455776-2026/html,verifier,,,nouveau,2026-08-14
2026-08-14,LOKMIS,Marche ONU - fournitures,COD,,UNOPS,Procurement of Liquid Scintillation Counter and Radioactive Calibration Sources for DRC and Malawi,RFQ/2026/62390,,2026-07-23,UNGMA-158626,https://www.ungm.org/Public/ContractAward/158626,oui,,,,2026-08-14
2026-08-14,Prime Bank PLC,Marche ONU - services,BGD,,UNCDF,RFP Developing of Digital Solution for Better Remittance Management of Migrant Workers or their Family Members in Bangladesh,50009377/UNCDF-00622,,2026-08-13,UNGMA-158620,https://www.ungm.org/Public/ContractAward/158620,oui,,,,2026-08-14
2026-08-14,Pribori Holding Oy LC,Marche ONU - fournitures,UZB,,UNOPS,Supply of laboratory equipment (Type 2 Dosimeter & Radiation Protective Suit & HPG Gamma Spectrometer) for the Committee for Sanitary-Epidemiological Welfare and Public Health (SES) of the Republic of Uzbekistan,RFQ/2026/62782,,2026-08-14,UNGMA-158625,https://www.ungm.org/Public/ContractAward/158625,oui,,,,2026-08-14
2026-08-14,Entreprise Zouweya,Marche ONU - travaux,NER,,UNOPS,"Construction de trois (3) hôpitaux de district à Belbedji, Dungass et Takieta dans la région de Zinder en 6 lots",ITB/2026/62430,,2026-07-28,UNGMA-158634,https://www.ungm.org/Public/ContractAward/158634,oui,,,,2026-08-14
2026-08-14,BACOREX BTP,Marche ONU - travaux,NER,,UNOPS,"Construction de trois (3) hôpitaux de district à Belbedji, Dungass et Takieta dans la région de Zinder en 6 lots",ITB/2026/62430,,2026-07-28,UNGMA-158635,https://www.ungm.org/Public/ContractAward/158635,oui,,,,2026-08-14
2026-08-14,SETRALOG Sarl,Marche ONU - travaux,NER,,UNOPS,"Construction de trois (3) hôpitaux de district à Belbedji, Dungass et Takieta dans la région de Zinder en 6 lots",ITB/2026/62430,,2026-07-28,UNGMA-158636,https://www.ungm.org/Public/ContractAward/158636,oui,,,,2026-08-14
2026-08-14,ENTREPRISE ASSANE,Marche ONU - travaux,NER,,UNOPS,"Construction de trois (3) hôpitaux de district à Belbedji, Dungass et Takieta dans la région de Zinder en 6 lots",ITB/2026/62430,,2026-07-28,UNGMA-158638,https://www.ungm.org/Public/ContractAward/158638,oui,,,,2026-08-14
2026-08-14,TECNIBAT,Marche ONU - travaux,NER,,UNOPS,Construction de deux(2) hôpitaux de district à Gazaoua et Bermo dans la région de Maradi en 4 lots,ITB/2026/62812,,2026-07-28,UNGMA-158640,https://www.ungm.org/Public/ContractAward/158640,oui,,,,2026-08-14
2026-08-14,EMOHAB SARLU,Marche ONU - travaux,NER,,UNOPS,Construction de deux(2) hôpitaux de district à Gazaoua et Bermo dans la région de Maradi en 4 lots,ITB/2026/62812,,2026-07-28,UNGMA-158642,https://www.ungm.org/Public/ContractAward/158642,oui,,,,2026-08-14
2026-08-14,ECMC ENGINEERS LIMITED MORPHOSIS INC LIMITED Zephyrgold International Ltd PINCONSULT ASSOCIATES LIMITED BHULASKONSULT LTD,Marche ONU - services,NGA,,UNICEF,Outcome Notification – Long-Term Agreement (LTA) for Engineering Services,9202074,,2026-08-11,UNGMA-158631,https://www.ungm.org/Public/ContractAward/158631,oui,,,,2026-08-14
