date_maj,score_final,score_surete,score_commercial,action_recommandee,fenetre_action,titre,acheteur,pays_execution,type_notice,justification,publication_number,lien_avis,deadline,date_publication,statut_suivi,date_detection
2026-08-18,4.7,4.4,5.0,surveiller,indetermine,Kajeke-Gihanga III hydro-agricultural development project,"Ministry of the Environment, Agriculture and Livestock",BDI,Projet BM (Pipeline),"Projet BM Pipeline approuve le 2027-10-26 (85 M USD). Signal AMONT : deploiement a venir en amont de l'appel d'offres. Cible : le titulaire qui executera, pas l'agence.",BMP-P518248,https://projects.worldbank.org/en/projects-operations/project-detail/P518248,2034-05-31,2027-10-26,nouveau,2026-08-13
2026-08-18,4.2,4.4,4.0,ignorer,indetermine,FINGROW Tajikistan,State Committee on Investment and State Property Management,TJK,Projet BM (Pipeline),"Projet BM Pipeline approuve le 2027-07-22 (30 M USD). Signal AMONT : deploiement a venir en amont de l'appel d'offres. Cible : le titulaire qui executera, pas l'agence.",BMP-P512525,https://projects.worldbank.org/en/projects-operations/project-detail/P512525,2032-12-27,2027-07-22,nouveau,2026-08-13
2026-08-18,6.4,6.8,6.0,surveiller,indetermine,Madagascar Agribusiness Development Project,"Direction de la Coordination et du Suivi-Evaluation des Programmes - DCSEP (Ministre de l'Economie et Finance),Ministry of Agriculture and Food Sovereignty (MINISTRE DE L'AGRICULTURE ET DE LA SOUVERAINETE ALIMENTAIRE)",MDG,Projet BM (Pipeline),"Projet BM Pipeline approuve le 2027-05-27 (150 M USD). Signal AMONT : deploiement a venir en amont de l'appel d'offres. Cible : le titulaire qui executera, pas l'agence.",BMP-P517997,https://projects.worldbank.org/en/projects-operations/project-detail/P517997,2032-08-27,2027-05-27,nouveau,2026-08-13
2026-08-18,6.9,6.8,7.0,contacter,indetermine,Uzbekistan Sustainable Heating Program,"Heat Supply JSC,Ministry of Construction, Housing, and Communal Services,National Agency for Energy Efficiency",UZB,Projet BM (Pipeline),"Projet BM Pipeline approuve le 2027-04-16 (200 M USD). Signal AMONT : deploiement a venir en amont de l'appel d'offres. Cible : le titulaire qui executera, pas l'agence.",BMP-P513848,https://projects.worldbank.org/en/projects-operations/project-detail/P513848,2031-12-31,2027-04-16,nouveau,2026-08-13
2026-08-18,8.0,10.0,6.0,contacter,indetermine,"Mali Building Abilities, Aspirations, Resilience, and Access to work","Ministère de l'Entreprenariat National, de l'Emploi et de la Formation Professionnelle,Ministère de l'Éducation Nationale",MLI,Projet BM (Pipeline),"Projet BM Pipeline approuve le 2027-03-31 (120 M USD). Signal AMONT : deploiement a venir en amont de l'appel d'offres. Cible : le titulaire qui executera, pas l'agence.",BMP-P518603,https://projects.worldbank.org/en/projects-operations/project-detail/P518603,,2027-03-31,nouveau,2026-08-13
2026-08-18,6.9,6.8,7.0,contacter,indetermine,Khyber Pakhtunkhwa Clean Air Project,"Climate Change, Forestry, Environment And Wildlife Department Government of Khyber Pakhtunkhwa",PAK,Projet BM (Pipeline),"Projet BM Pipeline approuve le 2027-03-25 (200 M USD). Signal AMONT : deploiement a venir en amont de l'appel d'offres. Cible : le titulaire qui executera, pas l'agence.",BMP-P512143,https://projects.worldbank.org/en/projects-operations/project-detail/P512143,2033-03-25,2027-03-25,nouveau,2026-08-13
2026-08-18,4.7,4.4,5.0,surveiller,indetermine,Liberia Economic Corridors,Infrastructure Implementing Unit,LBR,Projet BM (Pipeline),"Projet BM Pipeline approuve le 2027-03-16 (70 M USD). Signal AMONT : deploiement a venir en amont de l'appel d'offres. Cible : le titulaire qui executera, pas l'agence.",BMP-P513497,https://projects.worldbank.org/en/projects-operations/project-detail/P513497,2032-08-26,2027-03-16,nouveau,2026-08-13
2026-08-18,7.0,10.0,4.0,contacter,indetermine,WEF Nexus for Optimizing Use and Reuse of Water Resources,Palestinian Water Authority,PSE,Projet BM (Pipeline),"Projet BM Pipeline approuve le 2027-03-15 (25 M USD). Signal AMONT : deploiement a venir en amont de l'appel d'offres. Cible : le titulaire qui executera, pas l'agence.",BMP-P517180,https://projects.worldbank.org/en/projects-operations/project-detail/P517180,2032-08-31,2027-03-15,nouveau,2026-08-13
2026-08-18,6.2,4.4,8.0,surveiller,indetermine,Roads for Rural Economic Development Project,"ICT Authority,Kenya National Highways Authority,Kenya Rural Roads Authority,National Construction Authority,National Transport and Safety Authority,State Department for Roads",KEN,Projet BM (Pipeline),"Projet BM Pipeline approuve le 2027-03-12 (600 M USD). Signal AMONT : deploiement a venir en amont de l'appel d'offres. Cible : le titulaire qui executera, pas l'agence.",BMP-P517267,https://projects.worldbank.org/en/projects-operations/project-detail/P517267,2032-03-30,2027-03-12,nouveau,2026-08-13
2026-08-18,4.7,4.4,5.0,surveiller,indetermine,"Mauritania Jobs through Accelerating MSMEs, Skills Development and Capital Access","Central Bank of Mauritania,Ministry of Youth Empowerment, Employment, Sports, and Civic Service (MAJESSC)",MRT,Projet BM (Pipeline),"Projet BM Pipeline approuve le 2027-03-03 (50 M USD). Signal AMONT : deploiement a venir en amont de l'appel d'offres. Cible : le titulaire qui executera, pas l'agence.",BMP-P518718,https://projects.worldbank.org/en/projects-operations/project-detail/P518718,,2027-03-03,nouveau,2026-08-13
2026-08-18,4.7,4.4,5.0,surveiller,indetermine,CHAD HEALTH SYSTEMS RESILIENCE PROGRAM - SAHIT-NA,Ministry of Public Health and Prevention,TCD,Projet BM (Pipeline),"Projet BM Pipeline approuve le 2027-03-01 (80 M USD). Signal AMONT : deploiement a venir en amont de l'appel d'offres. Cible : le titulaire qui executera, pas l'agence.",BMP-P518325,https://projects.worldbank.org/en/projects-operations/project-detail/P518325,,2027-03-01,nouveau,2026-08-13
2026-08-18,4.9,6.8,3.0,surveiller,indetermine,Moldova Green Shield: Enhancing Resilience through Ecosystem-based Adaptation,Ministry of Environment,MDA,Projet BM (Pipeline),"Projet BM Pipeline approuve le 2027-02-25 (10 M USD). Signal AMONT : deploiement a venir en amont de l'appel d'offres. Cible : le titulaire qui executera, pas l'agence.",BMP-P516908,https://projects.worldbank.org/en/projects-operations/project-detail/P516908,2032-02-25,2027-02-25,nouveau,2026-08-13
2026-08-18,6.4,6.8,6.0,surveiller,indetermine,Uzbekistan Risk Mitigation Facility,Ministry of Economy and Finance of The Republic of Uzbekistan,UZB,Projet BM (Pipeline),"Projet BM Pipeline approuve le 2027-02-25 (150 M USD). Signal AMONT : deploiement a venir en amont de l'appel d'offres. Cible : le titulaire qui executera, pas l'agence.",BMP-P513901,https://projects.worldbank.org/en/projects-operations/project-detail/P513901,2032-06-30,2027-02-25,nouveau,2026-08-13
2026-08-18,3.7,4.4,3.0,ignorer,indetermine,Côte d'Ivoire Renewable Energy & Financial Stability Initiative,CI-Energies,CIV,Projet BM (Pipeline),"Projet BM Pipeline approuve le 2027-02-25 (20 M USD). Signal AMONT : deploiement a venir en amont de l'appel d'offres. Cible : le titulaire qui executera, pas l'agence.",BMP-P510702,https://projects.worldbank.org/en/projects-operations/project-detail/P510702,2032-11-30,2027-02-25,nouveau,2026-08-13
2026-08-18,5.2,4.4,6.0,surveiller,indetermine,Mpatamanga Hydropower Storage Project Guarantee,"Ministry of Energy, Republic of Malawi",MWI,Projet BM (Pipeline),"Projet BM Pipeline approuve le 2027-02-19 (100 M USD). Signal AMONT : deploiement a venir en amont de l'appel d'offres. Cible : le titulaire qui executera, pas l'agence.",BMP-P513960,https://projects.worldbank.org/en/projects-operations/project-detail/P513960,2032-06-30,2027-02-19,nouveau,2026-08-13
2026-08-18,6.4,6.8,6.0,surveiller,indetermine,Ethiopia - Building Opportunities for Optimized Trade and Investment for Growth,"Ethiopia Investment Commission (EIC),Ministry of Trade and Regional Integration (MoTRI)",ETH,Projet BM (Pipeline),"Projet BM Pipeline approuve le 2027-02-16 (185 M USD). Signal AMONT : deploiement a venir en amont de l'appel d'offres. Cible : le titulaire qui executera, pas l'agence.",BMP-P515564,https://projects.worldbank.org/en/projects-operations/project-detail/P515564,2033-02-15,2027-02-16,nouveau,2026-08-13
2026-08-18,4.4,6.8,2.0,ignorer,indetermine,FOREX Liquidity Support Mechanism,"Ministry of Finance, PPP Unit",ETH,Projet BM (Pipeline),"Projet BM Pipeline approuve le 2027-02-05 (montant n.c.). Signal AMONT : deploiement a venir en amont de l'appel d'offres. Cible : le titulaire qui executera, pas l'agence.",BMP-P510397,https://projects.worldbank.org/en/projects-operations/project-detail/P510397,,2027-02-05,nouveau,2026-08-13
2026-08-18,5.7,4.4,7.0,surveiller,indetermine,Angola Value Chains and Agribusiness Development Project,"Ministry of Agriculture and Forestry,Ministry of Planning",AGO,Projet BM (Pipeline),"Projet BM Pipeline approuve le 2027-01-29 (300 M USD). Signal AMONT : deploiement a venir en amont de l'appel d'offres. Cible : le titulaire qui executera, pas l'agence.",BMP-P518502,https://projects.worldbank.org/en/projects-operations/project-detail/P518502,2032-12-31,2027-01-29,nouveau,2026-08-13
2026-08-18,6.9,6.8,7.0,contacter,indetermine,Pakistan Bold Reforms for Investment-Driven Growth and Employment Program,Ministry of Finance,PAK,Projet BM (Pipeline),"Projet BM Pipeline approuve le 2027-01-29 (300 M USD). Signal AMONT : deploiement a venir en amont de l'appel d'offres. Cible : le titulaire qui executera, pas l'agence.",BMP-P517511,https://projects.worldbank.org/en/projects-operations/project-detail/P517511,2031-12-01,2027-01-29,nouveau,2026-08-13
2026-08-18,6.9,6.8,7.0,contacter,indetermine,Ethiopia Sustainable WASH Access Program,"Ministry of Education,Ministry of Health,Ministry of Water and Energy",ETH,Projet BM (Pipeline),"Projet BM Pipeline approuve le 2027-01-29 (250 M USD). Signal AMONT : deploiement a venir en amont de l'appel d'offres. Cible : le titulaire qui executera, pas l'agence.",BMP-P516998,https://projects.worldbank.org/en/projects-operations/project-detail/P516998,2031-01-31,2027-01-29,nouveau,2026-08-13
2026-08-18,4.7,4.4,5.0,surveiller,indetermine,Sierra Leone Free Education Project,,SLE,Projet BM (Pipeline),"Projet BM Pipeline approuve le 2027-01-29 (66 M USD). Signal AMONT : deploiement a venir en amont de l'appel d'offres. Cible : le titulaire qui executera, pas l'agence.",BMP-P510442,https://projects.worldbank.org/en/projects-operations/project-detail/P510442,,2027-01-29,nouveau,2026-08-13
2026-08-18,6.9,6.8,7.0,contacter,indetermine,"Agriculture Value Chains Development for Productivity, Commercialization and Jobs in Ethiopia",Ministry of Agriculture,ETH,Projet BM (Pipeline),"Projet BM Pipeline approuve le 2027-01-28 (250 M USD). Signal AMONT : deploiement a venir en amont de l'appel d'offres. Cible : le titulaire qui executera, pas l'agence.",BMP-P510576,https://projects.worldbank.org/en/projects-operations/project-detail/P510576,2032-04-16,2027-01-28,nouveau,2026-08-13
2026-08-18,5.2,4.4,6.0,surveiller,indetermine,Togo Urban Transformation Program,"Ministère de l'Aménagement du Territoire, de l'Urbanisme et de l'Habitat",TGO,Projet BM (Pipeline),"Projet BM Pipeline approuve le 2027-01-27 (100 M USD). Signal AMONT : deploiement a venir en amont de l'appel d'offres. Cible : le titulaire qui executera, pas l'agence.",BMP-P514363,https://projects.worldbank.org/en/projects-operations/project-detail/P514363,2035-06-30,2027-01-27,nouveau,2026-08-13
2026-08-18,4.2,4.4,4.0,ignorer,indetermine,Program for the Strengthening of Human Capital in Djibouti,"Ministry of Education and Technical Training,Ministry of Health,Ministry of Social Affairs and Solidarity,Ministry of Women and Family",DJI,Projet BM (Pipeline),"Projet BM Pipeline approuve le 2027-01-15 (30 M USD). Signal AMONT : deploiement a venir en amont de l'appel d'offres. Cible : le titulaire qui executera, pas l'agence.",BMP-P513653,https://projects.worldbank.org/en/projects-operations/project-detail/P513653,2030-12-31,2027-01-15,nouveau,2026-08-13
2026-08-18,5.2,4.4,6.0,surveiller,indetermine,Renewable Energy Development Project - Phase 2,Ministry of Energy,KGZ,Projet BM (Pipeline),"Projet BM Pipeline approuve le 2027-01-14 (132 M USD). Signal AMONT : deploiement a venir en amont de l'appel d'offres. Cible : le titulaire qui executera, pas l'agence.",BMP-P509365,https://projects.worldbank.org/en/projects-operations/project-detail/P509365,2029-08-30,2027-01-14,nouveau,2026-08-13
2026-08-18,9.0,10.0,8.0,contacter,indetermine,Enhancing Reliable Electricity Supply and Regional Integration,"Middle Electricity Distribution Company,South Electricity Transmission Company",IRQ,Projet BM (Pipeline),"Projet BM Pipeline approuve le 2026-12-21 (671 M USD). Signal AMONT : deploiement a venir en amont de l'appel d'offres. Cible : le titulaire qui executera, pas l'agence.",BMP-P511750,https://projects.worldbank.org/en/projects-operations/project-detail/P511750,2031-12-22,2026-12-21,nouveau,2026-08-13
2026-08-18,4.7,4.4,5.0,surveiller,indetermine,Sierra Leone Electricity Utility Recovery and Energy Access Project Phase 1,"Electiricity Distribution Supply Authority ,Ministry of Energy",SLE,Projet BM (Pipeline),"Projet BM Pipeline approuve le 2026-12-18 (50 M USD). Signal AMONT : deploiement a venir en amont de l'appel d'offres. Cible : le titulaire qui executera, pas l'agence.",BMP-P518498,https://projects.worldbank.org/en/projects-operations/project-detail/P518498,2031-12-31,2026-12-18,nouveau,2026-08-13
2026-08-18,6.9,6.8,7.0,contacter,indetermine,"Cameroon Finance for Jobs, Inclusion and Growth",National Economic and Financial Committee of Cameroon,CMR,Projet BM (Pipeline),"Projet BM Pipeline approuve le 2026-12-17 (200 M USD). Signal AMONT : deploiement a venir en amont de l'appel d'offres. Cible : le titulaire qui executera, pas l'agence.",BMP-P507999,https://projects.worldbank.org/en/projects-operations/project-detail/P507999,2034-11-30,2026-12-17,nouveau,2026-08-13
2026-08-18,6.4,6.8,6.0,surveiller,indetermine,Sindh Property Revenues Enhancement Program,"Local Government Department, Government of Sindh",PAK,Projet BM (Pipeline),"Projet BM Pipeline approuve le 2026-12-16 (150 M USD). Signal AMONT : deploiement a venir en amont de l'appel d'offres. Cible : le titulaire qui executera, pas l'agence.",BMP-P517498,https://projects.worldbank.org/en/projects-operations/project-detail/P517498,,2026-12-16,nouveau,2026-08-13
2026-08-18,6.9,6.8,7.0,contacter,indetermine,PRIME Phase 2 - Renewable Energy IPP Support Guarantee,Ethiopian Electric Power,ETH,Projet BM (Pipeline),"Projet BM Pipeline approuve le 2026-12-15 (240 M USD). Signal AMONT : deploiement a venir en amont de l'appel d'offres. Cible : le titulaire qui executera, pas l'agence.",BMP-P515532,https://projects.worldbank.org/en/projects-operations/project-detail/P515532,,2026-12-15,nouveau,2026-08-13
2026-08-18,5.2,4.4,6.0,surveiller,indetermine,Syria Smallholder Transformation for Agriculture Revitalization Project,Ministry of Agriculture,SYR,Projet BM (Pipeline),"Projet BM Pipeline approuve le 2026-12-15 (175 M USD). Signal AMONT : deploiement a venir en amont de l'appel d'offres. Cible : le titulaire qui executera, pas l'agence.",BMP-P515346,https://projects.worldbank.org/en/projects-operations/project-detail/P515346,2033-02-18,2026-12-15,nouveau,2026-08-13
2026-08-18,4.2,4.4,4.0,ignorer,indetermine,Saint Paul 2 Hydropower Project Phase 1,Liberia Electricity Corporation,LBR,Projet BM (Pipeline),"Projet BM Pipeline approuve le 2026-12-10 (40 M USD). Signal AMONT : deploiement a venir en amont de l'appel d'offres. Cible : le titulaire qui executera, pas l'agence.",BMP-P516648,https://projects.worldbank.org/en/projects-operations/project-detail/P516648,2029-12-31,2026-12-10,nouveau,2026-08-13
2026-08-18,6.2,4.4,8.0,surveiller,indetermine,Kenya Urban Mobility Improvement Project,"Kenya Railways,Ministry of Roads and Transport",KEN,Projet BM (Pipeline),"Projet BM Pipeline approuve le 2026-12-10 (500 M USD). Signal AMONT : deploiement a venir en amont de l'appel d'offres. Cible : le titulaire qui executera, pas l'agence.",BMP-P515393,https://projects.worldbank.org/en/projects-operations/project-detail/P515393,2033-01-31,2026-12-10,nouveau,2026-08-13
2026-08-18,9.0,10.0,8.0,contacter,indetermine,Iraq: Program for Advancement of Transformational Higher Education for Jobs - Phase 1,Ministry of Higher Education and Scientific Research,IRQ,Projet BM (Pipeline),"Projet BM Pipeline approuve le 2026-12-10 (500 M USD). Signal AMONT : deploiement a venir en amont de l'appel d'offres. Cible : le titulaire qui executera, pas l'agence.",BMP-P510893,https://projects.worldbank.org/en/projects-operations/project-detail/P510893,,2026-12-10,nouveau,2026-08-13
2026-08-18,5.2,4.4,6.0,surveiller,indetermine,Sudan SANAD II -  Productive Safety Net Project,UNICEF,SDN,Projet BM (Pipeline),"Projet BM Pipeline approuve le 2026-12-04 (100 M USD). Signal AMONT : deploiement a venir en amont de l'appel d'offres. Cible : le titulaire qui executera, pas l'agence.",BMP-P514485,https://projects.worldbank.org/en/projects-operations/project-detail/P514485,2030-12-31,2026-12-04,nouveau,2026-08-13
2026-08-18,5.7,4.4,7.0,surveiller,indetermine,Uganda Health Services Transformation Program,Ministry of Health,UGA,Projet BM (Pipeline),"Projet BM Pipeline approuve le 2026-12-03 (300 M USD). Signal AMONT : deploiement a venir en amont de l'appel d'offres. Cible : le titulaire qui executera, pas l'agence.",BMP-P518373,https://projects.worldbank.org/en/projects-operations/project-detail/P518373,2032-12-02,2026-12-03,nouveau,2026-08-13
2026-08-18,4.2,4.4,4.0,ignorer,indetermine,Zambia Healthcare Innovation and Transformation Project,Ministry of Health,ZMB,Projet BM (Pipeline),"Projet BM Pipeline approuve le 2026-12-03 (40 M USD). Signal AMONT : deploiement a venir en amont de l'appel d'offres. Cible : le titulaire qui executera, pas l'agence.",BMP-P516062,https://projects.worldbank.org/en/projects-operations/project-detail/P516062,2032-01-30,2026-12-03,nouveau,2026-08-13
2026-08-18,5.2,4.4,6.0,surveiller,indetermine,Togo's Second Invest-4-Jobs Development Policy Financing (DPF) Operation,Presidency of the Council of Minister,TGO,Projet BM (Pipeline),"Projet BM Pipeline approuve le 2026-12-02 (125 M USD). Signal AMONT : deploiement a venir en amont de l'appel d'offres. Cible : le titulaire qui executera, pas l'agence.",BMP-P514125,https://projects.worldbank.org/en/projects-operations/project-detail/P514125,2027-12-31,2026-12-02,nouveau,2026-08-13
2026-08-18,5.7,4.4,7.0,surveiller,indetermine,Syria Railway Rehabilitation and Modernization Project,"Ministry of Transport,Project Management Team",SYR,Projet BM (Pipeline),"Projet BM Pipeline approuve le 2026-11-30 (200 M USD). Signal AMONT : deploiement a venir en amont de l'appel d'offres. Cible : le titulaire qui executera, pas l'agence.",BMP-P517871,https://projects.worldbank.org/en/projects-operations/project-detail/P517871,2032-03-31,2026-11-30,nouveau,2026-08-13
2026-08-18,8.0,10.0,6.0,contacter,indetermine,"Resilient, Equitable and Accessible Credit for Housing Project",Ukraine Finance Housing Company,UKR,Projet BM (Pipeline),"Projet BM Pipeline approuve le 2026-11-30 (110 M USD). Signal AMONT : deploiement a venir en amont de l'appel d'offres. Cible : le titulaire qui executera, pas l'agence.",BMP-P517177,https://projects.worldbank.org/en/projects-operations/project-detail/P517177,2030-06-30,2026-11-30,nouveau,2026-08-13
2026-08-18,6.9,6.8,7.0,contacter,indetermine,"Cameroon Electricity Sector Turnaround and Access Program  (CESTAP, Phase 1)","Société Nationale de Transport de l'Électricité (SONATREL),Agence de l'Electrification Rurale (AER),ENEO Cameroon S.A,Ministry of Water and Energy",CMR,Projet BM (Pipeline),"Projet BM Pipeline approuve le 2026-11-30 (450 M USD). Signal AMONT : deploiement a venir en amont de l'appel d'offres. Cible : le titulaire qui executera, pas l'agence.",BMP-P515197,https://projects.worldbank.org/en/projects-operations/project-detail/P515197,2032-06-30,2026-11-30,nouveau,2026-08-13
2026-08-18,8.0,10.0,6.0,contacter,indetermine,Afghanistan Rural Livelihoods Program,"Aga Khan Development Network,Food and Agriculture Organization (FAO)",AFG,Projet BM (Pipeline),"Projet BM Pipeline approuve le 2026-11-30 (132 M USD). Signal AMONT : deploiement a venir en amont de l'appel d'offres. Cible : le titulaire qui executera, pas l'agence.",BMP-P514302,https://projects.worldbank.org/en/projects-operations/project-detail/P514302,2029-12-31,2026-11-30,nouveau,2026-08-13
2026-08-18,6.0,10.0,2.0,surveiller,indetermine,Youth Empowerment Support in Ukraine Project,ISAR Ednannia,UKR,Projet BM (Pipeline),"Projet BM Pipeline approuve le 2026-11-30 (montant n.c.). Signal AMONT : deploiement a venir en amont de l'appel d'offres. Cible : le titulaire qui executera, pas l'agence.",BMP-P505079,https://projects.worldbank.org/en/projects-operations/project-detail/P505079,2030-10-02,2026-11-30,nouveau,2026-08-13
2026-08-18,3.2,4.4,2.0,ignorer,indetermine,Zimbabwe Renewable Energy Procurement Technical Assistance Project,"Ministry of Energy and Power Development,Zimbabwe Electricity Transmission and Distribution Company",ZWE,Projet BM (Active),"Projet BM Active approuve le 2026-11-26 (montant n.c.). Signal AMONT : deploiement a venir en amont de l'appel d'offres. Cible : le titulaire qui executera, pas l'agence.",BMP-P511160,https://projects.worldbank.org/en/projects-operations/project-detail/P511160,2027-06-30,2026-11-26,nouveau,2026-08-13
2026-08-18,5.7,4.4,7.0,surveiller,indetermine,Kenya Support to National Irrigation Sector Investment Program - Kenya Resilient Irrigation for a Sustainable Economy,"Ministry of Water, Sanitation and Irrigation (MoWSI)",KEN,Projet BM (Pipeline),"Projet BM Pipeline approuve le 2026-11-25 (250 M USD). Signal AMONT : deploiement a venir en amont de l'appel d'offres. Cible : le titulaire qui executera, pas l'agence.",BMP-P517436,https://projects.worldbank.org/en/projects-operations/project-detail/P517436,2032-05-14,2026-11-25,nouveau,2026-08-13
2026-08-18,6.2,4.4,8.0,surveiller,indetermine,Kenya Agribusiness Value Chains Development Project (KAVDP),Ministry of Agriculture and Livestock Development,KEN,Projet BM (Pipeline),"Projet BM Pipeline approuve le 2026-11-25 (500 M USD). Signal AMONT : deploiement a venir en amont de l'appel d'offres. Cible : le titulaire qui executera, pas l'agence.",BMP-P517246,https://projects.worldbank.org/en/projects-operations/project-detail/P517246,2031-12-01,2026-11-25,nouveau,2026-08-13
2026-08-18,6.9,6.8,7.0,contacter,indetermine,"Sindh Transformational Accelerated Rural Water Supply, Sanitation and Hygiene Services Phase 1 Project",Sindh People's Housing for Flood Affectees (SPHF),PAK,Projet BM (Pipeline),"Projet BM Pipeline approuve le 2026-11-25 (300 M USD). Signal AMONT : deploiement a venir en amont de l'appel d'offres. Cible : le titulaire qui executera, pas l'agence.",BMP-P515194,https://projects.worldbank.org/en/projects-operations/project-detail/P515194,2032-07-30,2026-11-25,nouveau,2026-08-13
2026-08-18,8.0,10.0,6.0,contacter,indetermine,RESILAND Mali Landscape Restoration Project,,MLI,Projet BM (Pipeline),"Projet BM Pipeline approuve le 2026-11-19 (150 M USD). Signal AMONT : deploiement a venir en amont de l'appel d'offres. Cible : le titulaire qui executera, pas l'agence.",BMP-P516060,https://projects.worldbank.org/en/projects-operations/project-detail/P516060,,2026-11-19,nouveau,2026-08-13
2026-08-18,3.2,4.4,2.0,ignorer,indetermine,Sudan Transition to Agriculture Recovery and Resilience Project,A UN Agency or an INGO,SDN,Projet BM (Pipeline),"Projet BM Pipeline approuve le 2026-11-19 (montant n.c.). Signal AMONT : deploiement a venir en amont de l'appel d'offres. Cible : le titulaire qui executera, pas l'agence.",BMP-P514272,https://projects.worldbank.org/en/projects-operations/project-detail/P514272,2029-12-31,2026-11-19,nouveau,2026-08-13
2026-08-18,5.2,4.4,6.0,surveiller,indetermine,Tanzania: Uganda-Tanzania Interconnector Project,Tanzania Electric Supply Company Limited (TANESCO),TZA,Projet BM (Pipeline),"Projet BM Pipeline approuve le 2026-11-18 (194 M USD). Signal AMONT : deploiement a venir en amont de l'appel d'offres. Cible : le titulaire qui executera, pas l'agence.",BMP-P512145,https://projects.worldbank.org/en/projects-operations/project-detail/P512145,2031-12-31,2026-11-18,nouveau,2026-08-13
2026-08-18,5.7,4.4,7.0,surveiller,indetermine,Accelerating Sustainable and Clean Energy Access Transformation in Kenya,"Rural Electrification and Renewable Energy Corporation,The Ministry of Energy and Petroleum",KEN,Projet BM (Pipeline),"Projet BM Pipeline approuve le 2026-11-16 (250 M USD). Signal AMONT : deploiement a venir en amont de l'appel d'offres. Cible : le titulaire qui executera, pas l'agence.",BMP-P515398,https://projects.worldbank.org/en/projects-operations/project-detail/P515398,2030-06-30,2026-11-16,nouveau,2026-08-13
2026-08-18,4.7,4.4,5.0,surveiller,indetermine,Syria Integrated Education Recovery Project,Ministry of Education,SYR,Projet BM (Pipeline),"Projet BM Pipeline approuve le 2026-11-12 (65 M USD). Signal AMONT : deploiement a venir en amont de l'appel d'offres. Cible : le titulaire qui executera, pas l'agence.",BMP-P515981,https://projects.worldbank.org/en/projects-operations/project-detail/P515981,2031-11-17,2026-11-12,nouveau,2026-08-13
2026-08-18,6.4,6.8,6.0,surveiller,indetermine,Systematic Primary Health Care Improvement for Outcomes in Samarkand,Ministry of Economy and Finance,UZB,Projet BM (Pipeline),"Projet BM Pipeline approuve le 2026-11-12 (100 M USD). Signal AMONT : deploiement a venir en amont de l'appel d'offres. Cible : le titulaire qui executera, pas l'agence.",BMP-P512882,https://projects.worldbank.org/en/projects-operations/project-detail/P512882,2028-12-31,2026-11-12,nouveau,2026-08-13
2026-08-18,4.2,4.4,4.0,ignorer,indetermine,Tajikistan Disaster Risk Management Development Policy Financing with Cat DDO,Ministry of Finance,TJK,Projet BM (Pipeline),"Projet BM Pipeline approuve le 2026-11-09 (40 M USD). Signal AMONT : deploiement a venir en amont de l'appel d'offres. Cible : le titulaire qui executera, pas l'agence.",BMP-P515376,https://projects.worldbank.org/en/projects-operations/project-detail/P515376,2029-06-15,2026-11-09,nouveau,2026-08-13
2026-08-18,8.5,10.0,7.0,contacter,indetermine,DRC: Scaling-Up Water Supply and Sanitation Access in Kinshasa Project,Ministry of Water Resources and Electricity,COD,Projet BM (Pipeline),"Projet BM Pipeline approuve le 2026-11-06 (200 M USD). Signal AMONT : deploiement a venir en amont de l'appel d'offres. Cible : le titulaire qui executera, pas l'agence.",BMP-P513301,https://projects.worldbank.org/en/projects-operations/project-detail/P513301,2031-12-26,2026-11-06,nouveau,2026-08-13
2026-08-18,5.9,6.8,5.0,surveiller,indetermine,Modernizing Ethiopia’s Statistical System,Ethiopian Statistical Service,ETH,Projet BM (Pipeline),"Projet BM Pipeline approuve le 2026-11-05 (50 M USD). Signal AMONT : deploiement a venir en amont de l'appel d'offres. Cible : le titulaire qui executera, pas l'agence.",BMP-P513304,https://projects.worldbank.org/en/projects-operations/project-detail/P513304,,2026-11-05,nouveau,2026-08-13
2026-08-18,7.4,6.8,8.0,contacter,indetermine,Second Advancing Global Integration and Market Transition Uzbekistan Programmatic Development Policy Operation,Ministry of Economy and Finance of Uzbekistan,UZB,Projet BM (Pipeline),"Projet BM Pipeline approuve le 2026-11-05 (800 M USD). Signal AMONT : deploiement a venir en amont de l'appel d'offres. Cible : le titulaire qui executera, pas l'agence.",BMP-P511921,https://projects.worldbank.org/en/projects-operations/project-detail/P511921,2029-06-29,2026-11-05,nouveau,2026-08-13
2026-08-18,8.0,10.0,6.0,contacter,indetermine,RESILAND Niger Integrated Landscape Management Project,,NER,Projet BM (Pipeline),"Projet BM Pipeline approuve le 2026-10-30 (150 M USD). Signal AMONT : deploiement a venir en amont de l'appel d'offres. Cible : le titulaire qui executera, pas l'agence.",BMP-P516380,https://projects.worldbank.org/en/projects-operations/project-detail/P516380,,2026-10-30,nouveau,2026-08-13
2026-08-18,6.9,6.8,7.0,contacter,indetermine,"Resilience, Early Action, and Disaster Readiness for Khyber Pakhtunkhwa","Province of Khyber Pakhtunkhwa, Relief, Rehabilitation and Settlement Department,Province of Khyber Pakhtunkhwa, Irrigation Department",PAK,Projet BM (Pipeline),"Projet BM Pipeline approuve le 2026-10-30 (250 M USD). Signal AMONT : deploiement a venir en amont de l'appel d'offres. Cible : le titulaire qui executera, pas l'agence.",BMP-P512715,https://projects.worldbank.org/en/projects-operations/project-detail/P512715,2031-11-12,2026-10-30,nouveau,2026-08-13
2026-08-18,5.9,6.8,5.0,surveiller,indetermine,Pakistan Finance for Lowering Emissions in the Water and Waste Sectors,"Ministry of Climate Change & Environmental Coordination,Punjab Planning & Development Board,Sindh Planning & Development Department",PAK,Projet BM (Pipeline),"Projet BM Pipeline approuve le 2026-10-30 (50 M USD). Signal AMONT : deploiement a venir en amont de l'appel d'offres. Cible : le titulaire qui executera, pas l'agence.",BMP-P510667,https://projects.worldbank.org/en/projects-operations/project-detail/P510667,2031-06-30,2026-10-30,nouveau,2026-08-13
2026-08-18,6.9,6.8,7.0,contacter,indetermine,"Cameroon Third Fiscal Sustainability, Inclusive and Sustainable Growth Development Policy Financing",MInistry of Finance,CMR,Projet BM (Pipeline),"Projet BM Pipeline approuve le 2026-10-30 (200 M USD). Signal AMONT : deploiement a venir en amont de l'appel d'offres. Cible : le titulaire qui executera, pas l'agence.",BMP-P509830,https://projects.worldbank.org/en/projects-operations/project-detail/P509830,2028-07-31,2026-10-30,nouveau,2026-08-13
2026-08-18,4.2,4.4,4.0,ignorer,indetermine,Early Childhood Development to Build Tajikistan’s Human Capital Project,,TJK,Projet BM (Pipeline),"Projet BM Pipeline approuve le 2026-10-29 (45 M USD). Signal AMONT : deploiement a venir en amont de l'appel d'offres. Cible : le titulaire qui executera, pas l'agence.",BMP-P516431,https://projects.worldbank.org/en/projects-operations/project-detail/P516431,,2026-10-29,nouveau,2026-08-13
2026-08-18,6.9,6.8,7.0,contacter,indetermine,Pakistan Public Resources for Inclusive Development Multiphase Programmatic Approach: Khyber Pakhtunkhwa,Government of Khyber Pakhtunkhwa. Finance Department,PAK,Projet BM (Pipeline),"Projet BM Pipeline approuve le 2026-10-29 (200 M USD). Signal AMONT : deploiement a venir en amont de l'appel d'offres. Cible : le titulaire qui executera, pas l'agence.",BMP-P515269,https://projects.worldbank.org/en/projects-operations/project-detail/P515269,2031-10-01,2026-10-29,nouveau,2026-08-13
2026-08-18,4.2,4.4,4.0,ignorer,indetermine,SALONE Public Resource Management for Jobs and Growth PforR,Ministry of Finance,SLE,Projet BM (Pipeline),"Projet BM Pipeline approuve le 2026-10-29 (40 M USD). Signal AMONT : deploiement a venir en amont de l'appel d'offres. Cible : le titulaire qui executera, pas l'agence.",BMP-P514789,https://projects.worldbank.org/en/projects-operations/project-detail/P514789,,2026-10-29,nouveau,2026-08-13
2026-08-18,6.4,6.8,6.0,surveiller,indetermine,Mozambique Program to Strengthen Public Expenditure for Results,"Ministry of Finance ,Ministry of State Administration (MAEFP)",MOZ,Projet BM (Pipeline),"Projet BM Pipeline approuve le 2026-10-28 (150 M USD). Signal AMONT : deploiement a venir en amont de l'appel d'offres. Cible : le titulaire qui executera, pas l'agence.",BMP-P514896,https://projects.worldbank.org/en/projects-operations/project-detail/P514896,2031-06-30,2026-10-28,nouveau,2026-08-13
2026-08-18,8.0,10.0,6.0,contacter,indetermine,Yemen Agribusiness Program Phase 1,"World Food Programme ,Food and Agriculture Organization of the United Nations",YEM,Projet BM (Pipeline),"Projet BM Pipeline approuve le 2026-10-27 (100 M USD). Signal AMONT : deploiement a venir en amont de l'appel d'offres. Cible : le titulaire qui executera, pas l'agence.",BMP-P511417,https://projects.worldbank.org/en/projects-operations/project-detail/P511417,2033-09-15,2026-10-27,nouveau,2026-08-13
2026-08-18,8.0,10.0,6.0,contacter,indetermine,Recovery of Electricity Sector for Equitable Transition in Yemen (RESET),United Nations Office for Project Services,YEM,Projet BM (Pipeline),"Projet BM Pipeline approuve le 2026-10-23 (120 M USD). Signal AMONT : deploiement a venir en amont de l'appel d'offres. Cible : le titulaire qui executera, pas l'agence.",BMP-P516972,https://projects.worldbank.org/en/projects-operations/project-detail/P516972,2031-12-31,2026-10-23,nouveau,2026-08-13
2026-08-18,9.0,10.0,8.0,contacter,indetermine,National Action for Healthy Rivers and Resilient Water Services,"Mayoralty of Baghdad,Ministry of Construction, Housing, Municipalities and Public Works",IRQ,Projet BM (Pipeline),"Projet BM Pipeline approuve le 2026-10-22 (600 M USD). Signal AMONT : deploiement a venir en amont de l'appel d'offres. Cible : le titulaire qui executera, pas l'agence.",BMP-P513829,https://projects.worldbank.org/en/projects-operations/project-detail/P513829,2034-12-29,2026-10-22,nouveau,2026-08-13
2026-08-18,4.2,4.4,4.0,ignorer,indetermine,Liberia Forest Economy Project (LiFE-P),Forestry Development Authority,LBR,Projet BM (Pipeline),"Projet BM Pipeline approuve le 2026-10-22 (40 M USD). Signal AMONT : deploiement a venir en amont de l'appel d'offres. Cible : le titulaire qui executera, pas l'agence.",BMP-P508345,https://projects.worldbank.org/en/projects-operations/project-detail/P508345,2032-05-30,2026-10-22,nouveau,2026-08-13
2026-08-18,8.0,10.0,6.0,contacter,indetermine,DRC Development of Statistical Capacity to Improve Decision-Making (DECIDE) Project,"Institut National de la Statistique,Ministry of Planning and Coordination of Development Aid",COD,Projet BM (Pipeline),"Projet BM Pipeline approuve le 2026-10-09 (102 M USD). Signal AMONT : deploiement a venir en amont de l'appel d'offres. Cible : le titulaire qui executera, pas l'agence.",BMP-P513798,https://projects.worldbank.org/en/projects-operations/project-detail/P513798,2031-06-30,2026-10-09,nouveau,2026-08-13
2026-08-18,5.7,4.4,7.0,surveiller,indetermine,Second Program for Strengthening Governance for Enabling Service Delivery and Public Investment in Kenya,,KEN,Projet BM (Pipeline),"Projet BM Pipeline approuve le 2026-09-25 (200 M USD). Signal AMONT : deploiement a venir en amont de l'appel d'offres. Cible : le titulaire qui executera, pas l'agence.",BMP-P517286,https://projects.worldbank.org/en/projects-operations/project-detail/P517286,,2026-09-25,nouveau,2026-08-13
2026-08-18,8.0,10.0,6.0,contacter,indetermine,Niger Accelerating Electricity Access Project MPA Phase 2 (Haske 2),"Agence nigérienne de promotion de l’électrification en milieu rural (ANPER),Société nigérienne d’électricité (NIGELEC)",NER,Projet BM (Pipeline),"Projet BM Pipeline approuve le 2026-09-30 (100 M USD). Signal AMONT : deploiement a venir en amont de l'appel d'offres. Cible : le titulaire qui executera, pas l'agence.",BMP-P517277,https://projects.worldbank.org/en/projects-operations/project-detail/P517277,2030-12-30,2026-09-30,nouveau,2026-08-13
2026-08-18,3.7,4.4,3.0,ignorer,indetermine,Djibouti Digital Foundations Project,,DJI,Projet BM (Pipeline),"Projet BM Pipeline approuve le 2026-09-30 (10 M USD). Signal AMONT : deploiement a venir en amont de l'appel d'offres. Cible : le titulaire qui executera, pas l'agence.",BMP-P515866,https://projects.worldbank.org/en/projects-operations/project-detail/P515866,,2026-09-30,nouveau,2026-08-13
2026-08-18,4.4,6.8,2.0,ignorer,indetermine,"Smallholder Transformation through Access to Markets, Learning, and Livestock Finance in Uzbekistan",Committee for Veterinary and Livestock Development,UZB,Projet BM (Pipeline),"Projet BM Pipeline approuve le 2026-09-30 (3 M USD). Signal AMONT : deploiement a venir en amont de l'appel d'offres. Cible : le titulaire qui executera, pas l'agence.",BMP-P515458,https://projects.worldbank.org/en/projects-operations/project-detail/P515458,2028-12-31,2026-09-30,nouveau,2026-08-13
2026-08-18,8.5,10.0,7.0,contacter,indetermine,Renewable Acceleration and Market Development for Ukraine Project,National Development Instituion,UKR,Projet BM (Pipeline),"Projet BM Pipeline approuve le 2026-09-30 (370 M USD). Signal AMONT : deploiement a venir en amont de l'appel d'offres. Cible : le titulaire qui executera, pas l'agence.",BMP-P515275,https://projects.worldbank.org/en/projects-operations/project-detail/P515275,2030-12-31,2026-09-30,nouveau,2026-08-13
2026-08-18,6.4,6.8,6.0,surveiller,indetermine,Pakistan: Resilient and Accessible Microfinance (RAM) Project,,PAK,Projet BM (Pipeline),"Projet BM Pipeline approuve le 2026-09-30 (150 M USD). Signal AMONT : deploiement a venir en amont de l'appel d'offres. Cible : le titulaire qui executera, pas l'agence.",BMP-P515212,https://projects.worldbank.org/en/projects-operations/project-detail/P515212,,2026-09-30,nouveau,2026-08-13
2026-08-18,6.4,6.8,6.0,surveiller,indetermine,Uzbekistan Modernization of Electricity Distribution Systems Program,"JSC ""National Electric Grid of Uzbekistan"",Ministry of Economy and Finance",UZB,Projet BM (Pipeline),"Projet BM Pipeline approuve le 2026-09-30 (100 M USD). Signal AMONT : deploiement a venir en amont de l'appel d'offres. Cible : le titulaire qui executera, pas l'agence.",BMP-P514733,https://projects.worldbank.org/en/projects-operations/project-detail/P514733,2030-12-31,2026-09-30,nouveau,2026-08-13
2026-08-18,5.7,4.4,7.0,surveiller,indetermine,Accelerating Sustainable and Clean Energy Access Transformation in Uganda,"Uganda Electricity Distribution Company Limited,Uganda Energy Credit Capitalisation Company",UGA,Projet BM (Pipeline),"Projet BM Pipeline approuve le 2026-09-30 (250 M USD). Signal AMONT : deploiement a venir en amont de l'appel d'offres. Cible : le titulaire qui executera, pas l'agence.",BMP-P514490,https://projects.worldbank.org/en/projects-operations/project-detail/P514490,2030-06-28,2026-09-30,nouveau,2026-08-13
2026-08-18,8.5,10.0,7.0,contacter,indetermine,Enhancing Collection of Revenue and Expenditure Management Project,,COD,Projet BM (Pipeline),"Projet BM Pipeline approuve le 2026-09-25 (200 M USD). Signal AMONT : deploiement a venir en amont de l'appel d'offres. Cible : le titulaire qui executera, pas l'agence.",BMP-P511071,https://projects.worldbank.org/en/projects-operations/project-detail/P511071,,2026-09-25,nouveau,2026-08-13
2026-08-18,3.2,4.4,2.0,ignorer,indetermine,One Health Approach to Drive Resilience and Recovery in Lebanon,Ministry of Public Health,LBN,Projet BM (Pipeline),"Projet BM Pipeline approuve le 2026-09-30 (3 M USD). Signal AMONT : deploiement a venir en amont de l'appel d'offres. Cible : le titulaire qui executera, pas l'agence.",BMP-P509776,https://projects.worldbank.org/en/projects-operations/project-detail/P509776,2027-12-31,2026-09-30,nouveau,2026-08-13
2026-08-18,6.0,10.0,2.0,surveiller,indetermine,Strengthening the Capacity of the State Agrarian Register in Ukraine,"Ministry of Economy, Environment and Agriculture",UKR,Projet BM (Pipeline),"Projet BM Pipeline approuve le 2026-09-30 (montant n.c.). Signal AMONT : deploiement a venir en amont de l'appel d'offres. Cible : le titulaire qui executera, pas l'agence.",BMP-P506719,https://projects.worldbank.org/en/projects-operations/project-detail/P506719,2029-01-31,2026-09-30,nouveau,2026-08-13
2026-08-18,4.4,6.8,2.0,ignorer,indetermine,Regenerative Agriculture for Agro-Pastoral Livelihoods in Ethiopia,Ministry of Irrigation and Lowlands (MILLs),ETH,Projet BM (Pipeline),"Projet BM Pipeline approuve le 2026-09-30 (3 M USD). Signal AMONT : deploiement a venir en amont de l'appel d'offres. Cible : le titulaire qui executera, pas l'agence.",BMP-P505075,https://projects.worldbank.org/en/projects-operations/project-detail/P505075,2029-10-31,2026-09-30,nouveau,2026-08-13
2026-08-18,5.9,6.8,5.0,surveiller,indetermine,Moldova Energy Efficiency Revolving Mechanism Project,"Ministry of Energy,National Centre for Sustainable Energy (CNED)",MDA,Projet BM (Pipeline),"Projet BM Pipeline approuve le 2026-09-25 (50 M USD). Signal AMONT : deploiement a venir en amont de l'appel d'offres. Cible : le titulaire qui executera, pas l'agence.",BMP-P510426,https://projects.worldbank.org/en/projects-operations/project-detail/P510426,2031-12-30,2026-09-25,nouveau,2026-08-13
2026-08-18,7.5,10.0,5.0,contacter,indetermine,Afghanistan Human Capital and Jobs,"Aga Khan Development Network (AKDN),United Nations Children's Fund,World Food Programme",AFG,Projet BM (Pipeline),"Projet BM Pipeline approuve le 2026-09-24 (95 M USD). Signal AMONT : deploiement a venir en amont de l'appel d'offres. Cible : le titulaire qui executera, pas l'agence.",BMP-P514193,https://projects.worldbank.org/en/projects-operations/project-detail/P514193,2028-12-31,2026-09-24,nouveau,2026-08-13
2026-08-18,6.5,10.0,3.0,contacter,indetermine,Afghanistan Private Sector Resilience Project,"Afghan Credit Guarantee Foundation,United Nations Office for Project Services (UNOPS)",AFG,Projet BM (Pipeline),"Projet BM Pipeline approuve le 2026-09-24 (15 M USD). Signal AMONT : deploiement a venir en amont de l'appel d'offres. Cible : le titulaire qui executera, pas l'agence.",BMP-P512394,https://projects.worldbank.org/en/projects-operations/project-detail/P512394,2029-10-31,2026-09-24,nouveau,2026-08-13
2026-08-18,6.9,6.8,7.0,contacter,indetermine,Agribusiness Value Chains Development Program,"Ministry of Agriculture, Environment and Fisheries",MOZ,Projet BM (Pipeline),"Projet BM Pipeline approuve le 2026-09-23 (250 M USD). Signal AMONT : deploiement a venir en amont de l'appel d'offres. Cible : le titulaire qui executera, pas l'agence.",BMP-P513560,https://projects.worldbank.org/en/projects-operations/project-detail/P513560,2031-08-31,2026-09-23,nouveau,2026-08-13
2026-08-18,8.5,10.0,7.0,contacter,indetermine,Mali Electricity Sector Improvement Program - Phase 1,Energie du Mali - SA,MLI,Projet BM (Pipeline),"Projet BM Pipeline approuve le 2026-09-22 (252 M USD). Signal AMONT : deploiement a venir en amont de l'appel d'offres. Cible : le titulaire qui executera, pas l'agence.",BMP-P516046,https://projects.worldbank.org/en/projects-operations/project-detail/P516046,2031-06-30,2026-09-22,nouveau,2026-08-13
2026-08-18,3.7,4.4,3.0,ignorer,indetermine,EAGER Zimbabwe - Advancing Girls' and Women's Empowerment Project,"Ministry of Health and Child Care ,Ministry of Public Service, Labour and Social Welfare,Ministry of Women Affairs, Community and Small and Medium Enterprises Development",ZWE,Projet BM (Pipeline),"Projet BM Pipeline approuve le 2026-09-16 (21 M USD). Signal AMONT : deploiement a venir en amont de l'appel d'offres. Cible : le titulaire qui executera, pas l'agence.",BMP-P514096,https://projects.worldbank.org/en/projects-operations/project-detail/P514096,2029-06-29,2026-09-16,nouveau,2026-08-13
2026-08-18,4.2,4.4,4.0,ignorer,indetermine,The Gambia Water and Sanitation Project,National Water and Electricity Company (NAWEC),GMB,Projet BM (Pipeline),"Projet BM Pipeline approuve le 2026-09-15 (30 M USD). Signal AMONT : deploiement a venir en amont de l'appel d'offres. Cible : le titulaire qui executera, pas l'agence.",BMP-P513113,https://projects.worldbank.org/en/projects-operations/project-detail/P513113,2031-12-31,2026-09-15,nouveau,2026-08-13
2026-08-18,5.2,4.4,6.0,surveiller,indetermine,Integrated Social Protection for Resilience and Opportunity Project,National Local Government  Finance Committee,MWI,Projet BM (Pipeline),"Projet BM Pipeline approuve le 2026-09-15 (110 M USD). Signal AMONT : deploiement a venir en amont de l'appel d'offres. Cible : le titulaire qui executera, pas l'agence.",BMP-P512324,https://projects.worldbank.org/en/projects-operations/project-detail/P512324,2029-12-31,2026-09-15,nouveau,2026-08-13
2026-08-18,4.7,4.4,5.0,surveiller,indetermine,Burundi Integrated Community Development Project,,BDI,Projet BM (Pipeline),"Projet BM Pipeline approuve le 2026-09-15 (52 M USD). Signal AMONT : deploiement a venir en amont de l'appel d'offres. Cible : le titulaire qui executera, pas l'agence.",BMP-P511988,https://projects.worldbank.org/en/projects-operations/project-detail/P511988,,2026-09-15,nouveau,2026-08-13
2026-08-18,6.0,10.0,2.0,surveiller,indetermine,Strengthening Ukraine’s Statistical Systems for Recovery and Reform,State Statistics Service of Ukraine,UKR,Projet BM (Pipeline),"Projet BM Pipeline approuve le 2026-09-07 (montant n.c.). Signal AMONT : deploiement a venir en amont de l'appel d'offres. Cible : le titulaire qui executera, pas l'agence.",BMP-P514828,https://projects.worldbank.org/en/projects-operations/project-detail/P514828,2029-03-01,2026-09-07,nouveau,2026-08-13
2026-08-18,5.7,4.4,7.0,surveiller,indetermine,Tanzania Food Systems Resilience Program,,TZA,Projet BM (Pipeline),"Projet BM Pipeline approuve le 2026-09-07 (200 M USD). Signal AMONT : deploiement a venir en amont de l'appel d'offres. Cible : le titulaire qui executera, pas l'agence.",BMP-P513350,https://projects.worldbank.org/en/projects-operations/project-detail/P513350,,2026-09-07,nouveau,2026-08-13
2026-08-18,3.2,4.4,2.0,ignorer,indetermine,Solar Energy in Local Communities,,BDI,Projet BM (Pipeline),"Projet BM Pipeline approuve le 2026-09-04 (5 M USD). Signal AMONT : deploiement a venir en amont de l'appel d'offres. Cible : le titulaire qui executera, pas l'agence.",BMP-P516490,https://projects.worldbank.org/en/projects-operations/project-detail/P516490,,2026-09-04,nouveau,2026-08-13
2026-08-18,4.2,4.4,4.0,ignorer,indetermine,Gambia DPF2 FY27,Ministry of Finance and Economic Affairs,GMB,Projet BM (Pipeline),"Projet BM Pipeline approuve le 2026-09-04 (30 M USD). Signal AMONT : deploiement a venir en amont de l'appel d'offres. Cible : le titulaire qui executera, pas l'agence.",BMP-P512069,https://projects.worldbank.org/en/projects-operations/project-detail/P512069,2028-03-11,2026-09-04,nouveau,2026-08-13
2026-08-18,8.0,10.0,6.0,contacter,indetermine,Burkina Faso Emergency Local Development and Resilience Project,,BFA,Projet BM (Pipeline),"Projet BM Pipeline approuve le 2026-09-01 (100 M USD). Signal AMONT : deploiement a venir en amont de l'appel d'offres. Cible : le titulaire qui executera, pas l'agence.",BMP-P515287,https://projects.worldbank.org/en/projects-operations/project-detail/P515287,,2026-09-01,nouveau,2026-08-13
2026-08-18,4.7,4.4,5.0,surveiller,indetermine,"Advancing Learning, Entrepreneurship, and Markets for Artificial Intelligence",Ministry of Artificial Intelligence and Digital Development,KAZ,Projet BM (Pipeline),"Projet BM Pipeline approuve le 2026-09-01 (75 M USD). Signal AMONT : deploiement a venir en amont de l'appel d'offres. Cible : le titulaire qui executera, pas l'agence.",BMP-P513072,https://projects.worldbank.org/en/projects-operations/project-detail/P513072,2031-12-31,2026-09-01,nouveau,2026-08-13
2026-08-18,5.2,4.4,6.0,surveiller,indetermine,Project for Advancing Gender Equality in Tanzania (PAMOJA),,TZA,Projet BM (Pipeline),"Projet BM Pipeline approuve le 2026-09-01 (150 M USD). Signal AMONT : deploiement a venir en amont de l'appel d'offres. Cible : le titulaire qui executera, pas l'agence.",BMP-P508552,https://projects.worldbank.org/en/projects-operations/project-detail/P508552,,2026-09-01,nouveau,2026-08-13
2026-08-18,4.7,4.4,5.0,surveiller,indetermine,Health Security Program in Western and Central Africa - Phase IV,Gabon Ministry of Health,GAB,Projet BM (Pipeline),"Projet BM Pipeline approuve le 2026-08-31 (51 M USD). Signal AMONT : deploiement a venir en amont de l'appel d'offres. Cible : le titulaire qui executera, pas l'agence.",BMP-P516708,https://projects.worldbank.org/en/projects-operations/project-detail/P516708,2031-07-31,2026-08-31,nouveau,2026-08-13
2026-08-18,3.2,4.4,2.0,ignorer,indetermine,"Malawi Health Emergency Preparedness, Response and Resilience Project Using the Multiphase Programmatic Approach",,MWI,Projet BM (Pipeline),"Projet BM Pipeline approuve le 2026-08-31 (montant n.c.). Signal AMONT : deploiement a venir en amont de l'appel d'offres. Cible : le titulaire qui executera, pas l'agence.",BMP-P516466,https://projects.worldbank.org/en/projects-operations/project-detail/P516466,,2026-08-31,nouveau,2026-08-13
2026-08-18,6.0,10.0,2.0,surveiller,indetermine,SupTech Implementation for National Bank of Ukraine (NBU),National Bank of Ukraine,UKR,Projet BM (Pipeline),"Projet BM Pipeline approuve le 2026-08-31 (montant n.c.). Signal AMONT : deploiement a venir en amont de l'appel d'offres. Cible : le titulaire qui executera, pas l'agence.",BMP-P513816,https://projects.worldbank.org/en/projects-operations/project-detail/P513816,2028-06-29,2026-08-31,nouveau,2026-08-13
2026-08-18,3.2,4.4,2.0,ignorer,indetermine,Kyrgyz Republic: Rural Sanitation and Fecal Sludge Management Project,Department for Drinking Water Supply and Wastewater Disposal,KGZ,Projet BM (Pipeline),"Projet BM Pipeline approuve le 2026-08-31 (montant n.c.). Signal AMONT : deploiement a venir en amont de l'appel d'offres. Cible : le titulaire qui executera, pas l'agence.",BMP-P509563,https://projects.worldbank.org/en/projects-operations/project-detail/P509563,2030-06-28,2026-08-31,nouveau,2026-08-13
2026-08-18,9.0,10.0,8.0,contacter,indetermine,Public Expenditures for Administrative Capacity Endurance (PEACE) in Ukraine,,UKR,Projet BM (Pipeline),"Projet BM Pipeline approuve le 2026-08-26 (841 M USD). Signal AMONT : deploiement a venir en amont de l'appel d'offres. Cible : le titulaire qui executera, pas l'agence.",BMP-P517178,https://projects.worldbank.org/en/projects-operations/project-detail/P517178,,2026-08-26,nouveau,2026-08-13
2026-08-18,4.4,6.8,2.0,ignorer,indetermine,TerraMoldova: Expanding Sustainable Land and Biodiversity Management,"Ministry of Environment,National Office for Environmental Projects Implementation (NOEPI)",MDA,Projet BM (Pipeline),"Projet BM Pipeline approuve le 2026-08-20 (montant n.c.). Signal AMONT : deploiement a venir en amont de l'appel d'offres. Cible : le titulaire qui executera, pas l'agence.",BMP-P514338,https://projects.worldbank.org/en/projects-operations/project-detail/P514338,2031-06-30,2026-08-20,nouveau,2026-08-13
2026-08-18,3.2,4.4,2.0,ignorer,indetermine,Sustainable Urban and Peri-Urban Agriculture for Women Empowerment Project,"Ministry of Agriculture, Government of Liberia",LBR,Projet BM (Pipeline),"Projet BM Pipeline approuve le 2026-08-15 (5 M USD). Signal AMONT : deploiement a venir en amont de l'appel d'offres. Cible : le titulaire qui executera, pas l'agence.",BMP-P510360,https://projects.worldbank.org/en/projects-operations/project-detail/P510360,2029-06-29,2026-08-15,nouveau,2026-08-13
2026-08-18,4.7,4.4,5.0,surveiller,court_terme,Republic of Congo - Poultry and Aquaculture Development Project,Ministry of Agriculture Livestock and Fisheries,COG,Projet BM (Active),"Projet BM Active approuve le 2026-08-07 (60 M USD). Signal AMONT : deploiement a venir en amont de l'appel d'offres. Cible : le titulaire qui executera, pas l'agence.",BMP-P505271,https://projects.worldbank.org/en/projects-operations/project-detail/P505271,2031-10-30,2026-08-07,nouveau,2026-08-13
2026-08-18,5.2,4.4,6.0,surveiller,indetermine,Syria Financial Sector Modernization Project,Central Bank of Syria,SYR,Projet BM (Pipeline),"Projet BM Pipeline approuve le 2026-08-06 (100 M USD). Signal AMONT : deploiement a venir en amont de l'appel d'offres. Cible : le titulaire qui executera, pas l'agence.",BMP-P517399,https://projects.worldbank.org/en/projects-operations/project-detail/P517399,2031-10-31,2026-08-06,nouveau,2026-08-13
2026-08-18,3.2,4.4,2.0,ignorer,court_terme,Incentivizing Nutrition-Sensitive and Climate-Smart Investments among Poor Households,FAS Local Development Institute (FAS-IDL),AGO,Projet BM (Active),"Projet BM Active approuve le 2026-08-04 (3 M USD). Signal AMONT : deploiement a venir en amont de l'appel d'offres. Cible : le titulaire qui executera, pas l'agence.",BMP-P506027,https://projects.worldbank.org/en/projects-operations/project-detail/P506027,2029-07-31,2026-08-04,nouveau,2026-08-13
2026-08-18,3.2,4.4,2.0,ignorer,indetermine,Street-Connected Children and Adolescents Socio-Economic Inclusion Project,Street Child (Grant Recipient and lead implementing agency),BDI,Projet BM (Pipeline),"Projet BM Pipeline approuve le 2026-07-30 (5 M USD). Signal AMONT : deploiement a venir en amont de l'appel d'offres. Cible : le titulaire qui executera, pas l'agence.",BMP-P511192,https://projects.worldbank.org/en/projects-operations/project-detail/P511192,2030-09-30,2026-07-30,nouveau,2026-08-13
2026-08-18,3.2,4.4,2.0,ignorer,court_terme,Burundi: Supporting youth-at-risk through the creative sector,"MINISTRY OF LABOR, CIVIL SERVICE AND SOCIAL SECURITY",BDI,Projet BM (Active),"Projet BM Active approuve le 2026-07-30 (3 M USD). Signal AMONT : deploiement a venir en amont de l'appel d'offres. Cible : le titulaire qui executera, pas l'agence.",BMP-P505887,https://projects.worldbank.org/en/projects-operations/project-detail/P505887,2029-12-31,2026-07-30,nouveau,2026-08-13
2026-08-18,4.4,6.8,2.0,ignorer,court_terme,Ethiopia Contingent Emergency Response Operation,CERP PIU (COPCD),ETH,Projet BM (Active),"Projet BM Active approuve le 2026-07-29 (montant n.c.). Signal AMONT : deploiement a venir en amont de l'appel d'offres. Cible : le titulaire qui executera, pas l'agence.",BMP-P517513,https://projects.worldbank.org/en/projects-operations/project-detail/P517513,2032-07-29,2026-07-29,nouveau,2026-08-13
2026-08-18,3.2,4.4,2.0,ignorer,court_terme,Sudan Preparedness Plan for Food and Nutrition Security Crises,Catholic Relief Services,SDN,Projet BM (Active),"Projet BM Active approuve le 2026-07-24 (0 M USD). Signal AMONT : deploiement a venir en amont de l'appel d'offres. Cible : le titulaire qui executera, pas l'agence.",BMP-P515228,https://projects.worldbank.org/en/projects-operations/project-detail/P515228,2027-06-30,2026-07-24,nouveau,2026-08-13
2026-08-18,4.2,4.4,4.0,ignorer,court_terme,RETRADE-SA MPA Phase 4: Zambia - Malawi Interconnector Project,"Ministry of Energy,ZESCO Limited",ZMB,Projet BM (Active),"Projet BM Active approuve le 2026-07-23 (43 M USD). Signal AMONT : deploiement a venir en amont de l'appel d'offres. Cible : le titulaire qui executera, pas l'agence.",BMP-P515018,https://projects.worldbank.org/en/projects-operations/project-detail/P515018,2030-12-31,2026-07-23,nouveau,2026-08-13
2026-08-18,8.0,10.0,6.0,contacter,court_terme,Investment Facilitation Project,The Ministry of Planning and Development Aid Coordination,COD,Projet BM (Active),"Projet BM Active approuve le 2026-07-23 (100 M USD). Signal AMONT : deploiement a venir en amont de l'appel d'offres. Cible : le titulaire qui executera, pas l'agence.",BMP-P512137,https://projects.worldbank.org/en/projects-operations/project-detail/P512137,2030-10-31,2026-07-23,nouveau,2026-08-13
2026-08-18,3.2,4.4,2.0,ignorer,court_terme,Second Kenya Social and Economic Inclusion Project,,KEN,Projet BM (Active),"Projet BM Active approuve le 2026-07-22 (montant n.c.). Signal AMONT : deploiement a venir en amont de l'appel d'offres. Cible : le titulaire qui executera, pas l'agence.",BMP-P516289,https://projects.worldbank.org/en/projects-operations/project-detail/P516289,,2026-07-22,nouveau,2026-08-13
2026-08-18,4.4,6.8,2.0,ignorer,court_terme,Enhancing (Self-)Employment Opportunities for the Most Vulnerable Women: Promoting Social Inclusion and Self-Reliance in Uzbekistan,National Agency of Social Protection under the President of the Republic of Uzbekistan (NASP),UZB,Projet BM (Active),"Projet BM Active approuve le 2026-07-22 (montant n.c.). Signal AMONT : deploiement a venir en amont de l'appel d'offres. Cible : le titulaire qui executera, pas l'agence.",BMP-P509711,https://projects.worldbank.org/en/projects-operations/project-detail/P509711,2029-12-31,2026-07-22,nouveau,2026-08-13
2026-08-18,6.4,6.8,6.0,surveiller,court_terme,Mozambique Resilient Recovery and Urbanization for Jobs Project,"Ministry of Public Works, Housing and Water Resources (MOPHRH),Ministry of State Administration and Public Service (MAEFP) ,Municipality of Maputo",MOZ,Projet BM (Active),"Projet BM Active approuve le 2026-07-21 (150 M USD). Signal AMONT : deploiement a venir en amont de l'appel d'offres. Cible : le titulaire qui executera, pas l'agence.",BMP-P516379,https://projects.worldbank.org/en/projects-operations/project-detail/P516379,2032-06-30,2026-07-21,nouveau,2026-08-13
2026-08-18,6.9,6.8,7.0,contacter,court_terme,"Power Sector Reform, Investment and Modernization in Ethiopia (PRIME-1)",,ETH,Projet BM (Active),"Projet BM Active approuve le 2026-07-20 (200 M USD). Signal AMONT : deploiement a venir en amont de l'appel d'offres. Cible : le titulaire qui executera, pas l'agence.",BMP-P508707,https://projects.worldbank.org/en/projects-operations/project-detail/P508707,,2026-07-20,nouveau,2026-08-13
2026-08-18,4.7,4.4,5.0,surveiller,court_terme,Fiscal Management Project,,LBN,Projet BM (Active),"Projet BM Active approuve le 2026-07-19 (50 M USD). Signal AMONT : deploiement a venir en amont de l'appel d'offres. Cible : le titulaire qui executera, pas l'agence.",BMP-P512490,https://projects.worldbank.org/en/projects-operations/project-detail/P512490,,2026-07-19,nouveau,2026-08-13
2026-08-18,5.2,4.4,6.0,surveiller,court_terme,Enhancing Connectivity in the Northern and Central Agricultural Production Areas of Senegal,,SEN,Projet BM (Active),"Projet BM Active approuve le 2026-07-14 (140 M USD). Signal AMONT : deploiement a venir en amont de l'appel d'offres. Cible : le titulaire qui executera, pas l'agence.",BMP-P516438,https://projects.worldbank.org/en/projects-operations/project-detail/P516438,,2026-07-14,nouveau,2026-08-13
2026-08-18,3.2,4.4,2.0,ignorer,court_terme,Gazetted Forests Management Project 2,,BEN,Projet BM (Active),"Projet BM Active approuve le 2026-07-14 (montant n.c.). Signal AMONT : deploiement a venir en amont de l'appel d'offres. Cible : le titulaire qui executera, pas l'agence.",BMP-P514694,https://projects.worldbank.org/en/projects-operations/project-detail/P514694,,2026-07-14,nouveau,2026-08-13
2026-08-18,5.2,4.4,6.0,surveiller,court_terme,Irrigated and Sustainable Agriculture for Transformation Project,Ministry of Agriculture,ZMB,Projet BM (Active),"Projet BM Active approuve le 2026-07-14 (100 M USD). Signal AMONT : deploiement a venir en amont de l'appel d'offres. Cible : le titulaire qui executera, pas l'agence.",BMP-P514111,https://projects.worldbank.org/en/projects-operations/project-detail/P514111,2031-12-31,2026-07-14,nouveau,2026-08-13
2026-08-18,6.0,10.0,2.0,surveiller,court_terme,DRC Contingent Emergency Response Project,"Ministry of Public Health, Hygiene and Prevention",COD,Projet BM (Active),"Projet BM Active approuve le 2026-07-13 (montant n.c.). Signal AMONT : deploiement a venir en amont de l'appel d'offres. Cible : le titulaire qui executera, pas l'agence.",BMP-P512262,https://projects.worldbank.org/en/projects-operations/project-detail/P512262,2031-09-30,2026-07-13,nouveau,2026-08-13
2026-08-18,6.0,10.0,2.0,surveiller,indetermine,Ukraine: Hazardous Waste Management and Policy Development Project,"Ministry of Economy, Environment and Agriculture of Ukraine",UKR,Projet BM (Pipeline),"Projet BM Pipeline approuve le 2026-07-13 (montant n.c.). Signal AMONT : deploiement a venir en amont de l'appel d'offres. Cible : le titulaire qui executera, pas l'agence.",BMP-P508568,https://projects.worldbank.org/en/projects-operations/project-detail/P508568,2030-12-31,2026-07-13,nouveau,2026-08-13
2026-08-18,5.2,4.4,6.0,surveiller,court_terme,"Forest Investment Project, phase 2",,CIV,Projet BM (Active),"Projet BM Active approuve le 2026-07-09 (148 M USD). Signal AMONT : deploiement a venir en amont de l'appel d'offres. Cible : le titulaire qui executera, pas l'agence.",BMP-P514740,https://projects.worldbank.org/en/projects-operations/project-detail/P514740,,2026-07-09,nouveau,2026-08-13
2026-08-18,6.9,6.8,7.0,contacter,court_terme,BEST-PAK MPA Program Phase 1: Grid Stability Enhancement Project,"Ministry of Energy- Power Division ,National Grid Company of Pakistan (NGC)",PAK,Projet BM (Active),"Projet BM Active approuve le 2026-07-09 (376 M USD). Signal AMONT : deploiement a venir en amont de l'appel d'offres. Cible : le titulaire qui executera, pas l'agence.",BMP-P504536,https://projects.worldbank.org/en/projects-operations/project-detail/P504536,2029-12-31,2026-07-09,nouveau,2026-08-13
2026-08-18,8.0,10.0,6.0,contacter,court_terme,Regional Emergency Preparedness and Access to Inclusive Recovery Phase 3,African Risk Capacity Limited,COD,Projet BM (Active),"Projet BM Active approuve le 2026-07-01 (150 M USD). Signal AMONT : deploiement a venir en amont de l'appel d'offres. Cible : le titulaire qui executera, pas l'agence.",BMP-P513341,https://projects.worldbank.org/en/projects-operations/project-detail/P513341,2030-06-28,2026-07-01,nouveau,2026-08-13
2026-08-18,6.9,6.8,7.0,contacter,court_terme,Integrated Urban Development and Resilience Project for Jobs,Ministry of Planning and Land Management,MDG,Projet BM (Active),"Projet BM Active approuve le 2026-07-01 (225 M USD). Signal AMONT : deploiement a venir en amont de l'appel d'offres. Cible : le titulaire qui executera, pas l'agence.",BMP-P507944,https://projects.worldbank.org/en/projects-operations/project-detail/P507944,2032-06-30,2026-07-01,nouveau,2026-08-13
2026-08-18,3.2,4.4,2.0,ignorer,indetermine,Zambia Contingent Emergency Response Project,Ministry of Community Development and Social Services,ZMB,Projet BM (Pipeline),"Projet BM Pipeline approuve le 2026-06-30 (montant n.c.). Signal AMONT : deploiement a venir en amont de l'appel d'offres. Cible : le titulaire qui executera, pas l'agence.",BMP-P517175,https://projects.worldbank.org/en/projects-operations/project-detail/P517175,2032-06-18,2026-06-30,nouveau,2026-08-13
2026-08-18,3.2,4.4,2.0,ignorer,court_terme,Cabo Verde Contingent Emergency Response Project (CERP),Ministry of Finance - Special Projects Management Unit (UGPE),CPV,Projet BM (Active),"Projet BM Active approuve le 2026-06-30 (montant n.c.). Signal AMONT : deploiement a venir en amont de l'appel d'offres. Cible : le titulaire qui executera, pas l'agence.",BMP-P516618,https://projects.worldbank.org/en/projects-operations/project-detail/P516618,2032-06-30,2026-06-30,nouveau,2026-08-13
2026-08-18,4.7,4.4,5.0,surveiller,court_terme,Second Strengthening Water and Irrigation Management,"Agency for Land Reclamation and Irrigation (ALRI),Ministry of Energy and Water Resources (MEWR),PMU under ALRI",TJK,Projet BM (Active),"Projet BM Active approuve le 2026-06-30 (75 M USD). Signal AMONT : deploiement a venir en amont de l'appel d'offres. Cible : le titulaire qui executera, pas l'agence.",BMP-P515852,https://projects.worldbank.org/en/projects-operations/project-detail/P515852,2032-06-30,2026-06-30,nouveau,2026-08-13
2026-08-18,8.0,10.0,6.0,contacter,court_terme,Cash for Nutrition and Livelihoods Project,United Nations Children's Fund (UNICEF),YEM,Projet BM (Active),"Projet BM Active approuve le 2026-06-30 (100 M USD). Signal AMONT : deploiement a venir en amont de l'appel d'offres. Cible : le titulaire qui executera, pas l'agence.",BMP-P514855,https://projects.worldbank.org/en/projects-operations/project-detail/P514855,2029-06-30,2026-06-30,nouveau,2026-08-13
2026-08-18,5.7,4.4,7.0,surveiller,court_terme,Sustainable Financing for Rogun HPP - Phase 2,"Directorate for the Flooding Zone,Rogun Open Joint Stock Company",TJK,Projet BM (Active),"Projet BM Active approuve le 2026-06-30 (300 M USD). Signal AMONT : deploiement a venir en amont de l'appel d'offres. Cible : le titulaire qui executera, pas l'agence.",BMP-P513856,https://projects.worldbank.org/en/projects-operations/project-detail/P513856,2035-12-31,2026-06-30,nouveau,2026-08-13
2026-08-18,5.9,6.8,5.0,surveiller,court_terme,Connected Punjab,"Punjab Information Technology Board (PITB),Punjab Resource Management & Policy Unit (PRMPU),Punjab Revenue Authority (PRA)",PAK,Projet BM (Active),"Projet BM Active approuve le 2026-06-30 (70 M USD). Signal AMONT : deploiement a venir en amont de l'appel d'offres. Cible : le titulaire qui executera, pas l'agence.",BMP-P513786,https://projects.worldbank.org/en/projects-operations/project-detail/P513786,2031-06-30,2026-06-30,nouveau,2026-08-13
2026-08-18,3.2,4.4,2.0,ignorer,indetermine,"Turkmenistan Monitoring, Reporting, and Verification System for Methane Emissions in the Oil and Gas Sector",Ministry of Finance and Economy,TKM,Projet BM (Pipeline),"Projet BM Pipeline approuve le 2026-06-30 (montant n.c.). Signal AMONT : deploiement a venir en amont de l'appel d'offres. Cible : le titulaire qui executera, pas l'agence.",BMP-P513679,https://projects.worldbank.org/en/projects-operations/project-detail/P513679,2029-03-31,2026-06-30,nouveau,2026-08-13
2026-08-18,6.4,6.8,6.0,surveiller,court_terme,BILIM : Transforming Public Education for Economic Growth Operation,Ministry of Preschool and School Education,UZB,Projet BM (Active),"Projet BM Active approuve le 2026-06-30 (100 M USD). Signal AMONT : deploiement a venir en amont de l'appel d'offres. Cible : le titulaire qui executera, pas l'agence.",BMP-P513205,https://projects.worldbank.org/en/projects-operations/project-detail/P513205,2030-12-31,2026-06-30,nouveau,2026-08-13
2026-08-18,7.4,6.8,8.0,contacter,court_terme,Jordan Growth and Competitiveness DPF II,Ministry of Planning and International Cooperation,JOR,Projet BM (Active),"Projet BM Active approuve le 2026-06-30 (700 M USD). Signal AMONT : deploiement a venir en amont de l'appel d'offres. Cible : le titulaire qui executera, pas l'agence.",BMP-P509855,https://projects.worldbank.org/en/projects-operations/project-detail/P509855,2027-09-30,2026-06-30,nouveau,2026-08-13
2026-08-18,6.0,10.0,2.0,surveiller,indetermine,Community Action for Resilient Education,Ministry of education,MLI,Projet BM (Pipeline),"Projet BM Pipeline approuve le 2026-06-30 (montant n.c.). Signal AMONT : deploiement a venir en amont de l'appel d'offres. Cible : le titulaire qui executera, pas l'agence.",BMP-P509605,https://projects.worldbank.org/en/projects-operations/project-detail/P509605,2029-06-30,2026-06-30,nouveau,2026-08-13
2026-08-18,5.2,4.4,6.0,surveiller,court_terme,Second Competitive and Inclusive Tajikistan DPO,Ministry of Finance,TJK,Projet BM (Active),"Projet BM Active approuve le 2026-06-30 (100 M USD). Signal AMONT : deploiement a venir en amont de l'appel d'offres. Cible : le titulaire qui executera, pas l'agence.",BMP-P508213,https://projects.worldbank.org/en/projects-operations/project-detail/P508213,2027-12-31,2026-06-30,nouveau,2026-08-13
2026-08-18,3.7,4.4,3.0,ignorer,court_terme,Shock Responsive and Resilient Social Safety Net Project,,COM,Projet BM (Active),"Projet BM Active approuve le 2026-06-29 (11 M USD). Signal AMONT : deploiement a venir en amont de l'appel d'offres. Cible : le titulaire qui executera, pas l'agence.",BMP-P517369,https://projects.worldbank.org/en/projects-operations/project-detail/P517369,,2026-06-29,nouveau,2026-08-13
2026-08-18,7.0,10.0,4.0,contacter,court_terme,Mali Electricity Sector  Improvement Project (MESIP),,MLI,Projet BM (Active),"Projet BM Active approuve le 2026-06-29 (35 M USD). Signal AMONT : deploiement a venir en amont de l'appel d'offres. Cible : le titulaire qui executera, pas l'agence.",BMP-P515929,https://projects.worldbank.org/en/projects-operations/project-detail/P515929,,2026-06-29,nouveau,2026-08-13
2026-08-18,7.4,6.8,8.0,contacter,court_terme,Nigeria Actions for Investment and Jobs Acceleration,Federal Ministry of Finance,NGA,Projet BM (Active),"Projet BM Active approuve le 2026-06-29 (1250 M USD). Signal AMONT : deploiement a venir en amont de l'appel d'offres. Cible : le titulaire qui executera, pas l'agence.",BMP-P512892,https://projects.worldbank.org/en/projects-operations/project-detail/P512892,2027-12-31,2026-06-29,nouveau,2026-08-13
2026-08-18,4.7,4.4,5.0,surveiller,court_terme,Second Sustainable and Inclusive Growth Development Policy Operation for the Kyrgyz Republic,Ministry of Finance,KGZ,Projet BM (Active),"Projet BM Active approuve le 2026-06-29 (50 M USD). Signal AMONT : deploiement a venir en amont de l'appel d'offres. Cible : le titulaire qui executera, pas l'agence.",BMP-P510257,https://projects.worldbank.org/en/projects-operations/project-detail/P510257,2027-12-31,2026-06-29,nouveau,2026-08-13
2026-08-18,6.2,4.4,8.0,surveiller,court_terme,Second Kenya Fiscal Sustainability and Resilient Growth,The National Treasury,KEN,Projet BM (Active),"Projet BM Active approuve le 2026-06-29 (750 M USD). Signal AMONT : deploiement a venir en amont de l'appel d'offres. Cible : le titulaire qui executera, pas l'agence.",BMP-P508021,https://projects.worldbank.org/en/projects-operations/project-detail/P508021,2027-06-30,2026-06-29,nouveau,2026-08-13
2026-08-18,3.2,4.4,2.0,ignorer,indetermine,Livelihood Support for Resilient Landscape Restoration and Climate Resilience in the Kyrgyz Republic,Ministry of Finance,KGZ,Projet BM (Pipeline),"Projet BM Pipeline approuve le 2026-11-02 (3 M USD). Signal AMONT : deploiement a venir en amont de l'appel d'offres. Cible : le titulaire qui executera, pas l'agence.",BMP-P506128,https://projects.worldbank.org/en/projects-operations/project-detail/P506128,2029-12-31,2026-11-02,nouveau,2026-08-13
2026-08-18,8.5,10.0,7.0,contacter,court_terme,Transforming Healthcare through Reform and Investments in Efficiency,,UKR,Projet BM (Active),"Projet BM Active approuve le 2026-06-27 (444 M USD). Signal AMONT : deploiement a venir en amont de l'appel d'offres. Cible : le titulaire qui executera, pas l'agence.",BMP-P513700,https://projects.worldbank.org/en/projects-operations/project-detail/P513700,,2026-06-27,nouveau,2026-08-13
2026-08-18,3.2,4.4,2.0,ignorer,court_terme,Mauritania Contingent Emergency Response Project (CERP),Ministère de l'Agriculture,MRT,Projet BM (Active),"Projet BM Active approuve le 2026-06-26 (montant n.c.). Signal AMONT : deploiement a venir en amont de l'appel d'offres. Cible : le titulaire qui executera, pas l'agence.",BMP-P516582,https://projects.worldbank.org/en/projects-operations/project-detail/P516582,2032-06-25,2026-06-26,nouveau,2026-08-13
2026-08-18,4.2,4.4,4.0,ignorer,court_terme,Casamance Economic Development Project,,SEN,Projet BM (Active),"Projet BM Active approuve le 2026-06-26 (40 M USD). Signal AMONT : deploiement a venir en amont de l'appel d'offres. Cible : le titulaire qui executera, pas l'agence.",BMP-P516306,https://projects.worldbank.org/en/projects-operations/project-detail/P516306,,2026-06-26,nouveau,2026-08-13
2026-08-18,9.0,10.0,8.0,contacter,court_terme,Supporting Reconstruction through Smart Fiscal Governance (SURGE),,UKR,Projet BM (Active),"Projet BM Active approuve le 2026-06-26 (584 M USD). Signal AMONT : deploiement a venir en amont de l'appel d'offres. Cible : le titulaire qui executera, pas l'agence.",BMP-P516223,https://projects.worldbank.org/en/projects-operations/project-detail/P516223,,2026-06-26,nouveau,2026-08-13
2026-08-18,3.2,4.4,2.0,ignorer,court_terme,Cote d'Ivoire Contingent Emergency Project,Project coordination Unit,CIV,Projet BM (Active),"Projet BM Active approuve le 2026-06-25 (montant n.c.). Signal AMONT : deploiement a venir en amont de l'appel d'offres. Cible : le titulaire qui executera, pas l'agence.",BMP-P516523,https://projects.worldbank.org/en/projects-operations/project-detail/P516523,2032-04-30,2026-06-25,nouveau,2026-08-13
2026-08-18,7.5,10.0,5.0,contacter,court_terme,DRC Multisectoral Nutrition and Health Project,,COD,Projet BM (Active),"Projet BM Active approuve le 2026-06-25 (75 M USD). Signal AMONT : deploiement a venir en amont de l'appel d'offres. Cible : le titulaire qui executera, pas l'agence.",BMP-P516063,https://projects.worldbank.org/en/projects-operations/project-detail/P516063,,2026-06-25,nouveau,2026-08-13
2026-08-18,3.2,4.4,2.0,ignorer,court_terme,Zimbabwe Social Registry Support Project,"Ministry of Public Service, Labor, and Social Welfare",ZWE,Projet BM (Active),"Projet BM Active approuve le 2026-06-25 (montant n.c.). Signal AMONT : deploiement a venir en amont de l'appel d'offres. Cible : le titulaire qui executera, pas l'agence.",BMP-P514401,https://projects.worldbank.org/en/projects-operations/project-detail/P514401,2027-09-30,2026-06-25,nouveau,2026-08-13
2026-08-18,7.4,6.8,8.0,contacter,court_terme,Inclusive Growth Development Policy Operation,Ministry of Finance,ETH,Projet BM (Active),"Projet BM Active approuve le 2026-06-25 (1450 M USD). Signal AMONT : deploiement a venir en amont de l'appel d'offres. Cible : le titulaire qui executera, pas l'agence.",BMP-P514383,https://projects.worldbank.org/en/projects-operations/project-detail/P514383,2027-12-31,2026-06-25,nouveau,2026-08-13
2026-08-18,7.4,6.8,8.0,contacter,court_terme,Nigeria Distributed Access through Renewable Energy Scale-up Project,,NGA,Projet BM (Active),"Projet BM Active approuve le 2026-06-24 (750 M USD). Signal AMONT : deploiement a venir en amont de l'appel d'offres. Cible : le titulaire qui executera, pas l'agence.",BMP-P511862,https://projects.worldbank.org/en/projects-operations/project-detail/P511862,,2026-06-24,nouveau,2026-08-13
2026-08-18,6.4,6.8,6.0,surveiller,court_terme,MSME Competitiveness Project,,MDA,Projet BM (Active),"Projet BM Active approuve le 2026-06-24 (155 M USD). Signal AMONT : deploiement a venir en amont de l'appel d'offres. Cible : le titulaire qui executera, pas l'agence.",BMP-P508037,https://projects.worldbank.org/en/projects-operations/project-detail/P508037,,2026-06-24,nouveau,2026-08-13
2026-08-18,5.2,4.4,6.0,surveiller,court_terme,Senegal Energy Access Scale Up Project,,SEN,Projet BM (Active),"Projet BM Active approuve le 2026-06-23 (100 M USD). Signal AMONT : deploiement a venir en amont de l'appel d'offres. Cible : le titulaire qui executera, pas l'agence.",BMP-P515030,https://projects.worldbank.org/en/projects-operations/project-detail/P515030,,2026-06-23,nouveau,2026-08-13
2026-08-18,5.2,4.4,6.0,surveiller,court_terme,Guinea Commercial Agriculture Development Project Phase 2,"Ministry of Commerce and Industry,Ministry of Livestock",GIN,Projet BM (Active),"Projet BM Active approuve le 2026-06-23 (116 M USD). Signal AMONT : deploiement a venir en amont de l'appel d'offres. Cible : le titulaire qui executera, pas l'agence.",BMP-P514713,https://projects.worldbank.org/en/projects-operations/project-detail/P514713,2033-01-31,2026-06-23,nouveau,2026-08-13
2026-08-18,4.7,4.4,5.0,surveiller,court_terme,Guinea Domestic Revenue Mobilization and Public Expenditure Management,"Ministry of Economy, Finance, and Budget",GIN,Projet BM (Active),"Projet BM Active approuve le 2026-06-23 (75 M USD). Signal AMONT : deploiement a venir en amont de l'appel d'offres. Cible : le titulaire qui executera, pas l'agence.",BMP-P513145,https://projects.worldbank.org/en/projects-operations/project-detail/P513145,2031-06-30,2026-06-23,nouveau,2026-08-13
2026-08-18,5.2,4.4,6.0,surveiller,court_terme,Cote d'Ivoire Public Resource Management for Jobs and Growth,Steering Committee of Economic Governance Program (PGEDS),CIV,Projet BM (Active),"Projet BM Active approuve le 2026-06-23 (100 M USD). Signal AMONT : deploiement a venir en amont de l'appel d'offres. Cible : le titulaire qui executera, pas l'agence.",BMP-P513144,https://projects.worldbank.org/en/projects-operations/project-detail/P513144,2031-06-30,2026-06-23,nouveau,2026-08-13
2026-08-18,5.2,4.4,6.0,surveiller,court_terme,"Guinea: Skills for Innovation, Resilience, and Aspirations (SIRA)","Ministry of National Education, Literacy, Technical Education, and Vocational Training (Ministère de l’Éducation Nationale, de l’Alphabétisation, de l’Enseignement Technique et de la Formation Professionnelle)",GIN,Projet BM (Active),"Projet BM Active approuve le 2026-06-23 (100 M USD). Signal AMONT : deploiement a venir en amont de l'appel d'offres. Cible : le titulaire qui executera, pas l'agence.",BMP-P511651,https://projects.worldbank.org/en/projects-operations/project-detail/P511651,2031-07-31,2026-06-23,nouveau,2026-08-13
2026-08-18,5.7,4.4,7.0,surveiller,court_terme,"Côte d'Ivoire - Skills for Innovation, Resilience, and Aspirations (CIV-SIRA)","Ministry of National Education, Literacy and Technical Education,Ministry of Employment, Social Protection, and Vocational Training,Ministry of Higher Education and Scientific Research ,Ministry of Youth Development, Professional Integration, and Civic Service",CIV,Projet BM (Active),"Projet BM Active approuve le 2026-06-23 (222 M USD). Signal AMONT : deploiement a venir en amont de l'appel d'offres. Cible : le titulaire qui executera, pas l'agence.",BMP-P509925,https://projects.worldbank.org/en/projects-operations/project-detail/P509925,2031-09-30,2026-06-23,nouveau,2026-08-13
2026-08-18,3.7,4.4,3.0,ignorer,court_terme,Creating Opportunities and Reaching Results on Employment (CORRE) Program,"Ministry for Investment Promotion and Business Development (Ministério da Promoção de Investimentos e Fomento Empresarial),Ministry of Education (Ministério da Educação),Ministry of Family, Inclusion and Social Development (Ministério da Família, Inclusão e Desenvolvimento Social),Special Projects Management Unit (Unidade de Gestão de Projetos Especiais)",CPV,Projet BM (Active),"Projet BM Active approuve le 2026-06-23 (15 M USD). Signal AMONT : deploiement a venir en amont de l'appel d'offres. Cible : le titulaire qui executera, pas l'agence.",BMP-P508355,https://projects.worldbank.org/en/projects-operations/project-detail/P508355,2031-12-31,2026-06-23,nouveau,2026-08-13
2026-08-18,9.0,10.0,8.0,contacter,court_terme,First Ukraine Jobs and Private Sector Growth DPO,Ukraine Ministry of Finance,UKR,Projet BM (Active),"Projet BM Active approuve le 2026-06-22 (1040 M USD). Signal AMONT : deploiement a venir en amont de l'appel d'offres. Cible : le titulaire qui executera, pas l'agence.",BMP-P510090,https://projects.worldbank.org/en/projects-operations/project-detail/P510090,2027-11-30,2026-06-22,nouveau,2026-08-13
2026-08-18,6.9,6.8,7.0,contacter,court_terme,Response - Recovery - Resilience for Conflict-Affected Communities in Ethiopia Project,,ETH,Projet BM (Active),"Projet BM Active approuve le 2026-06-19 (300 M USD). Signal AMONT : deploiement a venir en amont de l'appel d'offres. Cible : le titulaire qui executera, pas l'agence.",BMP-P514453,https://projects.worldbank.org/en/projects-operations/project-detail/P514453,,2026-06-19,nouveau,2026-08-13
2026-08-18,4.4,6.8,2.0,ignorer,court_terme,Nigeria: CBN Technical Assistance (TA) Facility,Central Bank of Nigeria (CBN),NGA,Projet BM (Active),"Projet BM Active approuve le 2026-06-19 (6 M USD). Signal AMONT : deploiement a venir en amont de l'appel d'offres. Cible : le titulaire qui executera, pas l'agence.",BMP-P509481,https://projects.worldbank.org/en/projects-operations/project-detail/P509481,2029-06-30,2026-06-19,nouveau,2026-08-13
2026-08-18,6.0,10.0,2.0,surveiller,court_terme,Palestinian Emergency Financing Facility,,PSE,Projet BM (Active),"Projet BM Active approuve le 2026-06-18 (montant n.c.). Signal AMONT : deploiement a venir en amont de l'appel d'offres. Cible : le titulaire qui executera, pas l'agence.",BMP-P517411,https://projects.worldbank.org/en/projects-operations/project-detail/P517411,,2026-06-18,nouveau,2026-08-13
2026-08-18,3.2,4.4,2.0,ignorer,court_terme,Central African Republic Contingent Emergency Response Project (CERP),Unite de Gestion du Projet des Villes Inclusive et Résilientes (UGP PROVIR),CAF,Projet BM (Active),"Projet BM Active approuve le 2026-06-18 (montant n.c.). Signal AMONT : deploiement a venir en amont de l'appel d'offres. Cible : le titulaire qui executera, pas l'agence.",BMP-P517211,https://projects.worldbank.org/en/projects-operations/project-detail/P517211,2032-06-29,2026-06-18,nouveau,2026-08-13
2026-08-18,4.7,4.4,5.0,surveiller,court_terme,Liberia: Rural Economic Transformation Project,,LBR,Projet BM (Active),"Projet BM Active approuve le 2026-06-18 (59 M USD). Signal AMONT : deploiement a venir en amont de l'appel d'offres. Cible : le titulaire qui executera, pas l'agence.",BMP-P517005,https://projects.worldbank.org/en/projects-operations/project-detail/P517005,,2026-06-18,nouveau,2026-08-13
2026-08-18,4.2,4.4,4.0,ignorer,court_terme,Horn of Africa Initiative: Djibouti Regional Economic Corridor Project,,DJI,Projet BM (Active),"Projet BM Active approuve le 2026-06-18 (45 M USD). Signal AMONT : deploiement a venir en amont de l'appel d'offres. Cible : le titulaire qui executera, pas l'agence.",BMP-P515737,https://projects.worldbank.org/en/projects-operations/project-detail/P515737,,2026-06-18,nouveau,2026-08-13
2026-08-18,6.4,6.8,6.0,surveiller,court_terme,"Jobs, Social Cohesion and Community Resilience in Northern Mozambique - Phase I",Ministry of Planning and Development,MOZ,Projet BM (Active),"Projet BM Active approuve le 2026-06-18 (100 M USD). Signal AMONT : deploiement a venir en amont de l'appel d'offres. Cible : le titulaire qui executera, pas l'agence.",BMP-P514199,https://projects.worldbank.org/en/projects-operations/project-detail/P514199,2031-06-30,2026-06-18,nouveau,2026-08-13
2026-08-18,4.2,4.4,4.0,ignorer,court_terme,Sustainable Agricultural Value-chains Intensification for Growth (SAVIG),"Ministry of Agriculture and Food Security, Government of Sierra Leone",SLE,Projet BM (Active),"Projet BM Active approuve le 2026-06-18 (40 M USD). Signal AMONT : deploiement a venir en amont de l'appel d'offres. Cible : le titulaire qui executera, pas l'agence.",BMP-P513429,https://projects.worldbank.org/en/projects-operations/project-detail/P513429,2031-06-30,2026-06-18,nouveau,2026-08-13
2026-08-18,5.2,4.4,6.0,surveiller,court_terme,Chad Water Security and Resilience Project - PASER,"Chad Urban Water Utility (STE),Ministry of Environment Fishing and Sustainable Development,Ministry of Water and Energy",TCD,Projet BM (Active),"Projet BM Active approuve le 2026-06-18 (156 M USD). Signal AMONT : deploiement a venir en amont de l'appel d'offres. Cible : le titulaire qui executera, pas l'agence.",BMP-P507957,https://projects.worldbank.org/en/projects-operations/project-detail/P507957,2031-06-30,2026-06-18,nouveau,2026-08-13
2026-08-18,6.4,6.8,6.0,surveiller,court_terme,Rural Infrastructure Development Program - Phase 2,Investment Directorate within the Ministry of Economy and Finance,UZB,Projet BM (Active),"Projet BM Active approuve le 2026-06-17 (150 M USD). Signal AMONT : deploiement a venir en amont de l'appel d'offres. Cible : le titulaire qui executera, pas l'agence.",BMP-P509427,https://projects.worldbank.org/en/projects-operations/project-detail/P509427,2031-12-31,2026-06-17,nouveau,2026-08-13
2026-08-18,4.2,4.4,4.0,ignorer,court_terme,"Mauritania Improving Education Quality, Results, and Access for All Operation (IQRAA)",Ministry of Education and Reform of the Education Sector (Ministère de l'Education et de la Réforme du Système d’Enseignement),MRT,Projet BM (Active),"Projet BM Active approuve le 2026-06-17 (40 M USD). Signal AMONT : deploiement a venir en amont de l'appel d'offres. Cible : le titulaire qui executera, pas l'agence.",BMP-P509243,https://projects.worldbank.org/en/projects-operations/project-detail/P509243,2030-12-31,2026-06-17,nouveau,2026-08-13
2026-08-18,5.7,4.4,7.0,surveiller,court_terme,"Secondary Education Transformation for Access, Relevance, and Results for Jobs",Ministry of Education,GHA,Projet BM (Active),"Projet BM Active approuve le 2026-06-16 (300 M USD). Signal AMONT : deploiement a venir en amont de l'appel d'offres. Cible : le titulaire qui executera, pas l'agence.",BMP-P514793,https://projects.worldbank.org/en/projects-operations/project-detail/P514793,2030-06-30,2026-06-16,nouveau,2026-08-13
2026-08-18,4.7,4.4,5.0,surveiller,court_terme,Skills Training for Results and Industry-Valued Employment Project,Ministry of Technology and Science,ZMB,Projet BM (Active),"Projet BM Active approuve le 2026-06-16 (80 M USD). Signal AMONT : deploiement a venir en amont de l'appel d'offres. Cible : le titulaire qui executera, pas l'agence.",BMP-P514247,https://projects.worldbank.org/en/projects-operations/project-detail/P514247,2031-07-01,2026-06-16,nouveau,2026-08-13
2026-08-18,5.2,4.4,6.0,surveiller,court_terme,Dogo-Bis Multipurpose Dam Project Phase 1,"Presidence de la Republique - Bureau of Analysis and Investigation (BAI),",BEN,Projet BM (Active),"Projet BM Active approuve le 2026-06-16 (150 M USD). Signal AMONT : deploiement a venir en amont de l'appel d'offres. Cible : le titulaire qui executera, pas l'agence.",BMP-P513979,https://projects.worldbank.org/en/projects-operations/project-detail/P513979,2031-12-31,2026-06-16,nouveau,2026-08-13
2026-08-18,5.2,4.4,6.0,surveiller,court_terme,ALAFIA I- Nourishing Benin's Future Program,Agence Nationale de l’Alimentation et de la Nutrition (ANAN),BEN,Projet BM (Active),"Projet BM Active approuve le 2026-06-16 (150 M USD). Signal AMONT : deploiement a venir en amont de l'appel d'offres. Cible : le titulaire qui executera, pas l'agence.",BMP-P509225,https://projects.worldbank.org/en/projects-operations/project-detail/P509225,2031-05-31,2026-06-16,nouveau,2026-08-13
2026-08-18,5.7,4.4,7.0,surveiller,court_terme,Togo Transport Connectivity and Logistics Improvement Program,Ministry of Transport,TGO,Projet BM (Active),"Projet BM Active approuve le 2026-06-16 (200 M USD). Signal AMONT : deploiement a venir en amont de l'appel d'offres. Cible : le titulaire qui executera, pas l'agence.",BMP-P508939,https://projects.worldbank.org/en/projects-operations/project-detail/P508939,2031-06-30,2026-06-16,nouveau,2026-08-13
2026-08-18,8.0,10.0,6.0,contacter,court_terme,Economic Opportunities for Resilience Project,Ministry of Family and Solidarity,BFA,Projet BM (Active),"Projet BM Active approuve le 2026-06-15 (100 M USD). Signal AMONT : deploiement a venir en amont de l'appel d'offres. Cible : le titulaire qui executera, pas l'agence.",BMP-P511652,https://projects.worldbank.org/en/projects-operations/project-detail/P511652,2031-06-30,2026-06-15,nouveau,2026-08-13
2026-08-18,5.9,6.8,5.0,surveiller,court_terme,Electricity Transmission and Reform Project,,CMR,Projet BM (Active),"Projet BM Active approuve le 2026-06-13 (50 M USD). Signal AMONT : deploiement a venir en amont de l'appel d'offres. Cible : le titulaire qui executera, pas l'agence.",BMP-P515198,https://projects.worldbank.org/en/projects-operations/project-detail/P515198,,2026-06-13,nouveau,2026-08-13
2026-08-18,4.7,4.4,5.0,surveiller,court_terme,Kyrgyz Republic National Irrigation Investment Program,"Water Resources Service under the Ministry of Water Resources, Agriculture and Processing Industry of the Kyrgyz Republic",KGZ,Projet BM (Active),"Projet BM Active approuve le 2026-06-12 (96 M USD). Signal AMONT : deploiement a venir en amont de l'appel d'offres. Cible : le titulaire qui executera, pas l'agence.",BMP-P515521,https://projects.worldbank.org/en/projects-operations/project-detail/P515521,2032-12-30,2026-06-12,nouveau,2026-08-13
2026-08-18,6.9,6.8,7.0,contacter,court_terme,Jordan Health Sector Reform Program,Ministry of Health,JOR,Projet BM (Active),"Projet BM Active approuve le 2026-06-12 (349 M USD). Signal AMONT : deploiement a venir en amont de l'appel d'offres. Cible : le titulaire qui executera, pas l'agence.",BMP-P508781,https://projects.worldbank.org/en/projects-operations/project-detail/P508781,2031-06-30,2026-06-12,nouveau,2026-08-13
2026-08-18,5.9,6.8,5.0,surveiller,court_terme,Enhancing Connectivity and Resilience in the Far North of Cameroon for Inclusiveness Project,,CMR,Projet BM (Active),"Projet BM Active approuve le 2026-06-11 (81 M USD). Signal AMONT : deploiement a venir en amont de l'appel d'offres. Cible : le titulaire qui executera, pas l'agence.",BMP-P515832,https://projects.worldbank.org/en/projects-operations/project-detail/P515832,,2026-06-11,nouveau,2026-08-13
2026-08-18,3.2,4.4,2.0,ignorer,court_terme,Tajikistan Water Supply and Sanitation Investment Project,,TJK,Projet BM (Active),"Projet BM Active approuve le 2026-06-11 (6 M USD). Signal AMONT : deploiement a venir en amont de l'appel d'offres. Cible : le titulaire qui executera, pas l'agence.",BMP-P509750,https://projects.worldbank.org/en/projects-operations/project-detail/P509750,,2026-06-11,nouveau,2026-08-13
2026-08-18,4.2,4.4,4.0,ignorer,court_terme,Mauritania Resilience and Productive Safety Nets Program (MRPSNP),"Food Security Commission,Taazour General Delegation",MRT,Projet BM (Active),"Projet BM Active approuve le 2026-06-11 (30 M USD). Signal AMONT : deploiement a venir en amont de l'appel d'offres. Cible : le titulaire qui executera, pas l'agence.",BMP-P508831,https://projects.worldbank.org/en/projects-operations/project-detail/P508831,2029-12-31,2026-06-11,nouveau,2026-08-13
2026-08-18,5.2,4.4,6.0,surveiller,court_terme,Central African Republic (CAR) Emergency Food Crisis Response Project,,CAF,Projet BM (Active),"Projet BM Active approuve le 2026-06-10 (100 M USD). Signal AMONT : deploiement a venir en amont de l'appel d'offres. Cible : le titulaire qui executera, pas l'agence.",BMP-P515854,https://projects.worldbank.org/en/projects-operations/project-detail/P515854,,2026-06-10,nouveau,2026-08-13
2026-08-18,6.9,6.8,7.0,contacter,court_terme,Tarbela Fourth Extension Hydropower Project,,PAK,Projet BM (Active),"Projet BM Active approuve le 2026-06-09 (300 M USD). Signal AMONT : deploiement a venir en amont de l'appel d'offres. Cible : le titulaire qui executera, pas l'agence.",BMP-P513980,https://projects.worldbank.org/en/projects-operations/project-detail/P513980,,2026-06-09,nouveau,2026-08-13
2026-08-18,4.7,4.4,5.0,surveiller,court_terme,Innovative Finance for Resilient and Sustainable Energy Transition,Ministry of Energy,KGZ,Projet BM (Active),"Projet BM Active approuve le 2026-06-09 (50 M USD). Signal AMONT : deploiement a venir en amont de l'appel d'offres. Cible : le titulaire qui executera, pas l'agence.",BMP-P512264,https://projects.worldbank.org/en/projects-operations/project-detail/P512264,2031-12-31,2026-06-09,nouveau,2026-08-13
2026-08-18,5.9,6.8,5.0,surveiller,court_terme,Phase 2 of Improving Nutrition Outcomes Using the Multiphase Programmatic Approach,,MDG,Projet BM (Active),"Projet BM Active approuve le 2026-06-05 (80 M USD). Signal AMONT : deploiement a venir en amont de l'appel d'offres. Cible : le titulaire qui executera, pas l'agence.",BMP-P515594,https://projects.worldbank.org/en/projects-operations/project-detail/P515594,,2026-06-05,nouveau,2026-08-13
2026-08-18,5.7,4.4,7.0,surveiller,court_terme,Cote d'Ivoire Private Investment and Productive Jobs DPF1,Minister of Economy and Finance,CIV,Projet BM (Active),"Projet BM Active approuve le 2026-06-05 (400 M USD). Signal AMONT : deploiement a venir en amont de l'appel d'offres. Cible : le titulaire qui executera, pas l'agence.",BMP-P510901,https://projects.worldbank.org/en/projects-operations/project-detail/P510901,2027-11-30,2026-06-05,nouveau,2026-08-13
2026-08-18,8.5,10.0,7.0,contacter,court_terme,Lifting Education Access and Resilience in times of Need in Ukraine Program,,UKR,Projet BM (Active),"Projet BM Active approuve le 2026-06-04 (286 M USD). Signal AMONT : deploiement a venir en amont de l'appel d'offres. Cible : le titulaire qui executera, pas l'agence.",BMP-P516074,https://projects.worldbank.org/en/projects-operations/project-detail/P516074,,2026-06-04,nouveau,2026-08-13
2026-08-18,6.5,10.0,3.0,contacter,court_terme,Integrated Urban Services Emergency Project II,,YEM,Projet BM (Active),"Projet BM Active approuve le 2026-06-04 (21 M USD). Signal AMONT : deploiement a venir en amont de l'appel d'offres. Cible : le titulaire qui executera, pas l'agence.",BMP-P514695,https://projects.worldbank.org/en/projects-operations/project-detail/P514695,,2026-06-04,nouveau,2026-08-13
2026-08-18,7.5,10.0,5.0,contacter,court_terme,Yemen Health Nutrition and WASH Project,"UNICEF,WHO",YEM,Projet BM (Active),"Projet BM Active approuve le 2026-06-04 (94 M USD). Signal AMONT : deploiement a venir en amont de l'appel d'offres. Cible : le titulaire qui executera, pas l'agence.",BMP-P514502,https://projects.worldbank.org/en/projects-operations/project-detail/P514502,2029-06-30,2026-06-04,nouveau,2026-08-13
2026-08-18,6.9,6.8,7.0,contacter,court_terme,Moldova Growth and Resilience DPF,Ministry of Finance,MDA,Projet BM (Active),"Projet BM Active approuve le 2026-06-04 (250 M USD). Signal AMONT : deploiement a venir en amont de l'appel d'offres. Cible : le titulaire qui executera, pas l'agence.",BMP-P513997,https://projects.worldbank.org/en/projects-operations/project-detail/P513997,2028-12-29,2026-06-04,nouveau,2026-08-13
2026-08-18,5.7,4.4,7.0,surveiller,court_terme,Uganda: Uganda-Tanzania Interconnector Project,Uganda Electricity Transmission Company Limited (UETCL),UGA,Projet BM (Active),"Projet BM Active approuve le 2026-06-04 (250 M USD). Signal AMONT : deploiement a venir en amont de l'appel d'offres. Cible : le titulaire qui executera, pas l'agence.",BMP-P513494,https://projects.worldbank.org/en/projects-operations/project-detail/P513494,2032-12-31,2026-06-04,nouveau,2026-08-13
2026-08-18,6.5,10.0,3.0,contacter,court_terme,Modernizing Public Institutions and Systems in Yemen,United Nations Development Programme,YEM,Projet BM (Active),"Projet BM Active approuve le 2026-06-04 (20 M USD). Signal AMONT : deploiement a venir en amont de l'appel d'offres. Cible : le titulaire qui executera, pas l'agence.",BMP-P512475,https://projects.worldbank.org/en/projects-operations/project-detail/P512475,2031-06-30,2026-06-04,nouveau,2026-08-13
2026-08-18,9.0,10.0,8.0,contacter,court_terme,Iraq Transport Economic Corridors (ITREC),"Ministry of Construction, Housing, and Public Municipalities",IRQ,Projet BM (Active),"Projet BM Active approuve le 2026-06-04 (900 M USD). Signal AMONT : deploiement a venir en amont de l'appel d'offres. Cible : le titulaire qui executera, pas l'agence.",BMP-P510293,https://projects.worldbank.org/en/projects-operations/project-detail/P510293,2032-06-30,2026-06-04,nouveau,2026-08-13
2026-08-18,8.0,10.0,6.0,contacter,court_terme,Yemen Improved Water Management and Irrigation for Sustainability and Efficiency Project,"United Nations Development Program,United Nations Office for Project Services",YEM,Projet BM (Active),"Projet BM Active approuve le 2026-06-04 (150 M USD). Signal AMONT : deploiement a venir en amont de l'appel d'offres. Cible : le titulaire qui executera, pas l'agence.",BMP-P505562,https://projects.worldbank.org/en/projects-operations/project-detail/P505562,2032-06-30,2026-06-04,nouveau,2026-08-13
2026-08-18,6.4,6.8,6.0,surveiller,court_terme,Skills for Employment and Economic Transformation in Mozambique,National Authority of Professional Education (Ministry of Education and Culture),MOZ,Projet BM (Active),"Projet BM Active approuve le 2026-06-03 (150 M USD). Signal AMONT : deploiement a venir en amont de l'appel d'offres. Cible : le titulaire qui executera, pas l'agence.",BMP-P513981,https://projects.worldbank.org/en/projects-operations/project-detail/P513981,2031-07-31,2026-06-03,nouveau,2026-08-13
2026-08-18,4.7,4.4,5.0,surveiller,court_terme,Liberia Second Resilient and Inclusive Growth Development Policy Financing,Ministry of Finance and Development Planning,LBR,Projet BM (Active),"Projet BM Active approuve le 2026-06-02 (56 M USD). Signal AMONT : deploiement a venir en amont de l'appel d'offres. Cible : le titulaire qui executera, pas l'agence.",BMP-P508962,https://projects.worldbank.org/en/projects-operations/project-detail/P508962,2027-06-30,2026-06-02,nouveau,2026-08-13
2026-08-18,3.2,4.4,2.0,ignorer,court_terme,Benin Contingent Emergency Response Project (CERP),Project Implementation Unit,BEN,Projet BM (Active),"Projet BM Active approuve le 2026-06-01 (montant n.c.). Signal AMONT : deploiement a venir en amont de l'appel d'offres. Cible : le titulaire qui executera, pas l'agence.",BMP-P516522,https://projects.worldbank.org/en/projects-operations/project-detail/P516522,2032-04-30,2026-06-01,nouveau,2026-08-13
2026-08-18,8.5,10.0,7.0,contacter,court_terme,Empowering Women Entrepreneurs and Upgrading MSMEs for Economic Transformation and Jobs in DRC Project,,COD,Projet BM (Active),"Projet BM Active approuve le 2026-06-01 (200 M USD). Signal AMONT : deploiement a venir en amont de l'appel d'offres. Cible : le titulaire qui executera, pas l'agence.",BMP-P514914,https://projects.worldbank.org/en/projects-operations/project-detail/P514914,,2026-06-01,nouveau,2026-08-13
2026-08-18,8.5,10.0,7.0,contacter,court_terme,DR Congo Emergency Equity and System Strengthening in Education,,COD,Projet BM (Active),"Projet BM Active approuve le 2026-06-01 (200 M USD). Signal AMONT : deploiement a venir en amont de l'appel d'offres. Cible : le titulaire qui executera, pas l'agence.",BMP-P514884,https://projects.worldbank.org/en/projects-operations/project-detail/P514884,,2026-06-01,nouveau,2026-08-13
2026-08-18,3.2,4.4,2.0,ignorer,court_terme,Republic of Congo Contingent Emergency Response Project,"Ministry of Economy, Planning and Regional Integration",COG,Projet BM (Active),"Projet BM Active approuve le 2026-05-30 (montant n.c.). Signal AMONT : deploiement a venir en amont de l'appel d'offres. Cible : le titulaire qui executera, pas l'agence.",BMP-P516628,https://projects.worldbank.org/en/projects-operations/project-detail/P516628,2032-05-28,2026-05-30,nouveau,2026-08-13
2026-08-18,6.4,6.8,6.0,surveiller,court_terme,Social Protection and Economic Resilience Project,,MOZ,Projet BM (Active),"Projet BM Active approuve le 2026-05-29 (120 M USD). Signal AMONT : deploiement a venir en amont de l'appel d'offres. Cible : le titulaire qui executera, pas l'agence.",BMP-P515682,https://projects.worldbank.org/en/projects-operations/project-detail/P515682,,2026-05-29,nouveau,2026-08-13
2026-08-18,4.7,4.4,5.0,surveiller,court_terme,Myanmar Health Assistance and Nutrition Support (HANS) Project,,MMR,Projet BM (Active),"Projet BM Active approuve le 2026-05-29 (67 M USD). Signal AMONT : deploiement a venir en amont de l'appel d'offres. Cible : le titulaire qui executera, pas l'agence.",BMP-P515585,https://projects.worldbank.org/en/projects-operations/project-detail/P515585,,2026-05-29,nouveau,2026-08-13
2026-08-18,6.0,10.0,2.0,surveiller,court_terme,Sustaining Education and Learning,,YEM,Projet BM (Active),"Projet BM Active approuve le 2026-05-28 (montant n.c.). Signal AMONT : deploiement a venir en amont de l'appel d'offres. Cible : le titulaire qui executera, pas l'agence.",BMP-P514334,https://projects.worldbank.org/en/projects-operations/project-detail/P514334,,2026-05-28,nouveau,2026-08-13
2026-08-18,6.2,4.4,8.0,surveiller,court_terme,Ghana Market Access and Connectivity Project,Ministry of Roads and Highways,GHA,Projet BM (Active),"Projet BM Active approuve le 2026-05-28 (500 M USD). Signal AMONT : deploiement a venir en amont de l'appel d'offres. Cible : le titulaire qui executera, pas l'agence.",BMP-P513708,https://projects.worldbank.org/en/projects-operations/project-detail/P513708,2031-06-30,2026-05-28,nouveau,2026-08-13
2026-08-18,9.0,10.0,8.0,contacter,court_terme,"Social Protection Project for Inclusion, Resilience, Innovation, and Transformation (SPIRIT)","Ministry of Social Policy, Family, and Unity of Ukraine",UKR,Projet BM (Active),"Projet BM Active approuve le 2026-05-28 (860 M USD). Signal AMONT : deploiement a venir en amont de l'appel d'offres. Cible : le titulaire qui executera, pas l'agence.",BMP-P513322,https://projects.worldbank.org/en/projects-operations/project-detail/P513322,2030-05-30,2026-05-28,nouveau,2026-08-13
2026-08-18,7.5,10.0,5.0,contacter,court_terme,Financial Sector Strengthening  and Modernization,European-Palestinian Credit Guarantee Foundation (EPCGF),PSE,Projet BM (Active),"Projet BM Active approuve le 2026-05-28 (61 M USD). Signal AMONT : deploiement a venir en amont de l'appel d'offres. Cible : le titulaire qui executera, pas l'agence.",BMP-P513308,https://projects.worldbank.org/en/projects-operations/project-detail/P513308,2031-12-31,2026-05-28,nouveau,2026-08-13
2026-08-18,3.2,4.4,2.0,ignorer,court_terme,Senegal Contingent Emergency Response Project (CERP),PIU Projet Cadastre et Sécurisation Foncière,SEN,Projet BM (Active),"Projet BM Active approuve le 2026-05-23 (montant n.c.). Signal AMONT : deploiement a venir en amont de l'appel d'offres. Cible : le titulaire qui executera, pas l'agence.",BMP-P516620,https://projects.worldbank.org/en/projects-operations/project-detail/P516620,2031-04-30,2026-05-23,nouveau,2026-08-13
2026-08-18,3.2,4.4,2.0,ignorer,court_terme,The Gambia Contingent Emergency Response Project (CERP),Ministry of Finance and Economic Affairs - Central Project Coordination Unit (CPCU),GMB,Projet BM (Active),"Projet BM Active approuve le 2026-05-22 (montant n.c.). Signal AMONT : deploiement a venir en amont de l'appel d'offres. Cible : le titulaire qui executera, pas l'agence.",BMP-P516627,https://projects.worldbank.org/en/projects-operations/project-detail/P516627,2032-04-30,2026-05-22,nouveau,2026-08-13
2026-08-18,8.5,10.0,7.0,contacter,court_terme,"Resilient, Inclusive and Sustainable Enterprise Program for Results",,UKR,Projet BM (Active),"Projet BM Active approuve le 2026-05-22 (390 M USD). Signal AMONT : deploiement a venir en amont de l'appel d'offres. Cible : le titulaire qui executera, pas l'agence.",BMP-P516254,https://projects.worldbank.org/en/projects-operations/project-detail/P516254,,2026-05-22,nouveau,2026-08-13
2026-08-18,5.2,4.4,6.0,surveiller,court_terme,NORTHEASTERN ROAD-CORRIDOR ASSET MANAGEMENT PROJECT 2,Ministry of Works and Transport,UGA,Projet BM (Active),"Projet BM Active approuve le 2026-05-22 (175 M USD). Signal AMONT : deploiement a venir en amont de l'appel d'offres. Cible : le titulaire qui executera, pas l'agence.",BMP-P514937,https://projects.worldbank.org/en/projects-operations/project-detail/P514937,2031-10-31,2026-05-22,nouveau,2026-08-13
2026-08-18,4.7,4.4,5.0,surveiller,court_terme,Access to Finance for Recovery and Resilience Project,,RWA,Projet BM (Active),"Projet BM Active approuve le 2026-05-21 (80 M USD). Signal AMONT : deploiement a venir en amont de l'appel d'offres. Cible : le titulaire qui executera, pas l'agence.",BMP-P513078,https://projects.worldbank.org/en/projects-operations/project-detail/P513078,,2026-05-21,nouveau,2026-08-13
2026-08-18,5.2,4.4,6.0,surveiller,court_terme,Community and Local Development in Western Côte d'Ivoire Project,Prime Minister's Office,CIV,Projet BM (Active),"Projet BM Active approuve le 2026-05-19 (100 M USD). Signal AMONT : deploiement a venir en amont de l'appel d'offres. Cible : le titulaire qui executera, pas l'agence.",BMP-P507888,https://projects.worldbank.org/en/projects-operations/project-detail/P507888,2030-09-30,2026-05-19,nouveau,2026-08-13
2026-08-18,3.7,4.4,3.0,ignorer,court_terme,Rwanda: Wildlife Conservation Bond,"Nyungwe Management Company Ltd,Rwanda Development Board",RWA,Projet BM (Active),"Projet BM Active approuve le 2026-05-19 (11 M USD). Signal AMONT : deploiement a venir en amont de l'appel d'offres. Cible : le titulaire qui executera, pas l'agence.",BMP-P505213,https://projects.worldbank.org/en/projects-operations/project-detail/P505213,2031-09-15,2026-05-19,nouveau,2026-08-13
2026-08-18,3.2,4.4,2.0,ignorer,court_terme,Sierra Leone Contingent Emergency Response Project,"Macro Fiscal Department ,National Disaster Management Agency",SLE,Projet BM (Active),"Projet BM Active approuve le 2026-05-18 (montant n.c.). Signal AMONT : deploiement a venir en amont de l'appel d'offres. Cible : le titulaire qui executera, pas l'agence.",BMP-P516624,https://projects.worldbank.org/en/projects-operations/project-detail/P516624,2032-04-26,2026-05-18,nouveau,2026-08-13
2026-08-18,7.0,10.0,4.0,contacter,court_terme,Building Opportunities and Outcomes in Social Protection and Youth Employment,,SOM,Projet BM (Active),"Projet BM Active approuve le 2026-05-14 (35 M USD). Signal AMONT : deploiement a venir en amont de l'appel d'offres. Cible : le titulaire qui executera, pas l'agence.",BMP-P516295,https://projects.worldbank.org/en/projects-operations/project-detail/P516295,,2026-05-14,nouveau,2026-08-13
2026-08-18,3.2,4.4,2.0,ignorer,court_terme,Togo Contingent Emergency Response Project (CERP),Ministry of Finance and Budget,TGO,Projet BM (Active),"Projet BM Active approuve le 2026-05-14 (montant n.c.). Signal AMONT : deploiement a venir en amont de l'appel d'offres. Cible : le titulaire qui executera, pas l'agence.",BMP-P515227,https://projects.worldbank.org/en/projects-operations/project-detail/P515227,2032-04-30,2026-05-14,nouveau,2026-08-13
2026-08-18,4.2,4.4,4.0,ignorer,indetermine,Guinea-Bissau Sustainable Agriculture and Rural Development Project,Ministry of Agriculture and Rural Development,GNB,Projet BM (Pipeline),"Projet BM Pipeline approuve le 2026-05-14 (30 M USD). Signal AMONT : deploiement a venir en amont de l'appel d'offres. Cible : le titulaire qui executera, pas l'agence.",BMP-P509731,https://projects.worldbank.org/en/projects-operations/project-detail/P509731,,2026-05-14,nouveau,2026-08-13
2026-08-18,6.5,10.0,3.0,contacter,court_terme,Improving Healthcare Services in Somalia Project (“Damal Caafimaad”),,SOM,Projet BM (Active),"Projet BM Active approuve le 2026-05-11 (15 M USD). Signal AMONT : deploiement a venir en amont de l'appel d'offres. Cible : le titulaire qui executera, pas l'agence.",BMP-P516283,https://projects.worldbank.org/en/projects-operations/project-detail/P516283,,2026-05-11,nouveau,2026-08-13
2026-08-18,7.5,10.0,5.0,contacter,court_terme,Somalia Recurrent Cost & Reform Financing Project - Phase 3,,SOM,Projet BM (Active),"Projet BM Active approuve le 2026-05-11 (68 M USD). Signal AMONT : deploiement a venir en amont de l'appel d'offres. Cible : le titulaire qui executera, pas l'agence.",BMP-P516233,https://projects.worldbank.org/en/projects-operations/project-detail/P516233,,2026-05-11,nouveau,2026-08-13
2026-08-18,8.5,10.0,7.0,contacter,court_terme,Public Expenditures for Administrative Capacity Endurance (PEACE) in Ukraine,,UKR,Projet BM (Active),"Projet BM Active approuve le 2026-05-11 (271 M USD). Signal AMONT : deploiement a venir en amont de l'appel d'offres. Cible : le titulaire qui executera, pas l'agence.",BMP-P515704,https://projects.worldbank.org/en/projects-operations/project-detail/P515704,,2026-05-11,nouveau,2026-08-13
2026-08-18,3.2,4.4,2.0,ignorer,court_terme,"Rwanda Health Emergency Preparedness, Response and Resilience Project Using the Multiphase Programmatic Approach",,RWA,Projet BM (Active),"Projet BM Active approuve le 2026-05-08 (montant n.c.). Signal AMONT : deploiement a venir en amont de l'appel d'offres. Cible : le titulaire qui executera, pas l'agence.",BMP-P509987,https://projects.worldbank.org/en/projects-operations/project-detail/P509987,,2026-05-08,nouveau,2026-08-13
2026-08-18,7.5,10.0,5.0,contacter,court_terme,Somalia Enhancing Public Resource Management Project,,SOM,Projet BM (Active),"Projet BM Active approuve le 2026-05-06 (75 M USD). Signal AMONT : deploiement a venir en amont de l'appel d'offres. Cible : le titulaire qui executera, pas l'agence.",BMP-P516467,https://projects.worldbank.org/en/projects-operations/project-detail/P516467,,2026-05-06,nouveau,2026-08-13
2026-08-18,4.7,4.4,5.0,surveiller,court_terme,Malawi - Transforming High-potential Resilient Value Chains (M-THRiVE),Reserve Bank of Malawi,MWI,Projet BM (Active),"Projet BM Active approuve le 2026-05-06 (50 M USD). Signal AMONT : deploiement a venir en amont de l'appel d'offres. Cible : le titulaire qui executera, pas l'agence.",BMP-P508803,https://projects.worldbank.org/en/projects-operations/project-detail/P508803,2031-04-30,2026-05-06,nouveau,2026-08-13
2026-08-18,8.0,10.0,6.0,contacter,court_terme,"Somalia Infrastructure Development for Access and Jobs, Phase 1","Ministry of Finance ,Ministry of Public Works, Reconstruction and Housing,Ministry of Transport and Civil Aviation",SOM,Projet BM (Active),"Projet BM Active approuve le 2026-05-05 (160 M USD). Signal AMONT : deploiement a venir en amont de l'appel d'offres. Cible : le titulaire qui executera, pas l'agence.",BMP-P513127,https://projects.worldbank.org/en/projects-operations/project-detail/P513127,2031-06-30,2026-05-05,nouveau,2026-08-13
2026-08-18,6.9,6.8,7.0,contacter,court_terme,Accelerating Sustainable and Clean Energy Access Transformation Madagascar,"Jiro sy Rano Malagasy (JIRAMA),Agence de Développement de l'Electification Rurale (ADER),Ministry of Economy and Finance (MEF),Ministry of Energy and Hydrocarbons (MEH)",MDG,Projet BM (Active),"Projet BM Active approuve le 2026-05-04 (250 M USD). Signal AMONT : deploiement a venir en amont de l'appel d'offres. Cible : le titulaire qui executera, pas l'agence.",BMP-P515164,https://projects.worldbank.org/en/projects-operations/project-detail/P515164,2030-06-30,2026-05-04,nouveau,2026-08-13
2026-08-18,4.7,4.4,5.0,surveiller,court_terme,Accelerating Sustainable and Clean Energy Access Transformation (ASCENT) - Comoros,SONELEC,COM,Projet BM (Active),"Projet BM Active approuve le 2026-05-04 (57 M USD). Signal AMONT : deploiement a venir en amont de l'appel d'offres. Cible : le titulaire qui executera, pas l'agence.",BMP-P515127,https://projects.worldbank.org/en/projects-operations/project-detail/P515127,2030-06-30,2026-05-04,nouveau,2026-08-13
2026-08-18,6.0,10.0,2.0,surveiller,court_terme,Strengthening Government Capacity for Fiscal Reform Implementation,,UKR,Projet BM (Active),"Projet BM Active approuve le 2026-05-01 (montant n.c.). Signal AMONT : deploiement a venir en amont de l'appel d'offres. Cible : le titulaire qui executera, pas l'agence.",BMP-P513305,https://projects.worldbank.org/en/projects-operations/project-detail/P513305,,2026-05-01,nouveau,2026-08-13
2026-08-18,6.0,10.0,2.0,surveiller,court_terme,Palestinian Emergency Financing Facility,,PSE,Projet BM (Active),"Projet BM Active approuve le 2026-04-30 (montant n.c.). Signal AMONT : deploiement a venir en amont de l'appel d'offres. Cible : le titulaire qui executera, pas l'agence.",BMP-P516166,https://projects.worldbank.org/en/projects-operations/project-detail/P516166,,2026-04-30,nouveau,2026-08-13
2026-08-18,6.4,6.8,6.0,surveiller,court_terme,Sustainable Rural Economy Program,,MOZ,Projet BM (Active),"Projet BM Active approuve le 2026-04-30 (100 M USD). Signal AMONT : deploiement a venir en amont de l'appel d'offres. Cible : le titulaire qui executera, pas l'agence.",BMP-P515586,https://projects.worldbank.org/en/projects-operations/project-detail/P515586,,2026-04-30,nouveau,2026-08-13
2026-08-18,6.9,6.8,7.0,contacter,court_terme,Second Community Action for Landscape Management Program for Results,Ministry of Agriculture,ETH,Projet BM (Active),"Projet BM Active approuve le 2026-04-30 (200 M USD). Signal AMONT : deploiement a venir en amont de l'appel d'offres. Cible : le titulaire qui executera, pas l'agence.",BMP-P510697,https://projects.worldbank.org/en/projects-operations/project-detail/P510697,2031-08-29,2026-04-30,nouveau,2026-08-13
2026-08-18,5.7,4.4,7.0,surveiller,court_terme,"CIV Health, Nutrition & ECD MPA - Phase 2",Ministry of Health,CIV,Projet BM (Active),"Projet BM Active approuve le 2026-04-30 (200 M USD). Signal AMONT : deploiement a venir en amont de l'appel d'offres. Cible : le titulaire qui executera, pas l'agence.",BMP-P508716,https://projects.worldbank.org/en/projects-operations/project-detail/P508716,2028-12-31,2026-04-30,nouveau,2026-08-13
2026-08-18,5.2,4.4,6.0,surveiller,court_terme,Sudan - Enhancing Community Resilience Project,,SDN,Projet BM (Active),"Projet BM Active approuve le 2026-04-24 (150 M USD). Signal AMONT : deploiement a venir en amont de l'appel d'offres. Cible : le titulaire qui executera, pas l'agence.",BMP-P515196,https://projects.worldbank.org/en/projects-operations/project-detail/P515196,,2026-04-24,nouveau,2026-08-13
2026-08-18,4.2,4.4,4.0,ignorer,court_terme,Accelerating Governance Institutional Reforms for sustainable services (AGIR) in RoC,,COG,Projet BM (Active),"Projet BM Active approuve le 2026-04-24 (30 M USD). Signal AMONT : deploiement a venir en amont de l'appel d'offres. Cible : le titulaire qui executera, pas l'agence.",BMP-P512937,https://projects.worldbank.org/en/projects-operations/project-detail/P512937,,2026-04-24,nouveau,2026-08-13
2026-08-18,6.9,6.8,7.0,contacter,court_terme,Multimodal Transport and Logistics Project.,"Ministry of Transport and Meteorology,Madagascar Railways",MDG,Projet BM (Active),"Projet BM Active approuve le 2026-04-24 (200 M USD). Signal AMONT : deploiement a venir en amont de l'appel d'offres. Cible : le titulaire qui executera, pas l'agence.",BMP-P512330,https://projects.worldbank.org/en/projects-operations/project-detail/P512330,2031-09-30,2026-04-24,nouveau,2026-08-13
2026-08-18,5.2,4.4,6.0,surveiller,court_terme,Syria Emergency Water Security and Resilient Services Project,"Ministry of Energy, Water Resources Directorate",SYR,Projet BM (Active),"Projet BM Active approuve le 2026-04-23 (150 M USD). Signal AMONT : deploiement a venir en amont de l'appel d'offres. Cible : le titulaire qui executera, pas l'agence.",BMP-P515199,https://projects.worldbank.org/en/projects-operations/project-detail/P515199,2031-09-30,2026-04-23,nouveau,2026-08-13
2026-08-18,4.7,4.4,5.0,surveiller,court_terme,Syria Health System Recovery and Strengthening Project,Ministry of Health,SYR,Projet BM (Active),"Projet BM Active approuve le 2026-04-23 (75 M USD). Signal AMONT : deploiement a venir en amont de l'appel d'offres. Cible : le titulaire qui executera, pas l'agence.",BMP-P513704,https://projects.worldbank.org/en/projects-operations/project-detail/P513704,2029-06-30,2026-04-23,nouveau,2026-08-13
2026-08-18,4.7,4.4,5.0,surveiller,court_terme,Governance to Enable Service Delivery Project - GESD 2.0,National Local Government Finance Committee,MWI,Projet BM (Active),"Projet BM Active approuve le 2026-04-23 (80 M USD). Signal AMONT : deploiement a venir en amont de l'appel d'offres. Cible : le titulaire qui executera, pas l'agence.",BMP-P508024,https://projects.worldbank.org/en/projects-operations/project-detail/P508024,2031-06-30,2026-04-23,nouveau,2026-08-13
2026-08-18,3.2,4.4,2.0,ignorer,court_terme,Tajikistan Contingent Emergency Response Project,"State Institution ""Access to Green and Rural Development Finance"" under the Ministry of Finance",TJK,Projet BM (Active),"Projet BM Active approuve le 2026-04-16 (montant n.c.). Signal AMONT : deploiement a venir en amont de l'appel d'offres. Cible : le titulaire qui executera, pas l'agence.",BMP-P510180,https://projects.worldbank.org/en/projects-operations/project-detail/P510180,2032-04-29,2026-04-16,nouveau,2026-08-13
2026-08-18,3.2,4.4,2.0,ignorer,court_terme,SUPPORT TO TRANSPARENCY IN ENERGY TRANSITION MINERALS DEVELOPMENT,ZEITI SECRETARIAT,ZMB,Projet BM (Active),"Projet BM Active approuve le 2026-04-15 (2 M USD). Signal AMONT : deploiement a venir en amont de l'appel d'offres. Cible : le titulaire qui executera, pas l'agence.",BMP-P512746,https://projects.worldbank.org/en/projects-operations/project-detail/P512746,2027-04-30,2026-04-15,nouveau,2026-08-13
2026-08-18,3.2,4.4,2.0,ignorer,court_terme,Tajikistan Women's Economic Empowerment Project,State Committee for Investment and State Property Management of the Republic of Tajikistan,TJK,Projet BM (Active),"Projet BM Active approuve le 2026-04-15 (5 M USD). Signal AMONT : deploiement a venir en amont de l'appel d'offres. Cible : le titulaire qui executera, pas l'agence.",BMP-P511398,https://projects.worldbank.org/en/projects-operations/project-detail/P511398,2029-04-30,2026-04-15,nouveau,2026-08-13
2026-08-18,3.2,4.4,2.0,ignorer,court_terme,"The Gambia Resilience, Inclusion, Skills, and Equity Project",,GMB,Projet BM (Active),"Projet BM Active approuve le 2026-04-14 (1 M USD). Signal AMONT : deploiement a venir en amont de l'appel d'offres. Cible : le titulaire qui executera, pas l'agence.",BMP-P512353,https://projects.worldbank.org/en/projects-operations/project-detail/P512353,,2026-04-14,nouveau,2026-08-13
2026-08-18,3.2,4.4,2.0,ignorer,court_terme,Chad Contingent Emergency Response Project,Ministere de l'Amenagement du Territoire. de l'Urbanisme et du Logement,TCD,Projet BM (Active),"Projet BM Active approuve le 2026-04-13 (montant n.c.). Signal AMONT : deploiement a venir en amont de l'appel d'offres. Cible : le titulaire qui executera, pas l'agence.",BMP-P511560,https://projects.worldbank.org/en/projects-operations/project-detail/P511560,2032-04-05,2026-04-13,nouveau,2026-08-13
2026-08-18,3.2,4.4,2.0,ignorer,court_terme,Rwanda Contingent Emergency Response Project,Ministry in Charge of Emergency Management (MINEMA),RWA,Projet BM (Active),"Projet BM Active approuve le 2026-04-10 (montant n.c.). Signal AMONT : deploiement a venir en amont de l'appel d'offres. Cible : le titulaire qui executera, pas l'agence.",BMP-P510931,https://projects.worldbank.org/en/projects-operations/project-detail/P510931,2031-12-01,2026-04-10,nouveau,2026-08-13
2026-08-18,5.9,6.8,5.0,surveiller,court_terme,Ethiopia Education Transformation Operation for Learning,,ETH,Projet BM (Active),"Projet BM Active approuve le 2026-04-09 (50 M USD). Signal AMONT : deploiement a venir en amont de l'appel d'offres. Cible : le titulaire qui executera, pas l'agence.",BMP-P512266,https://projects.worldbank.org/en/projects-operations/project-detail/P512266,,2026-04-09,nouveau,2026-08-13
2026-08-18,3.2,4.4,2.0,ignorer,court_terme,Digital Entrepreneurship for Vulnerable Urban Youth in Rwanda (DEVY),"City of Kigali,Ministry of Public Service and Labour (MIFOTRA)",RWA,Projet BM (Active),"Projet BM Active approuve le 2026-04-09 (montant n.c.). Signal AMONT : deploiement a venir en amont de l'appel d'offres. Cible : le titulaire qui executera, pas l'agence.",BMP-P510000,https://projects.worldbank.org/en/projects-operations/project-detail/P510000,,2026-04-09,nouveau,2026-08-13
2026-08-18,6.5,10.0,3.0,contacter,court_terme,Palestinian Investment Preparation Facility Project,Ministry of Finance and Planning,PSE,Projet BM (Active),"Projet BM Active approuve le 2026-04-06 (20 M USD). Signal AMONT : deploiement a venir en amont de l'appel d'offres. Cible : le titulaire qui executera, pas l'agence.",BMP-P513678,https://projects.worldbank.org/en/projects-operations/project-detail/P513678,2031-06-30,2026-04-06,nouveau,2026-08-13
2026-08-18,6.0,10.0,2.0,surveiller,court_terme,West Bank and Gaza Social Recovery and Job Creation Project,,PSE,Projet BM (Active),"Projet BM Active approuve le 2026-04-06 (montant n.c.). Signal AMONT : deploiement a venir en amont de l'appel d'offres. Cible : le titulaire qui executera, pas l'agence.",BMP-P513496,https://projects.worldbank.org/en/projects-operations/project-detail/P513496,,2026-04-06,nouveau,2026-08-13
2026-08-18,6.0,10.0,2.0,surveiller,court_terme,Public Financial Management Improvement Project Phase 2,,PSE,Projet BM (Active),"Projet BM Active approuve le 2026-04-06 (8 M USD). Signal AMONT : deploiement a venir en amont de l'appel d'offres. Cible : le titulaire qui executera, pas l'agence.",BMP-P513189,https://projects.worldbank.org/en/projects-operations/project-detail/P513189,,2026-04-06,nouveau,2026-08-13
2026-08-18,3.7,4.4,3.0,ignorer,court_terme,Southeastern Corridor Road Asset Management Project,,LBR,Projet BM (Active),"Projet BM Active approuve le 2026-03-31 (18 M USD). Signal AMONT : deploiement a venir en amont de l'appel d'offres. Cible : le titulaire qui executera, pas l'agence.",BMP-P514942,https://projects.worldbank.org/en/projects-operations/project-detail/P514942,,2026-03-31,nouveau,2026-08-13
2026-08-18,6.2,4.4,8.0,surveiller,court_terme,Uganda Cities and Municipalities Infrastructure Development (UCMID),"Ministry of Lands, Housing and Urban Development",UGA,Projet BM (Active),"Projet BM Active approuve le 2026-03-31 (540 M USD). Signal AMONT : deploiement a venir en amont de l'appel d'offres. Cible : le titulaire qui executera, pas l'agence.",BMP-P511300,https://projects.worldbank.org/en/projects-operations/project-detail/P511300,2032-06-30,2026-03-31,nouveau,2026-08-13
2026-08-18,6.4,6.8,6.0,surveiller,court_terme,Madagascar Youth Skills for Economic Transformation and Jobs Project,"Ministry of Agriculture and Livestock ,Ministry of Higher Education and Scientific Research,Ministry of Public Health,Ministry of Technical and Vocational Education and Training",MDG,Projet BM (Active),"Projet BM Active approuve le 2026-03-31 (100 M USD). Signal AMONT : deploiement a venir en amont de l'appel d'offres. Cible : le titulaire qui executera, pas l'agence.",BMP-P510605,https://projects.worldbank.org/en/projects-operations/project-detail/P510605,2031-09-30,2026-03-31,nouveau,2026-08-13
2026-08-18,6.9,6.8,7.0,contacter,court_terme,Ethiopia: Climate Resilient Irrigation for Sustainable Production (CRISP),Ministry of Irrigation and Lowlands,ETH,Projet BM (Active),"Projet BM Active approuve le 2026-03-31 (200 M USD). Signal AMONT : deploiement a venir en amont de l'appel d'offres. Cible : le titulaire qui executera, pas l'agence.",BMP-P508364,https://projects.worldbank.org/en/projects-operations/project-detail/P508364,2032-06-30,2026-03-31,nouveau,2026-08-13
2026-08-18,5.7,4.4,7.0,surveiller,court_terme,Productive Social Safety Net III Project,"President's Office - State House,Tanzania Social Action Fund",TZA,Projet BM (Active),"Projet BM Active approuve le 2026-03-31 (250 M USD). Signal AMONT : deploiement a venir en amont de l'appel d'offres. Cible : le titulaire qui executera, pas l'agence.",BMP-P508191,https://projects.worldbank.org/en/projects-operations/project-detail/P508191,2029-12-14,2026-03-31,nouveau,2026-08-13
2026-08-18,5.7,4.4,7.0,surveiller,court_terme,Second Education and Skills for Productive Jobs Program,"Ministry of Education, Science and Technology (MoEST),Prime Minister's Office - Regional Administration and Local Government (PMO-RALG),Prime Ministers Office - Labor, Employment and Relations (PMO-LER)",TZA,Projet BM (Active),"Projet BM Active approuve le 2026-03-31 (300 M USD). Signal AMONT : deploiement a venir en amont de l'appel d'offres. Cible : le titulaire qui executera, pas l'agence.",BMP-P508106,https://projects.worldbank.org/en/projects-operations/project-detail/P508106,2031-12-31,2026-03-31,nouveau,2026-08-13
2026-08-18,3.7,4.4,3.0,ignorer,court_terme,Digital Acceleration Project,,RWA,Projet BM (Active),"Projet BM Active approuve le 2026-03-30 (20 M USD). Signal AMONT : deploiement a venir en amont de l'appel d'offres. Cible : le titulaire qui executera, pas l'agence.",BMP-P513024,https://projects.worldbank.org/en/projects-operations/project-detail/P513024,,2026-03-30,nouveau,2026-08-13
2026-08-18,7.4,6.8,8.0,contacter,court_terme,Nigeria Sustainable Agricultural Value-Chains for Growth (AGROW) Project,Federal Ministry of Agriculture and Food Security and Participating States,NGA,Projet BM (Active),"Projet BM Active approuve le 2026-03-30 (500 M USD). Signal AMONT : deploiement a venir en amont de l'appel d'offres. Cible : le titulaire qui executera, pas l'agence.",BMP-P510848,https://projects.worldbank.org/en/projects-operations/project-detail/P510848,2032-07-30,2026-03-30,nouveau,2026-08-13
2026-08-18,6.4,6.8,6.0,surveiller,court_terme,Development Response to Displacement Impacts Project in the Horn of Africa Phase II,,ETH,Projet BM (Active),"Projet BM Active approuve le 2026-03-30 (100 M USD). Signal AMONT : deploiement a venir en amont de l'appel d'offres. Cible : le titulaire qui executera, pas l'agence.",BMP-P505801,https://projects.worldbank.org/en/projects-operations/project-detail/P505801,,2026-03-30,nouveau,2026-08-13
2026-08-18,5.7,4.4,7.0,surveiller,court_terme,SECOND HORN OF AFRICA GATEWAY DEVELOPMENT PROJECT,"ICT Authority,Kenya National Highways Authority,Kenya Revenue Authority,National Transport and Safety Authority,State Department for Roads,State Department for Transport",KEN,Projet BM (Active),"Projet BM Active approuve le 2026-03-27 (260 M USD). Signal AMONT : deploiement a venir en amont de l'appel d'offres. Cible : le titulaire qui executera, pas l'agence.",BMP-P515510,https://projects.worldbank.org/en/projects-operations/project-detail/P515510,2030-06-30,2026-03-27,nouveau,2026-08-13
2026-08-18,5.7,4.4,7.0,surveiller,court_terme,Horn of Africa Gateway Development Project,,KEN,Projet BM (Active),"Projet BM Active approuve le 2026-03-27 (290 M USD). Signal AMONT : deploiement a venir en amont de l'appel d'offres. Cible : le titulaire qui executera, pas l'agence.",BMP-P514484,https://projects.worldbank.org/en/projects-operations/project-detail/P514484,,2026-03-27,nouveau,2026-08-13
2026-08-18,4.7,4.4,5.0,surveiller,court_terme,Commercialization and De-Risking for Agricultural Transformation Project,,RWA,Projet BM (Active),"Projet BM Active approuve le 2026-03-27 (80 M USD). Signal AMONT : deploiement a venir en amont de l'appel d'offres. Cible : le titulaire qui executera, pas l'agence.",BMP-P513692,https://projects.worldbank.org/en/projects-operations/project-detail/P513692,,2026-03-27,nouveau,2026-08-13
2026-08-18,4.2,4.4,4.0,ignorer,court_terme,Djibouti Economic Diversification Program-for-Results,Ministry of Economy and Finance in charge of Industry,DJI,Projet BM (Active),"Projet BM Active approuve le 2026-03-27 (26 M USD). Signal AMONT : deploiement a venir en amont de l'appel d'offres. Cible : le titulaire qui executera, pas l'agence.",BMP-P511188,https://projects.worldbank.org/en/projects-operations/project-detail/P511188,2030-12-30,2026-03-27,nouveau,2026-08-13
2026-08-18,8.0,10.0,6.0,contacter,court_terme,Mali Emergency Access to Essential Services Project,Budget General Directorate /PIU,MLI,Projet BM (Active),"Projet BM Active approuve le 2026-03-26 (150 M USD). Signal AMONT : deploiement a venir en amont de l'appel d'offres. Cible : le titulaire qui executera, pas l'agence.",BMP-P513735,https://projects.worldbank.org/en/projects-operations/project-detail/P513735,2027-05-01,2026-03-26,nouveau,2026-08-13
2026-08-18,6.4,6.8,6.0,surveiller,court_terme,Madagascar National Water Project,,MDG,Projet BM (Active),"Projet BM Active approuve le 2026-03-26 (180 M USD). Signal AMONT : deploiement a venir en amont de l'appel d'offres. Cible : le titulaire qui executera, pas l'agence.",BMP-P513376,https://projects.worldbank.org/en/projects-operations/project-detail/P513376,,2026-03-26,nouveau,2026-08-13
2026-08-18,5.9,6.8,5.0,surveiller,court_terme,Rural and Small Towns Water Security Project,,MOZ,Projet BM (Active),"Projet BM Active approuve le 2026-03-26 (50 M USD). Signal AMONT : deploiement a venir en amont de l'appel d'offres. Cible : le titulaire qui executera, pas l'agence.",BMP-P512650,https://projects.worldbank.org/en/projects-operations/project-detail/P512650,,2026-03-26,nouveau,2026-08-13
2026-08-18,4.2,4.4,4.0,ignorer,court_terme,"Comoros - Accelerated Access to Water, Sanitation and Hygiene (WASH) MPA","Ministry of Water, Energy and Hydrocarbons",COM,Projet BM (Active),"Projet BM Active approuve le 2026-03-24 (29 M USD). Signal AMONT : deploiement a venir en amont de l'appel d'offres. Cible : le titulaire qui executera, pas l'agence.",BMP-P514166,https://projects.worldbank.org/en/projects-operations/project-detail/P514166,2031-03-31,2026-03-24,nouveau,2026-08-13
2026-08-18,5.2,4.4,6.0,surveiller,court_terme,Rwanda First Inclusive and Resilient Job Creation Development Policy Financing,Ministry of Finance and Economic Planning (MINECOFIN),RWA,Projet BM (Active),"Projet BM Active approuve le 2026-03-23 (100 M USD). Signal AMONT : deploiement a venir en amont de l'appel d'offres. Cible : le titulaire qui executera, pas l'agence.",BMP-P513028,https://projects.worldbank.org/en/projects-operations/project-detail/P513028,2027-09-30,2026-03-23,nouveau,2026-08-13
2026-08-18,5.2,4.4,6.0,surveiller,court_terme,Coastal Region Water Security and Climate Resilience Project,,KEN,Projet BM (Active),"Projet BM Active approuve le 2026-03-20 (105 M USD). Signal AMONT : deploiement a venir en amont de l'appel d'offres. Cible : le titulaire qui executera, pas l'agence.",BMP-P513697,https://projects.worldbank.org/en/projects-operations/project-detail/P513697,,2026-03-20,nouveau,2026-08-13
2026-08-18,5.7,4.4,7.0,surveiller,court_terme,"Housing Finance, Lands and Sustainable Investments","Kenya Mortgage Refinance Company,State Department for Lands and Physical Planning,The National Treasury",KEN,Projet BM (Active),"Projet BM Active approuve le 2026-03-20 (475 M USD). Signal AMONT : deploiement a venir en amont de l'appel d'offres. Cible : le titulaire qui executera, pas l'agence.",BMP-P513352,https://projects.worldbank.org/en/projects-operations/project-detail/P513352,2031-06-30,2026-03-20,nouveau,2026-08-13
2026-08-18,8.5,10.0,7.0,contacter,court_terme,Kinshasa Urban Transformation and Jobs Program,Ministry of Infrastructure and Public Works,COD,Projet BM (Active),"Projet BM Active approuve le 2026-03-19 (250 M USD). Signal AMONT : deploiement a venir en amont de l'appel d'offres. Cible : le titulaire qui executera, pas l'agence.",BMP-P512210,https://projects.worldbank.org/en/projects-operations/project-detail/P512210,2031-06-30,2026-03-19,nouveau,2026-08-13
2026-08-18,6.9,6.8,7.0,contacter,court_terme,Connectivity and Transport Sector Improvement Project,"Joint-Stock Company “O'zbekiston temir yo'llari” (Uzbekistan Railways) ,“Avtoyulinvest” Agency of the Committee for Roads",UZB,Projet BM (Active),"Projet BM Active approuve le 2026-03-19 (200 M USD). Signal AMONT : deploiement a venir en amont de l'appel d'offres. Cible : le titulaire qui executera, pas l'agence.",BMP-P509487,https://projects.worldbank.org/en/projects-operations/project-detail/P509487,2031-12-31,2026-03-19,nouveau,2026-08-13
2026-08-18,4.2,4.4,4.0,ignorer,court_terme,Senegal Cadastre and Land Tenure Improvement Project,,SEN,Projet BM (Active),"Projet BM Active approuve le 2026-03-18 (40 M USD). Signal AMONT : deploiement a venir en amont de l'appel d'offres. Cible : le titulaire qui executera, pas l'agence.",BMP-P514112,https://projects.worldbank.org/en/projects-operations/project-detail/P514112,,2026-03-18,nouveau,2026-08-13
2026-08-18,5.2,4.4,6.0,surveiller,court_terme,Senegal Health System Development and Financial Protection Program (NAATANGUE 2030),"High National Council for Health Security – One Health/Haut Conseil National pour la Sécurité Sanitaire -One Health (HCNSS-OH),Ministry of Health and Public Hygiene/Ministère de la Santé et de l'Hygiène Publique,Ministry of Infrastructures/Ministère des Infrastructures,National Council for Nutrition Development/Conseil National de Développement de la Nutrition (CNDN),Senegalese Agency for Universal Health Coverage/Agence Senegalaise de la Couverture Sanitaire Universelle (SEN-CSU)",SEN,Projet BM (Active),"Projet BM Active approuve le 2026-03-18 (100 M USD). Signal AMONT : deploiement a venir en amont de l'appel d'offres. Cible : le titulaire qui executera, pas l'agence.",BMP-P508171,https://projects.worldbank.org/en/projects-operations/project-detail/P508171,2031-06-30,2026-03-18,nouveau,2026-08-13
2026-08-18,4.2,4.4,4.0,ignorer,court_terme,Improving Connectivity and Urban Infrastructure in Cabo Verde,,CPV,Projet BM (Active),"Projet BM Active approuve le 2026-03-17 (40 M USD). Signal AMONT : deploiement a venir en amont de l'appel d'offres. Cible : le titulaire qui executera, pas l'agence.",BMP-P514336,https://projects.worldbank.org/en/projects-operations/project-detail/P514336,,2026-03-17,nouveau,2026-08-13
2026-08-18,4.7,4.4,5.0,surveiller,court_terme,Social Protection Transformation Project,,RWA,Projet BM (Active),"Projet BM Active approuve le 2026-03-17 (80 M USD). Signal AMONT : deploiement a venir en amont de l'appel d'offres. Cible : le titulaire qui executera, pas l'agence.",BMP-P508582,https://projects.worldbank.org/en/projects-operations/project-detail/P508582,,2026-03-17,nouveau,2026-08-13
2026-08-18,4.2,4.4,4.0,ignorer,court_terme,DJIBOUTI GROUNDWATER FOR RESILIENCE AND WATER SUPPLY PROJECT,"Intergovernmental Authority on Development (IGAD),Ministry of Agriculture, Water, Fisheries, Livestock, in charge of Halieutic Resources",DJI,Projet BM (Active),"Projet BM Active approuve le 2026-03-16 (36 M USD). Signal AMONT : deploiement a venir en amont de l'appel d'offres. Cible : le titulaire qui executera, pas l'agence.",BMP-P511492,https://projects.worldbank.org/en/projects-operations/project-detail/P511492,2031-06-30,2026-03-16,nouveau,2026-08-13
2026-08-18,6.0,10.0,2.0,surveiller,court_terme,Iraq Economic Inclusion Pilot,MOLSA,IRQ,Projet BM (Active),"Projet BM Active approuve le 2026-03-16 (4 M USD). Signal AMONT : deploiement a venir en amont de l'appel d'offres. Cible : le titulaire qui executera, pas l'agence.",BMP-P506073,https://projects.worldbank.org/en/projects-operations/project-detail/P506073,2027-10-31,2026-03-16,nouveau,2026-08-13
2026-08-18,6.2,4.4,8.0,surveiller,court_terme,Second Inclusive & Sustainable Economic Growth,Ministry of Finance,KAZ,Projet BM (Active),"Projet BM Active approuve le 2026-03-13 (600 M USD). Signal AMONT : deploiement a venir en amont de l'appel d'offres. Cible : le titulaire qui executera, pas l'agence.",BMP-P508695,https://projects.worldbank.org/en/projects-operations/project-detail/P508695,2027-08-31,2026-03-13,nouveau,2026-08-13
2026-08-18,4.2,4.4,4.0,ignorer,court_terme,Second Zambia Climate and Economic Resilience Programmatic DPF,Ministry of Finance and National Planning,ZMB,Projet BM (Active),"Projet BM Active approuve le 2026-03-13 (45 M USD). Signal AMONT : deploiement a venir en amont de l'appel d'offres. Cible : le titulaire qui executera, pas l'agence.",BMP-P507962,https://projects.worldbank.org/en/projects-operations/project-detail/P507962,2027-09-30,2026-03-13,nouveau,2026-08-13
2026-08-18,8.5,10.0,7.0,contacter,court_terme,SUPPORT TO THE FINANCIAL SECTOR AND MSME ACCESS TO FINANCE IN NIGER PROJECT,Ministry of Economy and Finance,NER,Projet BM (Active),"Projet BM Active approuve le 2026-03-12 (250 M USD). Signal AMONT : deploiement a venir en amont de l'appel d'offres. Cible : le titulaire qui executera, pas l'agence.",BMP-P507762,https://projects.worldbank.org/en/projects-operations/project-detail/P507762,2031-03-31,2026-03-12,nouveau,2026-08-13
2026-08-18,6.0,10.0,2.0,surveiller,court_terme,Support for improved farm management and piloting models of aggregation in Iraq,Food and Agriculture Organization of the United Nations,IRQ,Projet BM (Active),"Projet BM Active approuve le 2026-03-12 (5 M USD). Signal AMONT : deploiement a venir en amont de l'appel d'offres. Cible : le titulaire qui executera, pas l'agence.",BMP-P173503,https://projects.worldbank.org/en/projects-operations/project-detail/P173503,2027-10-31,2026-03-12,nouveau,2026-08-13
2026-08-18,8.0,10.0,6.0,contacter,court_terme,Burkina Faso Agricultural Transformation Project,Ministry of Agriculture Livestock and Fisheries,BFA,Projet BM (Active),"Projet BM Active approuve le 2026-03-10 (150 M USD). Signal AMONT : deploiement a venir en amont de l'appel d'offres. Cible : le titulaire qui executera, pas l'agence.",BMP-P507256,https://projects.worldbank.org/en/projects-operations/project-detail/P507256,2031-12-31,2026-03-10,nouveau,2026-08-13
2026-08-18,3.2,4.4,2.0,ignorer,court_terme,Digital Skilling for Employment in Lebanon,"Digital Opportunity Trust (DOT),Forward MENA",LBN,Projet BM (Active),"Projet BM Active approuve le 2026-03-10 (montant n.c.). Signal AMONT : deploiement a venir en amont de l'appel d'offres. Cible : le titulaire qui executera, pas l'agence.",BMP-P506407,https://projects.worldbank.org/en/projects-operations/project-detail/P506407,2027-12-31,2026-03-10,nouveau,2026-08-13
2026-08-18,3.7,4.4,3.0,ignorer,court_terme,Syria Public Financial Management Capacity Strengthening Project,Ministry of Finance,SYR,Projet BM (Active),"Projet BM Active approuve le 2026-03-05 (20 M USD). Signal AMONT : deploiement a venir en amont de l'appel d'offres. Cible : le titulaire qui executera, pas l'agence.",BMP-P512516,https://projects.worldbank.org/en/projects-operations/project-detail/P512516,2029-04-30,2026-03-05,nouveau,2026-08-13
2026-08-18,6.2,4.4,8.0,surveiller,court_terme,Angola Resilient and Inclusive Growth DPL/PBG/D4D,"Ministry of Finance,Ministry of Planning",AGO,Projet BM (Active),"Projet BM Active approuve le 2026-03-05 (750 M USD). Signal AMONT : deploiement a venir en amont de l'appel d'offres. Cible : le titulaire qui executera, pas l'agence.",BMP-P511848,https://projects.worldbank.org/en/projects-operations/project-detail/P511848,2028-06-30,2026-03-05,nouveau,2026-08-13
2026-08-18,6.9,6.8,7.0,contacter,court_terme,Productive Safety Net Project 6,Ministry of Agriculture,ETH,Projet BM (Active),"Projet BM Active approuve le 2026-03-03 (200 M USD). Signal AMONT : deploiement a venir en amont de l'appel d'offres. Cible : le titulaire qui executera, pas l'agence.",BMP-P511478,https://projects.worldbank.org/en/projects-operations/project-detail/P511478,2031-12-31,2026-03-03,nouveau,2026-08-13
2026-08-18,5.9,6.8,5.0,surveiller,court_terme,Madagascar Safety Nets and Resilience Project,,MDG,Projet BM (Active),"Projet BM Active approuve le 2026-03-01 (50 M USD). Signal AMONT : deploiement a venir en amont de l'appel d'offres. Cible : le titulaire qui executera, pas l'agence.",BMP-P509361,https://projects.worldbank.org/en/projects-operations/project-detail/P509361,,2026-03-01,nouveau,2026-08-13
2026-08-18,4.2,4.4,4.0,ignorer,court_terme,Financing Locally-Led Climate Action Program,,KEN,Projet BM (Active),"Projet BM Active approuve le 2026-02-27 (30 M USD). Signal AMONT : deploiement a venir en amont de l'appel d'offres. Cible : le titulaire qui executera, pas l'agence.",BMP-P514332,https://projects.worldbank.org/en/projects-operations/project-detail/P514332,,2026-02-27,nouveau,2026-08-13
2026-08-18,5.7,4.4,7.0,surveiller,court_terme,FIRST BENIN ACCELERATED ECONOMIC TRANSFORMATION AND JOBS,"Ministry of Economy and Finance,General Directory of taxes",BEN,Projet BM (Active),"Projet BM Active approuve le 2026-02-27 (200 M USD). Signal AMONT : deploiement a venir en amont de l'appel d'offres. Cible : le titulaire qui executera, pas l'agence.",BMP-P510638,https://projects.worldbank.org/en/projects-operations/project-detail/P510638,2027-07-31,2026-02-27,nouveau,2026-08-13
2026-08-18,8.5,10.0,7.0,contacter,court_terme,DRC Skills for Economic Transformation Project,Ministry of Professional Training,COD,Projet BM (Active),"Projet BM Active approuve le 2026-02-26 (300 M USD). Signal AMONT : deploiement a venir en amont de l'appel d'offres. Cible : le titulaire qui executera, pas l'agence.",BMP-P510575,https://projects.worldbank.org/en/projects-operations/project-detail/P510575,2031-06-30,2026-02-26,nouveau,2026-08-13
2026-08-18,3.2,4.4,2.0,ignorer,court_terme,Transforming Rail and Connectivity in Kazakhstan (Middle Corridor Development),NC Kazakhstan Temir Zholy JSC,KAZ,Projet BM (Active),"Projet BM Active approuve le 2026-02-19 (montant n.c.). Signal AMONT : deploiement a venir en amont de l'appel d'offres. Cible : le titulaire qui executera, pas l'agence.",BMP-P512386,https://projects.worldbank.org/en/projects-operations/project-detail/P512386,2031-12-30,2026-02-19,nouveau,2026-08-13
2026-08-18,6.0,10.0,2.0,surveiller,court_terme,Niger Contingent Emergency Response Project (CERP),Cabinet du Premier Ministre - Projet Integre de Developpement Urbain et de Resilience Multisectorielle - PIDUREM,NER,Projet BM (Active),"Projet BM Active approuve le 2026-02-17 (montant n.c.). Signal AMONT : deploiement a venir en amont de l'appel d'offres. Cible : le titulaire qui executera, pas l'agence.",BMP-P509258,https://projects.worldbank.org/en/projects-operations/project-detail/P509258,2031-11-28,2026-02-17,nouveau,2026-08-13
2026-08-18,4.4,6.8,2.0,ignorer,court_terme,Uzbekistan Gas Leak Repair Facility,JSC Uztransgaz,UZB,Projet BM (Active),"Projet BM Active approuve le 2026-02-17 (montant n.c.). Signal AMONT : deploiement a venir en amont de l'appel d'offres. Cible : le titulaire qui executera, pas l'agence.",BMP-P508941,https://projects.worldbank.org/en/projects-operations/project-detail/P508941,2029-01-30,2026-02-17,nouveau,2026-08-13
2026-08-18,3.2,4.4,2.0,ignorer,court_terme,TANZANIA: ECONOMIC INCLUSION OF YOUTH AND WOMEN IN ZANZIBAR PROJECT,Zanzibar Fighting Against Youth Challenges Organization (ZAFAYCO),TZA,Projet BM (Active),"Projet BM Active approuve le 2026-02-16 (3 M USD). Signal AMONT : deploiement a venir en amont de l'appel d'offres. Cible : le titulaire qui executera, pas l'agence.",BMP-P165414,https://projects.worldbank.org/en/projects-operations/project-detail/P165414,2029-09-27,2026-02-16,nouveau,2026-08-13
2026-08-18,5.2,4.4,6.0,surveiller,court_terme,Access to Basic Services and Performance Improvement Project (PASBAP),"CN-TIPPEE,Gabonese Energy and Water Company (SEEG),Ministry of Universal Access to Water and Energy",GAB,Projet BM (Active),"Projet BM Active approuve le 2026-02-05 (150 M USD). Signal AMONT : deploiement a venir en amont de l'appel d'offres. Cible : le titulaire qui executera, pas l'agence.",BMP-P179643,https://projects.worldbank.org/en/projects-operations/project-detail/P179643,2032-06-30,2026-02-05,nouveau,2026-08-13
2026-08-18,6.4,6.8,6.0,surveiller,court_terme,Karachi Mobility Project,,PAK,Projet BM (Active),"Projet BM Active approuve le 2026-01-29 (158 M USD). Signal AMONT : deploiement a venir en amont de l'appel d'offres. Cible : le titulaire qui executera, pas l'agence.",BMP-P512367,https://projects.worldbank.org/en/projects-operations/project-detail/P512367,,2026-01-29,nouveau,2026-08-13
2026-08-18,5.7,4.4,7.0,surveiller,court_terme,Social Safety Net Enhancement and System Building Project,Ministry of Social Affairs,LBN,Projet BM (Active),"Projet BM Active approuve le 2026-01-26 (200 M USD). Signal AMONT : deploiement a venir en amont de l'appel d'offres. Cible : le titulaire qui executera, pas l'agence.",BMP-P512384,https://projects.worldbank.org/en/projects-operations/project-detail/P512384,2029-12-31,2026-01-26,nouveau,2026-08-13
2026-08-18,5.2,4.4,6.0,surveiller,court_terme,Lebanon Digital Acceleration Project,Office of the Minister of State for Administrative Reform (OMSAR),LBN,Projet BM (Active),"Projet BM Active approuve le 2026-01-26 (150 M USD). Signal AMONT : deploiement a venir en amont de l'appel d'offres. Cible : le titulaire qui executera, pas l'agence.",BMP-P506791,https://projects.worldbank.org/en/projects-operations/project-detail/P506791,2031-06-30,2026-01-26,nouveau,2026-08-13
2026-08-18,6.0,10.0,2.0,surveiller,court_terme,Second Growth Foundations Development Policy Operation,,UKR,Projet BM (Active),"Projet BM Active approuve le 2026-01-21 (montant n.c.). Signal AMONT : deploiement a venir en amont de l'appel d'offres. Cible : le titulaire qui executera, pas l'agence.",BMP-P515168,https://projects.worldbank.org/en/projects-operations/project-detail/P515168,,2026-01-21,nouveau,2026-08-13
2026-08-18,7.5,10.0,5.0,contacter,court_terme,Afghanistan Community Resilience and Livelihoods Project,,AFG,Projet BM (Active),"Projet BM Active approuve le 2026-01-20 (95 M USD). Signal AMONT : deploiement a venir en amont de l'appel d'offres. Cible : le titulaire qui executera, pas l'agence.",BMP-P508839,https://projects.worldbank.org/en/projects-operations/project-detail/P508839,,2026-01-20,nouveau,2026-08-13
2026-08-18,5.2,4.4,6.0,surveiller,court_terme,Women Entrepreneurship Development and Access to Finance Program,"Agence de Développement des PMEs (ADPME),Caisse de Dépôts et des Consignation du Benin,Ministry of SME Promotion,SME Investment and Guarantee Fund (FIGPME):",BEN,Projet BM (Active),"Projet BM Active approuve le 2026-01-15 (100 M USD). Signal AMONT : deploiement a venir en amont de l'appel d'offres. Cible : le titulaire qui executera, pas l'agence.",BMP-P500561,https://projects.worldbank.org/en/projects-operations/project-detail/P500561,2032-01-31,2026-01-15,nouveau,2026-08-13
2026-08-18,4.4,6.8,2.0,ignorer,court_terme,Support to Resilient and Sustainable Social Protection in Jordan,Ministry of Social Development,JOR,Projet BM (Active),"Projet BM Active approuve le 2026-01-14 (montant n.c.). Signal AMONT : deploiement a venir en amont de l'appel d'offres. Cible : le titulaire qui executera, pas l'agence.",BMP-P512635,https://projects.worldbank.org/en/projects-operations/project-detail/P512635,2027-04-30,2026-01-14,nouveau,2026-08-13
2026-08-18,4.4,6.8,2.0,ignorer,court_terme,Cameroon Contingent Emergency Response Project,"Ministry of Economy, Planning, and Regional Development",CMR,Projet BM (Active),"Projet BM Active approuve le 2026-01-09 (montant n.c.). Signal AMONT : deploiement a venir en amont de l'appel d'offres. Cible : le titulaire qui executera, pas l'agence.",BMP-P513151,https://projects.worldbank.org/en/projects-operations/project-detail/P513151,2032-01-15,2026-01-09,nouveau,2026-08-13
2026-08-18,3.7,4.4,3.0,ignorer,court_terme,Renewable Energy and Improved Utility Performance Project,,CPV,Projet BM (Active),"Projet BM Active approuve le 2026-01-08 (13 M USD). Signal AMONT : deploiement a venir en amont de l'appel d'offres. Cible : le titulaire qui executera, pas l'agence.",BMP-P507878,https://projects.worldbank.org/en/projects-operations/project-detail/P507878,,2026-01-08,nouveau,2026-08-13
2026-08-18,4.7,4.4,5.0,surveiller,court_terme,Togo Essential Quality Health Services For Universal Health Coverage Project,,TGO,Projet BM (Active),"Projet BM Active approuve le 2025-12-24 (70 M USD). Signal AMONT : deploiement a venir en amont de l'appel d'offres. Cible : le titulaire qui executera, pas l'agence.",BMP-P509061,https://projects.worldbank.org/en/projects-operations/project-detail/P509061,,2025-12-24,nouveau,2026-08-13
2026-08-18,7.0,10.0,4.0,contacter,court_terme,Improving Healthcare Services in Somalia Project (“Damal Caafimaad”),,SOM,Projet BM (Active),"Projet BM Active approuve le 2025-12-22 (28 M USD). Signal AMONT : deploiement a venir en amont de l'appel d'offres. Cible : le titulaire qui executera, pas l'agence.",BMP-P514269,https://projects.worldbank.org/en/projects-operations/project-detail/P514269,,2025-12-22,nouveau,2026-08-13
2026-08-18,6.4,6.8,6.0,surveiller,court_terme,Pakistan Public Resources for Inclusive Development Multiphase Programmatic Approach: Phase 1-Sindh,Province of Sindh,PAK,Projet BM (Active),"Projet BM Active approuve le 2025-12-19 (100 M USD). Signal AMONT : deploiement a venir en amont de l'appel d'offres. Cible : le titulaire qui executera, pas l'agence.",BMP-P511459,https://projects.worldbank.org/en/projects-operations/project-detail/P511459,2030-12-31,2025-12-19,nouveau,2026-08-13
2026-08-18,7.4,6.8,8.0,contacter,court_terme,Fostering Inclusive Finance for MSMEs in Nigeria (FINCLUDE) Project,Development Bank of Nigeria (DBN),NGA,Projet BM (Active),"Projet BM Active approuve le 2025-12-19 (500 M USD). Signal AMONT : deploiement a venir en amont de l'appel d'offres. Cible : le titulaire qui executera, pas l'agence.",BMP-P511062,https://projects.worldbank.org/en/projects-operations/project-detail/P511062,2031-06-30,2025-12-19,nouveau,2026-08-13
2026-08-18,7.4,6.8,8.0,contacter,court_terme,Pakistan Public Resources for Inclusive Development Multiphase Programmatic Approach: Federal,Ministry of Finance,PAK,Projet BM (Active),"Projet BM Active approuve le 2025-12-19 (600 M USD). Signal AMONT : deploiement a venir en amont de l'appel d'offres. Cible : le titulaire qui executera, pas l'agence.",BMP-P509827,https://projects.worldbank.org/en/projects-operations/project-detail/P509827,2030-12-31,2025-12-19,nouveau,2026-08-13
2026-08-18,5.9,6.8,5.0,surveiller,court_terme,"Agriculture Resilience, Value Chain Development and Innovation (ARDI) Program",,JOR,Projet BM (Active),"Projet BM Active approuve le 2025-12-19 (90 M USD). Signal AMONT : deploiement a venir en amont de l'appel d'offres. Cible : le titulaire qui executera, pas l'agence.",BMP-P507315,https://projects.worldbank.org/en/projects-operations/project-detail/P507315,,2025-12-19,nouveau,2026-08-13
2026-08-18,6.0,10.0,2.0,surveiller,court_terme,Lifting Education Access and Resilience in times of Need in Ukraine Program,,UKR,Projet BM (Active),"Projet BM Active approuve le 2025-12-18 (montant n.c.). Signal AMONT : deploiement a venir en amont de l'appel d'offres. Cible : le titulaire qui executera, pas l'agence.",BMP-P512670,https://projects.worldbank.org/en/projects-operations/project-detail/P512670,,2025-12-18,nouveau,2026-08-13
2026-08-18,4.7,4.4,5.0,surveiller,court_terme,Integrated Water Management and Development Project,,UGA,Projet BM (Active),"Projet BM Active approuve le 2025-12-18 (65 M USD). Signal AMONT : deploiement a venir en amont de l'appel d'offres. Cible : le titulaire qui executera, pas l'agence.",BMP-P510776,https://projects.worldbank.org/en/projects-operations/project-detail/P510776,,2025-12-18,nouveau,2026-08-13
2026-08-18,6.0,10.0,2.0,surveiller,court_terme,Palestinian Emergency Financing Facility,,PSE,Projet BM (Active),"Projet BM Active approuve le 2025-12-16 (montant n.c.). Signal AMONT : deploiement a venir en amont de l'appel d'offres. Cible : le titulaire qui executera, pas l'agence.",BMP-P514474,https://projects.worldbank.org/en/projects-operations/project-detail/P514474,,2025-12-16,nouveau,2026-08-13
2026-08-18,6.4,6.8,6.0,surveiller,court_terme,Access to Finance for Jobs and Growth MPA Phase 1 - Uzbekistan,"Central Bank of Uzbekistan,Entrepreneurship Development Company",UZB,Projet BM (Active),"Projet BM Active approuve le 2025-12-15 (100 M USD). Signal AMONT : deploiement a venir en amont de l'appel d'offres. Cible : le titulaire qui executera, pas l'agence.",BMP-P511700,https://projects.worldbank.org/en/projects-operations/project-detail/P511700,2030-12-31,2025-12-15,nouveau,2026-08-13
2026-08-18,6.0,10.0,2.0,surveiller,court_terme,"Niger, Improving Women’s and Girls’ Access to Improved Health and Nutrition Services in the Priority Areas Project – LAFIA-IYALI",,NER,Projet BM (Active),"Projet BM Active approuve le 2025-12-12 (6 M USD). Signal AMONT : deploiement a venir en amont de l'appel d'offres. Cible : le titulaire qui executera, pas l'agence.",BMP-P512908,https://projects.worldbank.org/en/projects-operations/project-detail/P512908,,2025-12-12,nouveau,2026-08-13
2026-08-18,6.9,6.8,7.0,contacter,court_terme,Accelerating Sustainable and Clean Energy Access Transformation in Mozambique,,MOZ,Projet BM (Active),"Projet BM Active approuve le 2025-12-12 (200 M USD). Signal AMONT : deploiement a venir en amont de l'appel d'offres. Cible : le titulaire qui executera, pas l'agence.",BMP-P512418,https://projects.worldbank.org/en/projects-operations/project-detail/P512418,,2025-12-12,nouveau,2026-08-13
2026-08-18,5.7,4.4,7.0,surveiller,court_terme,Primary Education Equity in Learning Program,,KEN,Projet BM (Active),"Projet BM Active approuve le 2025-12-12 (250 M USD). Signal AMONT : deploiement a venir en amont de l'appel d'offres. Cible : le titulaire qui executera, pas l'agence.",BMP-P510616,https://projects.worldbank.org/en/projects-operations/project-detail/P510616,,2025-12-12,nouveau,2026-08-13
2026-08-18,5.2,4.4,6.0,surveiller,court_terme,Togo's First Invest-4-Jobs Development Policy Financing (DPF) Operation,Ministry of Finance and Budget,TGO,Projet BM (Active),"Projet BM Active approuve le 2025-12-12 (150 M USD). Signal AMONT : deploiement a venir en amont de l'appel d'offres. Cible : le titulaire qui executera, pas l'agence.",BMP-P510580,https://projects.worldbank.org/en/projects-operations/project-detail/P510580,2027-05-31,2025-12-12,nouveau,2026-08-13
2026-08-18,6.9,6.8,7.0,contacter,court_terme,"EduImkon: Redesigning Opportunity, Delivering Educational Equity",Ministry of Economy and Finance,UZB,Projet BM (Active),"Projet BM Active approuve le 2025-12-11 (250 M USD). Signal AMONT : deploiement a venir en amont de l'appel d'offres. Cible : le titulaire qui executera, pas l'agence.",BMP-P513279,https://projects.worldbank.org/en/projects-operations/project-detail/P513279,2028-12-31,2025-12-11,nouveau,2026-08-13
2026-08-18,6.9,6.8,7.0,contacter,court_terme,Livable and Productive Cities Operation,Ministry of Economy and Finance of the Republic of Uzbekistan,UZB,Projet BM (Active),"Projet BM Active approuve le 2025-12-11 (250 M USD). Signal AMONT : deploiement a venir en amont de l'appel d'offres. Cible : le titulaire qui executera, pas l'agence.",BMP-P508451,https://projects.worldbank.org/en/projects-operations/project-detail/P508451,2031-02-15,2025-12-11,nouveau,2026-08-13
2026-08-18,6.9,6.8,7.0,contacter,court_terme,Punjab Inclusive Cities Program,"Government of Punjab, through the Local Government and Community Development Department",PAK,Projet BM (Active),"Projet BM Active approuve le 2025-12-11 (400 M USD). Signal AMONT : deploiement a venir en amont de l'appel d'offres. Cible : le titulaire qui executera, pas l'agence.",BMP-P508094,https://projects.worldbank.org/en/projects-operations/project-detail/P508094,2030-12-31,2025-12-11,nouveau,2026-08-13
2026-08-18,3.7,4.4,3.0,ignorer,court_terme,Cabo Verde Third Fiscal Space and Sustainable Growth Development Policy Financing,Ministry of Finance,CPV,Projet BM (Active),"Projet BM Active approuve le 2025-12-11 (15 M USD). Signal AMONT : deploiement a venir en amont de l'appel d'offres. Cible : le titulaire qui executera, pas l'agence.",BMP-P501992,https://projects.worldbank.org/en/projects-operations/project-detail/P501992,2026-12-31,2025-12-11,nouveau,2026-08-13
2026-08-18,4.7,4.4,5.0,surveiller,court_terme,Burundi Water Supply and Sanitation Access Project,"Ministry of Mineral Resources, Energy, Industry, Trade and Tourism ,REGIDESO",BDI,Projet BM (Active),"Projet BM Active approuve le 2025-12-10 (80 M USD). Signal AMONT : deploiement a venir en amont de l'appel d'offres. Cible : le titulaire qui executera, pas l'agence.",BMP-P507207,https://projects.worldbank.org/en/projects-operations/project-detail/P507207,2030-12-31,2025-12-10,nouveau,2026-08-13
2026-08-18,6.9,6.8,7.0,contacter,court_terme,Urban Productive Safety Net and Jobs Project,,ETH,Projet BM (Active),"Projet BM Active approuve le 2025-12-09 (250 M USD). Signal AMONT : deploiement a venir en amont de l'appel d'offres. Cible : le titulaire qui executera, pas l'agence.",BMP-P511363,https://projects.worldbank.org/en/projects-operations/project-detail/P511363,,2025-12-09,nouveau,2026-08-13
2026-08-18,4.2,4.4,4.0,ignorer,court_terme,Mauritania First Reforms for Inclusive and Sustainable Growth DPF,Ministry of Economic Affairs and Development,MRT,Projet BM (Active),"Projet BM Active approuve le 2025-11-25 (30 M USD). Signal AMONT : deploiement a venir en amont de l'appel d'offres. Cible : le titulaire qui executera, pas l'agence.",BMP-P511001,https://projects.worldbank.org/en/projects-operations/project-detail/P511001,2027-06-01,2025-11-25,nouveau,2026-08-13
2026-08-18,4.2,4.4,4.0,ignorer,court_terme,The Gambia Advancing Reforms  for Inclusive and Sustainable Economic Growth (ARISE) DPF1,Ministry of Finance and Economic Affairs,GMB,Projet BM (Active),"Projet BM Active approuve le 2025-11-24 (45 M USD). Signal AMONT : deploiement a venir en amont de l'appel d'offres. Cible : le titulaire qui executera, pas l'agence.",BMP-P510637,https://projects.worldbank.org/en/projects-operations/project-detail/P510637,2027-12-31,2025-11-24,nouveau,2026-08-13
2026-08-18,5.2,4.4,6.0,surveiller,court_terme,Ghana Landscape Restoration and Small-Scale Mining Project,,GHA,Projet BM (Active),"Projet BM Active approuve le 2025-11-24 (103 M USD). Signal AMONT : deploiement a venir en amont de l'appel d'offres. Cible : le titulaire qui executera, pas l'agence.",BMP-P506453,https://projects.worldbank.org/en/projects-operations/project-detail/P506453,,2025-11-24,nouveau,2026-08-13
2026-08-18,5.7,4.4,7.0,surveiller,court_terme,Huila-Cunene Interconnection Project,National Transmission Company (RNT),AGO,Projet BM (Active),"Projet BM Active approuve le 2025-11-21 (334 M USD). Signal AMONT : deploiement a venir en amont de l'appel d'offres. Cible : le titulaire qui executera, pas l'agence.",BMP-P512716,https://projects.worldbank.org/en/projects-operations/project-detail/P512716,2030-12-31,2025-11-21,nouveau,2026-08-13
2026-08-18,5.2,4.4,6.0,surveiller,court_terme,Revenue Improvement and Spending Efficiency Program-for-Results Operation,"Ministry of Finance and Economic Planning (MINECOFIN),Ministry of Local Governments (MINALOC)",RWA,Projet BM (Active),"Projet BM Active approuve le 2025-11-21 (100 M USD). Signal AMONT : deploiement a venir en amont de l'appel d'offres. Cible : le titulaire qui executera, pas l'agence.",BMP-P507538,https://projects.worldbank.org/en/projects-operations/project-detail/P507538,2029-12-31,2025-11-21,nouveau,2026-08-13
2026-08-18,5.7,4.4,7.0,surveiller,court_terme,"Angola Health Emergency Preparedness, Response, and Resilience Project Using the Multi-Phase Programmatic Approach",Angola Ministry of Health,AGO,Projet BM (Active),"Projet BM Active approuve le 2025-11-21 (250 M USD). Signal AMONT : deploiement a venir en amont de l'appel d'offres. Cible : le titulaire qui executera, pas l'agence.",BMP-P507385,https://projects.worldbank.org/en/projects-operations/project-detail/P507385,2030-03-31,2025-11-21,nouveau,2026-08-13
2026-08-18,3.7,4.4,3.0,ignorer,court_terme,CAR - Emergency Infrastructure and Connectivity Recovery Project,,CAF,Projet BM (Active),"Projet BM Active approuve le 2025-11-11 (10 M USD). Signal AMONT : deploiement a venir en amont de l'appel d'offres. Cible : le titulaire qui executera, pas l'agence.",BMP-P513082,https://projects.worldbank.org/en/projects-operations/project-detail/P513082,,2025-11-11,nouveau,2026-08-13
2026-08-18,3.2,4.4,2.0,ignorer,court_terme,Girls' Education and Women's Empowerment and Livelihoods for Human Capital Project,,ZMB,Projet BM (Active),"Projet BM Active approuve le 2025-11-10 (montant n.c.). Signal AMONT : deploiement a venir en amont de l'appel d'offres. Cible : le titulaire qui executera, pas l'agence.",BMP-P510548,https://projects.worldbank.org/en/projects-operations/project-detail/P510548,,2025-11-10,nouveau,2026-08-13
2026-08-18,3.2,4.4,2.0,ignorer,court_terme,Guinea Bissau Contingent Emergency Response Project (CERP),"Ministry of Public Works, Housing and Urbanism",GNB,Projet BM (Active),"Projet BM Active approuve le 2025-11-09 (montant n.c.). Signal AMONT : deploiement a venir en amont de l'appel d'offres. Cible : le titulaire qui executera, pas l'agence.",BMP-P509755,https://projects.worldbank.org/en/projects-operations/project-detail/P509755,2031-11-07,2025-11-09,nouveau,2026-08-13
2026-08-18,8.0,10.0,6.0,contacter,court_terme,Human Capital Protection Project,,BFA,Projet BM (Active),"Projet BM Active approuve le 2025-10-31 (100 M USD). Signal AMONT : deploiement a venir en amont de l'appel d'offres. Cible : le titulaire qui executera, pas l'agence.",BMP-P511539,https://projects.worldbank.org/en/projects-operations/project-detail/P511539,,2025-10-31,nouveau,2026-08-13
2026-08-18,5.2,4.4,6.0,surveiller,court_terme,Chad MSME Development and Access to Finance,Ministry of Trade and Industry / Ministère du Commerce et de l'Industrie,TCD,Projet BM (Active),"Projet BM Active approuve le 2025-10-31 (100 M USD). Signal AMONT : deploiement a venir en amont de l'appel d'offres. Cible : le titulaire qui executera, pas l'agence.",BMP-P507617,https://projects.worldbank.org/en/projects-operations/project-detail/P507617,2031-12-31,2025-10-31,nouveau,2026-08-13
2026-08-18,4.7,4.4,5.0,surveiller,court_terme,Republic of Congo Strengthening Urban Resilience Project,"Ministry of Construction, Urbanism and Housing                                                      ,Ministry of Territorial Development and Major Works",COG,Projet BM (Active),"Projet BM Active approuve le 2025-10-30 (60 M USD). Signal AMONT : deploiement a venir en amont de l'appel d'offres. Cible : le titulaire qui executera, pas l'agence.",BMP-P179190,https://projects.worldbank.org/en/projects-operations/project-detail/P179190,2031-10-31,2025-10-30,nouveau,2026-08-13
2026-08-18,5.7,4.4,7.0,surveiller,court_terme,Rwanda - Energy Access and Quality Improvement Project,,RWA,Projet BM (Active),"Projet BM Active approuve le 2025-10-27 (288 M USD). Signal AMONT : deploiement a venir en amont de l'appel d'offres. Cible : le titulaire qui executera, pas l'agence.",BMP-P513031,https://projects.worldbank.org/en/projects-operations/project-detail/P513031,,2025-10-27,nouveau,2026-08-13
2026-08-18,3.2,4.4,2.0,ignorer,court_terme,Kyrgyz Republic Contingent Emergency Response Project,Ministry of Emergency Situation,KGZ,Projet BM (Active),"Projet BM Active approuve le 2025-10-24 (montant n.c.). Signal AMONT : deploiement a venir en amont de l'appel d'offres. Cible : le titulaire qui executera, pas l'agence.",BMP-P509818,https://projects.worldbank.org/en/projects-operations/project-detail/P509818,2031-10-24,2025-10-24,nouveau,2026-08-13
2026-08-18,7.4,6.8,8.0,contacter,court_terme,First Advancing Global Integration and Market Transition Uzbekistan Programmatic Development Policy Operation,Ministry of Economy and Finance,UZB,Projet BM (Active),"Projet BM Active approuve le 2025-10-10 (800 M USD). Signal AMONT : deploiement a venir en amont de l'appel d'offres. Cible : le titulaire qui executera, pas l'agence.",BMP-P511920,https://projects.worldbank.org/en/projects-operations/project-detail/P511920,2027-06-30,2025-10-10,nouveau,2026-08-13
2026-08-18,4.4,6.8,2.0,ignorer,court_terme,Restoring Ecosystems for Marine Pollution Prevention (RE-MAP),"Ministry of Environment,National Office for Environmental Projects Implementation (NOEPI)",MDA,Projet BM (Active),"Projet BM Active approuve le 2025-10-10 (montant n.c.). Signal AMONT : deploiement a venir en amont de l'appel d'offres. Cible : le titulaire qui executera, pas l'agence.",BMP-P505546,https://projects.worldbank.org/en/projects-operations/project-detail/P505546,2030-12-31,2025-10-10,nouveau,2026-08-13
2026-08-18,5.2,4.4,6.0,surveiller,court_terme,RESULTS ACCELERATION PROGRAM FOR INCLUSIVE DIGITALIZATION IN CÔTE D'IVOIRE - PHASE 1,Ministry of Digital Transition and Digitalization,CIV,Projet BM (Active),"Projet BM Active approuve le 2025-10-09 (150 M USD). Signal AMONT : deploiement a venir en amont de l'appel d'offres. Cible : le titulaire qui executera, pas l'agence.",BMP-P180059,https://projects.worldbank.org/en/projects-operations/project-detail/P180059,2030-08-31,2025-10-09,nouveau,2026-08-13
2026-08-18,7.4,6.8,8.0,contacter,court_terme,Building Resilient Digital Infrastructure for Growth - BRIDGE,Federal Ministry of Communications and Digital Economy,NGA,Projet BM (Active),"Projet BM Active approuve le 2025-10-06 (500 M USD). Signal AMONT : deploiement a venir en amont de l'appel d'offres. Cible : le titulaire qui executera, pas l'agence.",BMP-P508383,https://projects.worldbank.org/en/projects-operations/project-detail/P508383,2030-09-30,2025-10-06,nouveau,2026-08-13
2026-08-18,3.7,4.4,3.0,ignorer,court_terme,Second Tanzania Water Sector Support Project,,TZA,Projet BM (Active),"Projet BM Active approuve le 2025-10-06 (14 M USD). Signal AMONT : deploiement a venir en amont de l'appel d'offres. Cible : le titulaire qui executera, pas l'agence.",BMP-P508033,https://projects.worldbank.org/en/projects-operations/project-detail/P508033,,2025-10-06,nouveau,2026-08-13
2026-08-18,6.0,10.0,2.0,surveiller,court_terme,Palestinian Emergency Financing Facility,,PSE,Projet BM (Active),"Projet BM Active approuve le 2025-10-03 (montant n.c.). Signal AMONT : deploiement a venir en amont de l'appel d'offres. Cible : le titulaire qui executera, pas l'agence.",BMP-P513300,https://projects.worldbank.org/en/projects-operations/project-detail/P513300,,2025-10-03,nouveau,2026-08-13
2026-08-18,8.0,10.0,6.0,contacter,court_terme,Improving Healthcare Services in Somalia Project (“Damal Caafimaad”),,SOM,Projet BM (Active),"Projet BM Active approuve le 2025-09-30 (100 M USD). Signal AMONT : deploiement a venir en amont de l'appel d'offres. Cible : le titulaire qui executera, pas l'agence.",BMP-P511167,https://projects.worldbank.org/en/projects-operations/project-detail/P511167,,2025-09-30,nouveau,2026-08-13
2026-08-18,5.7,4.4,7.0,surveiller,court_terme,Sustainable Rural Water Supply and Sanitation Program Phase II,"Ministry of Water (Mainland),Ministry of Water, Energy and Mines (Zanzibar)",TZA,Projet BM (Active),"Projet BM Active approuve le 2025-09-30 (200 M USD). Signal AMONT : deploiement a venir en amont de l'appel d'offres. Cible : le titulaire qui executera, pas l'agence.",BMP-P508698,https://projects.worldbank.org/en/projects-operations/project-detail/P508698,2030-09-30,2025-09-30,nouveau,2026-08-13
2026-08-18,6.9,6.8,7.0,contacter,court_terme,"Health Security Program in Western and Central Africa, Nigeria - Phase II",Nigeria Centres for Disease Control and Prevention (NCDC),NGA,Projet BM (Active),"Projet BM Active approuve le 2025-09-30 (250 M USD). Signal AMONT : deploiement a venir en amont de l'appel d'offres. Cible : le titulaire qui executera, pas l'agence.",BMP-P508003,https://projects.worldbank.org/en/projects-operations/project-detail/P508003,2030-12-31,2025-09-30,nouveau,2026-08-13
2026-08-18,5.2,4.4,6.0,surveiller,court_terme,Rwanda Disaster Risk Management Development Policy Credit with a Catastrophe Deferred Drawdown Option,Ministry in charge of Emergency Management (MINEMA),RWA,Projet BM (Active),"Projet BM Active approuve le 2025-09-26 (141 M USD). Signal AMONT : deploiement a venir en amont de l'appel d'offres. Cible : le titulaire qui executera, pas l'agence.",BMP-P181603,https://projects.worldbank.org/en/projects-operations/project-detail/P181603,2028-12-31,2025-09-26,nouveau,2026-08-13
2026-08-18,4.2,4.4,4.0,ignorer,court_terme,Sierra Leone Water Security and WASH Access Improvement Project,"Ministry of Finance,Ministry of Water Resources and Sanitation",SLE,Projet BM (Active),"Projet BM Active approuve le 2025-09-25 (40 M USD). Signal AMONT : deploiement a venir en amont de l'appel d'offres. Cible : le titulaire qui executera, pas l'agence.",BMP-P507588,https://projects.worldbank.org/en/projects-operations/project-detail/P507588,2031-12-31,2025-09-25,nouveau,2026-08-13
2026-08-18,8.0,10.0,6.0,contacter,court_terme,Building Opportunities and Outcomes in Social Protection and Youth Employment,"Ministry of Labor and Social Affairs,Ministry of Labor, Social Affairs and Family, Government of Somaliland",SOM,Projet BM (Active),"Projet BM Active approuve le 2025-09-25 (100 M USD). Signal AMONT : deploiement a venir en amont de l'appel d'offres. Cible : le titulaire qui executera, pas l'agence.",BMP-P507443,https://projects.worldbank.org/en/projects-operations/project-detail/P507443,2029-12-31,2025-09-25,nouveau,2026-08-13
2026-08-18,5.2,4.4,6.0,surveiller,court_terme,Transforming Landscapes for Resilience and Development in Zambia II,Ministry of Environment and Green Economy,ZMB,Projet BM (Active),"Projet BM Active approuve le 2025-09-23 (100 M USD). Signal AMONT : deploiement a venir en amont de l'appel d'offres. Cible : le titulaire qui executera, pas l'agence.",BMP-P507971,https://projects.worldbank.org/en/projects-operations/project-detail/P507971,2030-12-18,2025-09-23,nouveau,2026-08-13
2026-08-18,7.5,10.0,5.0,contacter,court_terme,"Resilient, Inclusive and Sustainable Enterprise Program for Results",,UKR,Projet BM (Active),"Projet BM Active approuve le 2025-09-12 (88 M USD). Signal AMONT : deploiement a venir en amont de l'appel d'offres. Cible : le titulaire qui executera, pas l'agence.",BMP-P512238,https://projects.worldbank.org/en/projects-operations/project-detail/P512238,,2025-09-12,nouveau,2026-08-13
2026-08-18,3.2,4.4,2.0,ignorer,court_terme,"Turkmenistan One Health for Pandemic Prevention, Food Systems Resilience, and Ecosystem Health","Ministry of Environmental Protection,Ministry of Health and Medical Industry,State Veterinary Service",TKM,Projet BM (Active),"Projet BM Active approuve le 2025-09-11 (montant n.c.). Signal AMONT : deploiement a venir en amont de l'appel d'offres. Cible : le titulaire qui executera, pas l'agence.",BMP-P512354,https://projects.worldbank.org/en/projects-operations/project-detail/P512354,2027-12-31,2025-09-11,nouveau,2026-08-13
2026-08-18,8.5,10.0,7.0,contacter,court_terme,Supporting Reconstruction through Smart Fiscal Governance (SURGE),,UKR,Projet BM (Active),"Projet BM Active approuve le 2025-09-11 (247 M USD). Signal AMONT : deploiement a venir en amont de l'appel d'offres. Cible : le titulaire qui executera, pas l'agence.",BMP-P512209,https://projects.worldbank.org/en/projects-operations/project-detail/P512209,,2025-09-11,nouveau,2026-08-13
2026-08-18,5.2,4.4,6.0,surveiller,court_terme,Digital Zambia Acceleration Project (DZAP),Smart Zambia Institute,ZMB,Projet BM (Active),"Projet BM Active approuve le 2025-09-11 (100 M USD). Signal AMONT : deploiement a venir en amont de l'appel d'offres. Cible : le titulaire qui executera, pas l'agence.",BMP-P505094,https://projects.worldbank.org/en/projects-operations/project-detail/P505094,2030-10-31,2025-09-11,nouveau,2026-08-13
2026-08-18,4.7,4.4,5.0,surveiller,court_terme,Resilient and Strategic Transport Operational Enhancement Project in Malawi,"Ministry of Transport and Public Works,Roads Authority",MWI,Projet BM (Active),"Projet BM Active approuve le 2025-09-04 (65 M USD). Signal AMONT : deploiement a venir en amont de l'appel d'offres. Cible : le titulaire qui executera, pas l'agence.",BMP-P500625,https://projects.worldbank.org/en/projects-operations/project-detail/P500625,2030-12-31,2025-09-04,nouveau,2026-08-13
2026-08-18,5.7,4.4,7.0,surveiller,court_terme,Uganda Strengthening Public Investment and Asset Management for Growth and Resilience Operation (PIM Plus),"Ministry of Finance, Planning & Economic Development,National Planning Authority",UGA,Projet BM (Active),"Projet BM Active approuve le 2025-09-03 (200 M USD). Signal AMONT : deploiement a venir en amont de l'appel d'offres. Cible : le titulaire qui executera, pas l'agence.",BMP-P511206,https://projects.worldbank.org/en/projects-operations/project-detail/P511206,2031-09-30,2025-09-03,nouveau,2026-08-13
2026-08-18,3.7,4.4,3.0,ignorer,court_terme,Comoros Second Fiscal Management and Resilient Growth Development Policy Financing,"Ministère des Finances, du Budget et du Secteur Bancaire / Ministry of Finance, Budget and Banking Sector",COM,Projet BM (Active),"Projet BM Active approuve le 2025-08-29 (20 M USD). Signal AMONT : deploiement a venir en amont de l'appel d'offres. Cible : le titulaire qui executera, pas l'agence.",BMP-P181269,https://projects.worldbank.org/en/projects-operations/project-detail/P181269,2027-02-26,2025-08-29,nouveau,2026-08-13
2026-08-18,4.4,6.8,2.0,ignorer,court_terme,Getting Results: Access and Delivery of quality Education Services and System Transformation in Punjab Project,School Education Department,PAK,Projet BM (Active),"Projet BM Active approuve le 2025-08-22 (montant n.c.). Signal AMONT : deploiement a venir en amont de l'appel d'offres. Cible : le titulaire qui executera, pas l'agence.",BMP-P508940,https://projects.worldbank.org/en/projects-operations/project-detail/P508940,2029-04-30,2025-08-22,nouveau,2026-08-13
2026-08-18,5.4,6.8,4.0,surveiller,court_terme,Adaptive Safety Nets and Economic Inclusion Project,,CMR,Projet BM (Active),"Projet BM Active approuve le 2025-08-18 (39 M USD). Signal AMONT : deploiement a venir en amont de l'appel d'offres. Cible : le titulaire qui executera, pas l'agence.",BMP-P510425,https://projects.worldbank.org/en/projects-operations/project-detail/P510425,,2025-08-18,nouveau,2026-08-13
2026-08-18,3.2,4.4,2.0,ignorer,indetermine,Malawi Foundational Learning Program for Results,"Ministry of Basic and Secondary Education,Ministry of Finance and Economic Affairs",MWI,Projet BM (Active),"Projet BM Active approuve le 2025-08-11 (montant n.c.). Signal AMONT : deploiement a venir en amont de l'appel d'offres. Cible : le titulaire qui executera, pas l'agence.",BMP-P507745,https://projects.worldbank.org/en/projects-operations/project-detail/P507745,2029-12-31,2025-08-11,nouveau,2026-08-13
2026-08-18,8.0,10.0,6.0,contacter,indetermine,Second Somalia Economic Resilience Development Policy Financing,Ministry of Finance,SOM,Projet BM (Active),"Projet BM Active approuve le 2025-08-07 (125 M USD). Signal AMONT : deploiement a venir en amont de l'appel d'offres. Cible : le titulaire qui executera, pas l'agence.",BMP-P506857,https://projects.worldbank.org/en/projects-operations/project-detail/P506857,2026-12-31,2025-08-07,nouveau,2026-08-13
2026-08-18,4.7,4.4,5.0,surveiller,indetermine,First Competitive and Inclusive Tajikistan DPO,Ministry of Finance,TJK,Projet BM (Active),"Projet BM Active approuve le 2025-08-07 (50 M USD). Signal AMONT : deploiement a venir en amont de l'appel d'offres. Cible : le titulaire qui executera, pas l'agence.",BMP-P501015,https://projects.worldbank.org/en/projects-operations/project-detail/P501015,2026-12-31,2025-08-07,nouveau,2026-08-13
2026-08-18,6.9,6.8,7.0,contacter,indetermine,Solutions for the Internally Displaced and Host Communities Project,The Federal Ministry of Budget and Economic Planning,NGA,Projet BM (Active),"Projet BM Active approuve le 2025-08-07 (300 M USD). Signal AMONT : deploiement a venir en amont de l'appel d'offres. Cible : le titulaire qui executera, pas l'agence.",BMP-P181248,https://projects.worldbank.org/en/projects-operations/project-detail/P181248,2030-07-30,2025-08-07,nouveau,2026-08-13
2026-08-18,4.7,4.4,5.0,surveiller,indetermine,Emergency Response and Nafa Program Support Project,,GIN,Projet BM (Active),"Projet BM Active approuve le 2025-08-04 (50 M USD). Signal AMONT : deploiement a venir en amont de l'appel d'offres. Cible : le titulaire qui executera, pas l'agence.",BMP-P509415,https://projects.worldbank.org/en/projects-operations/project-detail/P509415,,2025-08-04,nouveau,2026-08-13
2026-08-18,6.0,10.0,2.0,surveiller,indetermine,Burkina Faso Contingent Emergency Response Project (CERP),DGCOOP,BFA,Projet BM (Active),"Projet BM Active approuve le 2025-08-02 (montant n.c.). Signal AMONT : deploiement a venir en amont de l'appel d'offres. Cible : le titulaire qui executera, pas l'agence.",BMP-P509526,https://projects.worldbank.org/en/projects-operations/project-detail/P509526,2031-06-30,2025-08-02,nouveau,2026-08-13
2026-08-18,5.7,4.4,7.0,surveiller,indetermine,Accelerating Sustainable and Clean Energy Access Transformation in Zambia,"Ministry of Energy,Rural Electrification Authority",ZMB,Projet BM (Active),"Projet BM Active approuve le 2025-07-28 (200 M USD). Signal AMONT : deploiement a venir en amont de l'appel d'offres. Cible : le titulaire qui executera, pas l'agence.",BMP-P507635,https://projects.worldbank.org/en/projects-operations/project-detail/P507635,2030-06-28,2025-07-28,nouveau,2026-08-13
2026-08-18,6.9,6.8,7.0,contacter,indetermine,Accelerating Sustainable and Clean Energy Access Transformation in Ethiopia,"Ethiopia Electric Utility,Ministry of Water and Energy",ETH,Projet BM (Active),"Projet BM Active approuve le 2025-07-28 (400 M USD). Signal AMONT : deploiement a venir en amont de l'appel d'offres. Cible : le titulaire qui executera, pas l'agence.",BMP-P506061,https://projects.worldbank.org/en/projects-operations/project-detail/P506061,2030-12-31,2025-07-28,nouveau,2026-08-13
2026-08-18,4.7,4.4,5.0,surveiller,indetermine,CAR Inclusive and Resilient Cities Project,,CAF,Projet BM (Active),"Projet BM Active approuve le 2025-07-22 (70 M USD). Signal AMONT : deploiement a venir en amont de l'appel d'offres. Cible : le titulaire qui executera, pas l'agence.",BMP-P511373,https://projects.worldbank.org/en/projects-operations/project-detail/P511373,,2025-07-22,nouveau,2026-08-13
2026-08-18,6.0,10.0,2.0,surveiller,indetermine,Second Real Estate Registration Project,"Ministry of Finance,Palestinian Land Authority,Palestinian Land and Water Settlement Commission",PSE,Projet BM (Active),"Projet BM Active approuve le 2025-07-15 (montant n.c.). Signal AMONT : deploiement a venir en amont de l'appel d'offres. Cible : le titulaire qui executera, pas l'agence.",BMP-P507514,https://projects.worldbank.org/en/projects-operations/project-detail/P507514,2030-09-30,2025-07-15,nouveau,2026-08-13
2026-08-18,3.2,4.4,2.0,ignorer,indetermine,Improving Inclusion of Vulnerable Children with Disabilities Project,National Agency for Persons with Disabilities (ANPH),DJI,Projet BM (Active),"Projet BM Active approuve le 2025-07-11 (montant n.c.). Signal AMONT : deploiement a venir en amont de l'appel d'offres. Cible : le titulaire qui executera, pas l'agence.",BMP-P180999,https://projects.worldbank.org/en/projects-operations/project-detail/P180999,2028-06-30,2025-07-11,nouveau,2026-08-13
2026-08-18,6.0,10.0,2.0,surveiller,indetermine,Preparation of Resilient Projects to Advance Recovery of Ukraine (PREPARE Ukraine),"Ministry of Economy,PPP Agency",UKR,Projet BM (Active),"Projet BM Active approuve le 2025-07-08 (montant n.c.). Signal AMONT : deploiement a venir en amont de l'appel d'offres. Cible : le titulaire qui executera, pas l'agence.",BMP-P508490,https://projects.worldbank.org/en/projects-operations/project-detail/P508490,2030-06-30,2025-07-08,nouveau,2026-08-13
2026-08-18,7.4,6.8,8.0,contacter,indetermine,Second Sustainable and Inclusive Growth Development Policy Operation,Ministry of Finance,ETH,Projet BM (Active),"Projet BM Active approuve le 2025-07-03 (1000 M USD). Signal AMONT : deploiement a venir en amont de l'appel d'offres. Cible : le titulaire qui executera, pas l'agence.",BMP-P506352,https://projects.worldbank.org/en/projects-operations/project-detail/P506352,2027-12-31,2025-07-03,nouveau,2026-08-13
2026-08-18,3.2,4.4,2.0,ignorer,indetermine,Ecosystem-Based Restoration Approach for Nyungwe-Ruhango Corridor Project,Rwanda Environment Management Authority (REMA),RWA,Projet BM (Active),"Projet BM Active approuve le 2025-07-02 (montant n.c.). Signal AMONT : deploiement a venir en amont de l'appel d'offres. Cible : le titulaire qui executera, pas l'agence.",BMP-P507271,https://projects.worldbank.org/en/projects-operations/project-detail/P507271,2030-05-31,2025-07-02,nouveau,2026-08-13
2026-08-18,6.0,10.0,2.0,surveiller,indetermine,Lifting Education Access and Resilience in times of Need in Ukraine Program,,UKR,Projet BM (Active),"Projet BM Active approuve le 2025-06-30 (5 M USD). Signal AMONT : deploiement a venir en amont de l'appel d'offres. Cible : le titulaire qui executera, pas l'agence.",BMP-P512263,https://projects.worldbank.org/en/projects-operations/project-detail/P512263,,2025-06-30,nouveau,2026-08-13
2026-08-18,4.7,4.4,5.0,surveiller,indetermine,"Côte d'Ivoire Health, Nutrition, and Early Childhood Development Program",,CIV,Projet BM (Active),"Projet BM Active approuve le 2025-06-30 (79 M USD). Signal AMONT : deploiement a venir en amont de l'appel d'offres. Cible : le titulaire qui executera, pas l'agence.",BMP-P511756,https://projects.worldbank.org/en/projects-operations/project-detail/P511756,,2025-06-30,nouveau,2026-08-13
2026-08-18,5.2,4.4,6.0,surveiller,indetermine,Guinea Electricity Access Scale Up Project-Phase 2,"Electricite de Guinée (EDG),Ministry of Energy Hydrolics and Hydrocarbons (MEHH)",GIN,Projet BM (Active),"Projet BM Active approuve le 2025-06-30 (132 M USD). Signal AMONT : deploiement a venir en amont de l'appel d'offres. Cible : le titulaire qui executera, pas l'agence.",BMP-P511453,https://projects.worldbank.org/en/projects-operations/project-detail/P511453,2030-06-30,2025-06-30,nouveau,2026-08-13
2026-08-18,3.2,4.4,2.0,ignorer,indetermine,Djibouti - Contingent Emergency Response Project,Africa Disaster Risk Financing Programme (ADRiFi) PIU,DJI,Projet BM (Active),"Projet BM Active approuve le 2025-06-30 (montant n.c.). Signal AMONT : deploiement a venir en amont de l'appel d'offres. Cible : le titulaire qui executera, pas l'agence.",BMP-P509082,https://projects.worldbank.org/en/projects-operations/project-detail/P509082,2031-07-31,2025-06-30,nouveau,2026-08-13
2026-08-18,4.4,6.8,2.0,ignorer,indetermine,System Transformation of Early Education Project - Balochistan,School Education Department,PAK,Projet BM (Active),"Projet BM Active approuve le 2025-06-30 (montant n.c.). Signal AMONT : deploiement a venir en amont de l'appel d'offres. Cible : le titulaire qui executera, pas l'agence.",BMP-P507717,https://projects.worldbank.org/en/projects-operations/project-detail/P507717,2029-06-30,2025-06-30,nouveau,2026-08-13
2026-08-18,3.2,4.4,2.0,ignorer,indetermine,Supporting Livelihoods and Socio-Economic Integration of Vulnerable Groups in Tajikistan,National Social Investment Fund of Tajikistan (NSIFT),TJK,Projet BM (Active),"Projet BM Active approuve le 2025-06-30 (3 M USD). Signal AMONT : deploiement a venir en amont de l'appel d'offres. Cible : le titulaire qui executera, pas l'agence.",BMP-P178486,https://projects.worldbank.org/en/projects-operations/project-detail/P178486,2028-12-31,2025-06-30,nouveau,2026-08-13
2026-08-18,3.2,4.4,2.0,ignorer,indetermine,Burundi Transport Resilience Project,,BDI,Projet BM (Active),"Projet BM Active approuve le 2025-06-28 (5 M USD). Signal AMONT : deploiement a venir en amont de l'appel d'offres. Cible : le titulaire qui executera, pas l'agence.",BMP-P511699,https://projects.worldbank.org/en/projects-operations/project-detail/P511699,,2025-06-28,nouveau,2026-08-13
2026-08-18,4.7,4.4,5.0,surveiller,indetermine,"Senegal Jobs, Economic Transformation & Recovery Program",,SEN,Projet BM (Active),"Projet BM Active approuve le 2025-06-28 (65 M USD). Signal AMONT : deploiement a venir en amont de l'appel d'offres. Cible : le titulaire qui executera, pas l'agence.",BMP-P510996,https://projects.worldbank.org/en/projects-operations/project-detail/P510996,,2025-06-28,nouveau,2026-08-13
2026-08-18,6.0,10.0,2.0,surveiller,indetermine,Mali Contingent Emergency Response Project (CERP),"Ministry of Urban, Housing, Land, Regional Planning, and Population / Bamako Urban Resilience Project",MLI,Projet BM (Active),"Projet BM Active approuve le 2025-06-28 (montant n.c.). Signal AMONT : deploiement a venir en amont de l'appel d'offres. Cible : le titulaire qui executera, pas l'agence.",BMP-P509504,https://projects.worldbank.org/en/projects-operations/project-detail/P509504,2031-06-30,2025-06-28,nouveau,2026-08-13
2026-08-18,5.4,6.8,4.0,surveiller,indetermine,Integrated Flood Resilience and Adaptation Project,,PAK,Projet BM (Active),"Projet BM Active approuve le 2025-06-27 (32 M USD). Signal AMONT : deploiement a venir en amont de l'appel d'offres. Cible : le titulaire qui executera, pas l'agence.",BMP-P512048,https://projects.worldbank.org/en/projects-operations/project-detail/P512048,,2025-06-27,nouveau,2026-08-13
2026-08-18,3.2,4.4,2.0,ignorer,indetermine,Senegal Energy Access Scale Up Project,,SEN,Projet BM (Active),"Projet BM Active approuve le 2025-06-27 (6 M USD). Signal AMONT : deploiement a venir en amont de l'appel d'offres. Cible : le titulaire qui executera, pas l'agence.",BMP-P511965,https://projects.worldbank.org/en/projects-operations/project-detail/P511965,,2025-06-27,nouveau,2026-08-13
2026-08-18,3.2,4.4,2.0,ignorer,indetermine,Guinea Contingent Emergency Response Project (CERP),"Agence Nationale de Gestion des Urgences et Crises Humanitaires (ANGUCH),Emergency Response and Nafa Program Support Project (PRU-APN P168777)",GIN,Projet BM (Active),"Projet BM Active approuve le 2025-06-27 (montant n.c.). Signal AMONT : deploiement a venir en amont de l'appel d'offres. Cible : le titulaire qui executera, pas l'agence.",BMP-P509503,https://projects.worldbank.org/en/projects-operations/project-detail/P509503,2031-06-30,2025-06-27,nouveau,2026-08-13
2026-08-18,5.9,6.8,5.0,surveiller,indetermine,Electricity Distribution Efficiency Improvement Project,,PAK,Projet BM (Active),"Projet BM Active approuve le 2025-06-27 (55 M USD). Signal AMONT : deploiement a venir en amont de l'appel d'offres. Cible : le titulaire qui executera, pas l'agence.",BMP-P508538,https://projects.worldbank.org/en/projects-operations/project-detail/P508538,,2025-06-27,nouveau,2026-08-13
2026-08-18,3.7,4.4,3.0,ignorer,indetermine,Enhancing Sierra Leone Energy Access,,SLE,Projet BM (Active),"Projet BM Active approuve le 2025-06-27 (13 M USD). Signal AMONT : deploiement a venir en amont de l'appel d'offres. Cible : le titulaire qui executera, pas l'agence.",BMP-P506745,https://projects.worldbank.org/en/projects-operations/project-detail/P506745,,2025-06-27,nouveau,2026-08-13
2026-08-18,5.7,4.4,7.0,surveiller,indetermine,Ghana Second Resilient Recovery Development Policy Financing,Ministry of Finance,GHA,Projet BM (Active),"Projet BM Active approuve le 2025-06-27 (360 M USD). Signal AMONT : deploiement a venir en amont de l'appel d'offres. Cible : le titulaire qui executera, pas l'agence.",BMP-P181148,https://projects.worldbank.org/en/projects-operations/project-detail/P181148,2026-12-31,2025-06-27,nouveau,2026-08-13
2026-08-18,4.7,4.4,5.0,surveiller,indetermine,Cash for Jobs Project,,BDI,Projet BM (Active),"Projet BM Active approuve le 2025-06-26 (79 M USD). Signal AMONT : deploiement a venir en amont de l'appel d'offres. Cible : le titulaire qui executera, pas l'agence.",BMP-P510754,https://projects.worldbank.org/en/projects-operations/project-detail/P510754,,2025-06-26,nouveau,2026-08-13
2026-08-18,6.0,10.0,2.0,surveiller,indetermine,Somalia Contingent Emergency Response Project,Ministry of Finance,SOM,Projet BM (Active),"Projet BM Active approuve le 2025-06-26 (montant n.c.). Signal AMONT : deploiement a venir en amont de l'appel d'offres. Cible : le titulaire qui executera, pas l'agence.",BMP-P509224,https://projects.worldbank.org/en/projects-operations/project-detail/P509224,2031-06-30,2025-06-26,nouveau,2026-08-13
2026-08-18,3.7,4.4,3.0,ignorer,indetermine,Southeastern Corridor Road Asset Management Project,,LBR,Projet BM (Active),"Projet BM Active approuve le 2025-06-26 (23 M USD). Signal AMONT : deploiement a venir en amont de l'appel d'offres. Cible : le titulaire qui executera, pas l'agence.",BMP-P509192,https://projects.worldbank.org/en/projects-operations/project-detail/P509192,,2025-06-26,nouveau,2026-08-13
2026-08-18,3.2,4.4,2.0,ignorer,indetermine,Rural Electrification Project,,TJK,Projet BM (Active),"Projet BM Active approuve le 2025-06-25 (7 M USD). Signal AMONT : deploiement a venir en amont de l'appel d'offres. Cible : le titulaire qui executera, pas l'agence.",BMP-P512132,https://projects.worldbank.org/en/projects-operations/project-detail/P512132,,2025-06-25,nouveau,2026-08-13
2026-08-18,3.2,4.4,2.0,ignorer,indetermine,Technical Assistance for Financing Framework for Rogun Hydropower Project,,TJK,Projet BM (Active),"Projet BM Active approuve le 2025-06-25 (6 M USD). Signal AMONT : deploiement a venir en amont de l'appel d'offres. Cible : le titulaire qui executera, pas l'agence.",BMP-P512123,https://projects.worldbank.org/en/projects-operations/project-detail/P512123,,2025-06-25,nouveau,2026-08-13
2026-08-18,4.2,4.4,4.0,ignorer,indetermine,Benin Youth Inclusion Project,,BEN,Projet BM (Active),"Projet BM Active approuve le 2025-06-25 (41 M USD). Signal AMONT : deploiement a venir en amont de l'appel d'offres. Cible : le titulaire qui executera, pas l'agence.",BMP-P511454,https://projects.worldbank.org/en/projects-operations/project-detail/P511454,,2025-06-25,nouveau,2026-08-13
2026-08-18,3.7,4.4,3.0,ignorer,indetermine,Central African Republic Human Capital and Women and Girls' Empowerment (Maïngo) Project,,CAF,Projet BM (Active),"Projet BM Active approuve le 2025-06-25 (10 M USD). Signal AMONT : deploiement a venir en amont de l'appel d'offres. Cible : le titulaire qui executera, pas l'agence.",BMP-P510632,https://projects.worldbank.org/en/projects-operations/project-detail/P510632,,2025-06-25,nouveau,2026-08-13
2026-08-18,4.7,4.4,5.0,surveiller,indetermine,Sierra Leone - Quality Essential Health Services and Systems Support Project,,SLE,Projet BM (Active),"Projet BM Active approuve le 2025-06-25 (60 M USD). Signal AMONT : deploiement a venir en amont de l'appel d'offres. Cible : le titulaire qui executera, pas l'agence.",BMP-P510536,https://projects.worldbank.org/en/projects-operations/project-detail/P510536,,2025-06-25,nouveau,2026-08-13
2026-08-18,3.2,4.4,2.0,ignorer,indetermine,Learning for the Future Project,,KGZ,Projet BM (Active),"Projet BM Active approuve le 2025-06-25 (4 M USD). Signal AMONT : deploiement a venir en amont de l'appel d'offres. Cible : le titulaire qui executera, pas l'agence.",BMP-P509871,https://projects.worldbank.org/en/projects-operations/project-detail/P509871,,2025-06-25,nouveau,2026-08-13
2026-08-18,3.7,4.4,3.0,ignorer,indetermine,CAR Health Service Delivery and System Strengthening Project (SENI-Plus),,CAF,Projet BM (Active),"Projet BM Active approuve le 2025-06-25 (20 M USD). Signal AMONT : deploiement a venir en amont de l'appel d'offres. Cible : le titulaire qui executera, pas l'agence.",BMP-P509689,https://projects.worldbank.org/en/projects-operations/project-detail/P509689,,2025-06-25,nouveau,2026-08-13
2026-08-18,4.7,4.4,5.0,surveiller,indetermine,Socio-economic Inclusion of Refugees & Host Communities in Rwanda Project Phase II,"Development Bank of Rwanda (BRD),Ministry in Charge of Emergency Management,Rwanda Transport Development Agency",RWA,Projet BM (Active),"Projet BM Active approuve le 2025-06-25 (67 M USD). Signal AMONT : deploiement a venir en amont de l'appel d'offres. Cible : le titulaire qui executera, pas l'agence.",BMP-P509677,https://projects.worldbank.org/en/projects-operations/project-detail/P509677,2030-12-31,2025-06-25,nouveau,2026-08-13
2026-08-18,6.9,6.8,7.0,contacter,indetermine,Connecting Madagascar for Inclusive Growth,,MDG,Projet BM (Active),"Projet BM Active approuve le 2025-06-25 (212 M USD). Signal AMONT : deploiement a venir en amont de l'appel d'offres. Cible : le titulaire qui executera, pas l'agence.",BMP-P508611,https://projects.worldbank.org/en/projects-operations/project-detail/P508611,,2025-06-25,nouveau,2026-08-13
2026-08-18,5.2,4.4,6.0,surveiller,indetermine,Rwanda Urban Mobility Improvement Project,City of Kigali,RWA,Projet BM (Active),"Projet BM Active approuve le 2025-06-25 (100 M USD). Signal AMONT : deploiement a venir en amont de l'appel d'offres. Cible : le titulaire qui executera, pas l'agence.",BMP-P176885,https://projects.worldbank.org/en/projects-operations/project-detail/P176885,2030-06-30,2025-06-25,nouveau,2026-08-13
2026-08-18,5.2,4.4,6.0,surveiller,indetermine,Syria Electricity Emergency Project,The Public Establishment for Transmission and Distribution of Electricity (PETDE),SYR,Projet BM (Active),"Projet BM Active approuve le 2025-06-24 (146 M USD). Signal AMONT : deploiement a venir en amont de l'appel d'offres. Cible : le titulaire qui executera, pas l'agence.",BMP-P511407,https://projects.worldbank.org/en/projects-operations/project-detail/P511407,2029-12-31,2025-06-24,nouveau,2026-08-13
2026-08-18,5.2,4.4,6.0,surveiller,indetermine,Strengthening Senegal’s Fiscal Sustainability Program,Ministry of Finance and Budget,SEN,Projet BM (Active),"Projet BM Active approuve le 2025-06-24 (115 M USD). Signal AMONT : deploiement a venir en amont de l'appel d'offres. Cible : le titulaire qui executera, pas l'agence.",BMP-P510613,https://projects.worldbank.org/en/projects-operations/project-detail/P510613,2029-06-29,2025-06-24,nouveau,2026-08-13
2026-08-18,5.9,6.8,5.0,surveiller,indetermine,"Sustainable Procurement, Environmental and Social Standards Enhancement Project (SPESSE)",,NGA,Projet BM (Active),"Projet BM Active approuve le 2025-06-24 (65 M USD). Signal AMONT : deploiement a venir en amont de l'appel d'offres. Cible : le titulaire qui executera, pas l'agence.",BMP-P510242,https://projects.worldbank.org/en/projects-operations/project-detail/P510242,,2025-06-24,nouveau,2026-08-13
2026-08-18,5.7,4.4,7.0,surveiller,indetermine,Lebanon Emergency Assistance Project,Council for Development and Reconstruction,LBN,Projet BM (Active),"Projet BM Active approuve le 2025-06-24 (250 M USD). Signal AMONT : deploiement a venir en amont de l'appel d'offres. Cible : le titulaire qui executera, pas l'agence.",BMP-P509428,https://projects.worldbank.org/en/projects-operations/project-detail/P509428,2030-12-31,2025-06-24,nouveau,2026-08-13
2026-08-18,5.4,6.8,4.0,surveiller,indetermine,Actions to Strengthen Performance for Inclusive and Responsive Education Program,,PAK,Projet BM (Active),"Projet BM Active approuve le 2025-06-24 (33 M USD). Signal AMONT : deploiement a venir en amont de l'appel d'offres. Cible : le titulaire qui executera, pas l'agence.",BMP-P508793,https://projects.worldbank.org/en/projects-operations/project-detail/P508793,,2025-06-24,nouveau,2026-08-13
2026-08-18,3.7,4.4,3.0,ignorer,indetermine,Enhancing Connectivity in Northern Guinea-Bissau Project,,GNB,Projet BM (Active),"Projet BM Active approuve le 2025-06-24 (15 M USD). Signal AMONT : deploiement a venir en amont de l'appel d'offres. Cible : le titulaire qui executera, pas l'agence.",BMP-P507890,https://projects.worldbank.org/en/projects-operations/project-detail/P507890,,2025-06-24,nouveau,2026-08-13
2026-08-18,6.4,6.8,6.0,surveiller,indetermine,Getting Results: Access and Delivery of Quality Education Services in Balochistan,"Planning and Development Department, Government of Balochistan",PAK,Projet BM (Active),"Projet BM Active approuve le 2025-06-24 (100 M USD). Signal AMONT : deploiement a venir en amont de l'appel d'offres. Cible : le titulaire qui executera, pas l'agence.",BMP-P507512,https://projects.worldbank.org/en/projects-operations/project-detail/P507512,2030-06-28,2025-06-24,nouveau,2026-08-13
2026-08-18,9.0,10.0,8.0,contacter,indetermine,Iraq Railways Extension and Modernization Project,Ministry of Transport (Iraqi Republic Railways SOE),IRQ,Projet BM (Active),"Projet BM Active approuve le 2025-06-24 (930 M USD). Signal AMONT : deploiement a venir en amont de l'appel d'offres. Cible : le titulaire qui executera, pas l'agence.",BMP-P507282,https://projects.worldbank.org/en/projects-operations/project-detail/P507282,2032-06-30,2025-06-24,nouveau,2026-08-13
2026-08-18,5.9,6.8,5.0,surveiller,indetermine,Balochistan Water Security and Productivity Improvement Project,"Balochistan Irrigation Department                                                                               ,Planning and Development Department,Public Health Engineering Department",PAK,Projet BM (Active),"Projet BM Active approuve le 2025-06-24 (94 M USD). Signal AMONT : deploiement a venir en amont de l'appel d'offres. Cible : le titulaire qui executera, pas l'agence.",BMP-P179227,https://projects.worldbank.org/en/projects-operations/project-detail/P179227,2031-12-31,2025-06-24,nouveau,2026-08-13
2026-08-18,6.4,6.8,6.0,surveiller,indetermine,Transport Corridors for Economic Resilience Mozambique SOP 2 Project,Ministry of Transport and Logistics,MOZ,Projet BM (Active),"Projet BM Active approuve le 2025-06-23 (123 M USD). Signal AMONT : deploiement a venir en amont de l'appel d'offres. Cible : le titulaire qui executera, pas l'agence.",BMP-P510427,https://projects.worldbank.org/en/projects-operations/project-detail/P510427,2030-06-30,2025-06-23,nouveau,2026-08-13
2026-08-18,4.2,4.4,4.0,ignorer,indetermine,CAR - Emergency Infrastructure and Connectivity Recovery Project,,CAF,Projet BM (Active),"Projet BM Active approuve le 2025-06-22 (30 M USD). Signal AMONT : deploiement a venir en amont de l'appel d'offres. Cible : le titulaire qui executera, pas l'agence.",BMP-P508925,https://projects.worldbank.org/en/projects-operations/project-detail/P508925,,2025-06-22,nouveau,2026-08-13
2026-08-18,4.4,6.8,2.0,ignorer,indetermine,Strengthening Reform Management in Jordan,,JOR,Projet BM (Active),"Projet BM Active approuve le 2025-06-22 (6 M USD). Signal AMONT : deploiement a venir en amont de l'appel d'offres. Cible : le titulaire qui executera, pas l'agence.",BMP-P506733,https://projects.worldbank.org/en/projects-operations/project-detail/P506733,,2025-06-22,nouveau,2026-08-13
2026-08-18,5.4,6.8,4.0,surveiller,indetermine,Ethiopia- Expressway Development Support Project,,ETH,Projet BM (Active),"Projet BM Active approuve le 2025-06-20 (37 M USD). Signal AMONT : deploiement a venir en amont de l'appel d'offres. Cible : le titulaire qui executera, pas l'agence.",BMP-P511044,https://projects.worldbank.org/en/projects-operations/project-detail/P511044,,2025-06-20,nouveau,2026-08-13
2026-08-18,6.4,6.8,6.0,surveiller,indetermine,Mozambique Human Development Integrated Project,"Ministry of Education and Culture,Ministry of Health",MOZ,Projet BM (Active),"Projet BM Active approuve le 2025-06-20 (100 M USD). Signal AMONT : deploiement a venir en amont de l'appel d'offres. Cible : le titulaire qui executera, pas l'agence.",BMP-P509826,https://projects.worldbank.org/en/projects-operations/project-detail/P509826,2030-11-28,2025-06-20,nouveau,2026-08-13
2026-08-18,5.2,4.4,6.0,surveiller,indetermine,First Sustainable and Inclusive Growth Development Policy Operation,Ministry of Finance,KGZ,Projet BM (Active),"Projet BM Active approuve le 2025-06-20 (102 M USD). Signal AMONT : deploiement a venir en amont de l'appel d'offres. Cible : le titulaire qui executera, pas l'agence.",BMP-P508608,https://projects.worldbank.org/en/projects-operations/project-detail/P508608,2027-12-31,2025-06-20,nouveau,2026-08-13
2026-08-18,4.2,4.4,4.0,ignorer,indetermine,Tanzania Maternal and Child Health Investment Program,,TZA,Projet BM (Active),"Projet BM Active approuve le 2025-06-20 (35 M USD). Signal AMONT : deploiement a venir en amont de l'appel d'offres. Cible : le titulaire qui executera, pas l'agence.",BMP-P508589,https://projects.worldbank.org/en/projects-operations/project-detail/P508589,,2025-06-20,nouveau,2026-08-13
2026-08-18,4.7,4.4,5.0,surveiller,indetermine,Republic of Congo Third Fiscal Management and Inclusive Growth DPF,"Ministry of Economy, Planning, and Regional Integration",COG,Projet BM (Active),"Projet BM Active approuve le 2025-06-20 (80 M USD). Signal AMONT : deploiement a venir en amont de l'appel d'offres. Cible : le titulaire qui executera, pas l'agence.",BMP-P180398,https://projects.worldbank.org/en/projects-operations/project-detail/P180398,2026-12-31,2025-06-20,nouveau,2026-08-13
2026-08-18,5.4,6.8,4.0,surveiller,indetermine,Mozambique Northern Urban Development Project,,MOZ,Projet BM (Active),"Projet BM Active approuve le 2025-06-19 (40 M USD). Signal AMONT : deploiement a venir en amont de l'appel d'offres. Cible : le titulaire qui executera, pas l'agence.",BMP-P510159,https://projects.worldbank.org/en/projects-operations/project-detail/P510159,,2025-06-19,nouveau,2026-08-13
2026-08-18,4.4,6.8,2.0,ignorer,indetermine,"Jordan: Modernizing Education, Skills, and Administrative Reforms (MASAR) Operation",,JOR,Projet BM (Active),"Projet BM Active approuve le 2025-06-19 (montant n.c.). Signal AMONT : deploiement a venir en amont de l'appel d'offres. Cible : le titulaire qui executera, pas l'agence.",BMP-P508747,https://projects.worldbank.org/en/projects-operations/project-detail/P508747,,2025-06-19,nouveau,2026-08-13
2026-08-18,6.4,6.8,6.0,surveiller,indetermine,Madagascar Second Equitable and Resilient Growth Development Policy Operation,Ministère de l'Economie et des Finances,MDG,Projet BM (Active),"Projet BM Active approuve le 2025-06-18 (100 M USD). Signal AMONT : deploiement a venir en amont de l'appel d'offres. Cible : le titulaire qui executera, pas l'agence.",BMP-P509948,https://projects.worldbank.org/en/projects-operations/project-detail/P509948,2026-12-31,2025-06-18,nouveau,2026-08-13
2026-08-18,4.2,4.4,4.0,ignorer,indetermine,Tanzania Secondary Education Quality Improvement Project (SEQUIP),,TZA,Projet BM (Active),"Projet BM Active approuve le 2025-06-18 (35 M USD). Signal AMONT : deploiement a venir en amont de l'appel d'offres. Cible : le titulaire qui executera, pas l'agence.",BMP-P509207,https://projects.worldbank.org/en/projects-operations/project-detail/P509207,,2025-06-18,nouveau,2026-08-13
2026-08-18,5.9,6.8,5.0,surveiller,indetermine,Support for resilient livelihoods in the South of Madagascar,,MDG,Projet BM (Active),"Projet BM Active approuve le 2025-06-18 (54 M USD). Signal AMONT : deploiement a venir en amont de l'appel d'offres. Cible : le titulaire qui executera, pas l'agence.",BMP-P509009,https://projects.worldbank.org/en/projects-operations/project-detail/P509009,,2025-06-18,nouveau,2026-08-13
2026-08-18,6.4,6.8,6.0,surveiller,indetermine,Urban Water Security Project,"Ministry of Public Works, Housing, and Water Resources",MOZ,Projet BM (Active),"Projet BM Active approuve le 2025-06-17 (143 M USD). Signal AMONT : deploiement a venir en amont de l'appel d'offres. Cible : le titulaire qui executera, pas l'agence.",BMP-P509890,https://projects.worldbank.org/en/projects-operations/project-detail/P509890,2030-12-31,2025-06-17,nouveau,2026-08-13
2026-08-18,6.5,10.0,3.0,contacter,indetermine,Sustaining Education and Learning,"Save the Children International (SCI),United Nations Children's Fund (UNICEF)",YEM,Projet BM (Active),"Projet BM Active approuve le 2025-06-17 (10 M USD). Signal AMONT : deploiement a venir en amont de l'appel d'offres. Cible : le titulaire qui executera, pas l'agence.",BMP-P509685,https://projects.worldbank.org/en/projects-operations/project-detail/P509685,2029-01-31,2025-06-17,nouveau,2026-08-13
2026-08-18,7.0,10.0,4.0,contacter,indetermine,South Sudan Health Sector Transformation Project (HSTP),,SSD,Projet BM (Active),"Projet BM Active approuve le 2025-06-17 (40 M USD). Signal AMONT : deploiement a venir en amont de l'appel d'offres. Cible : le titulaire qui executera, pas l'agence.",BMP-P508356,https://projects.worldbank.org/en/projects-operations/project-detail/P508356,,2025-06-17,nouveau,2026-08-13
2026-08-18,5.2,4.4,6.0,surveiller,indetermine,Dakar Sustainable Urban Mobility Project,Conseil Exécutif des Transports Urbains Durables,SEN,Projet BM (Active),"Projet BM Active approuve le 2025-06-17 (100 M USD). Signal AMONT : deploiement a venir en amont de l'appel d'offres. Cible : le titulaire qui executera, pas l'agence.",BMP-P507844,https://projects.worldbank.org/en/projects-operations/project-detail/P507844,2031-06-30,2025-06-17,nouveau,2026-08-13
2026-08-18,5.2,4.4,6.0,surveiller,indetermine,Second Kenya Social and Economic Inclusion Project,"Ministry of East Africa Community Arid and Semi-Arid Lands and Regional Development, State Department for the ASALS and Regional Development, National Drought Management Authority,Ministry of Gender, Culture, and Children Services; State Department for Children Services,Ministry of Labor and Social Protection, State Department for Social Protection and Senior Citizens Affairs",KEN,Projet BM (Active),"Projet BM Active approuve le 2025-06-17 (128 M USD). Signal AMONT : deploiement a venir en amont de l'appel d'offres. Cible : le titulaire qui executera, pas l'agence.",BMP-P504218,https://projects.worldbank.org/en/projects-operations/project-detail/P504218,2030-12-31,2025-06-17,nouveau,2026-08-13
2026-08-18,6.5,10.0,3.0,contacter,indetermine,Yemen Financial Market Infrastructure and Inclusion Project,United Nations Development Programme (UNDP),YEM,Projet BM (Active),"Projet BM Active approuve le 2025-06-17 (20 M USD). Signal AMONT : deploiement a venir en amont de l'appel d'offres. Cible : le titulaire qui executera, pas l'agence.",BMP-P180708,https://projects.worldbank.org/en/projects-operations/project-detail/P180708,2030-06-30,2025-06-17,nouveau,2026-08-13
2026-08-18,6.4,6.8,6.0,surveiller,indetermine,Transforming Access and Learning in Madagascar,Ministry of National Education,MDG,Projet BM (Active),"Projet BM Active approuve le 2025-06-16 (150 M USD). Signal AMONT : deploiement a venir en amont de l'appel d'offres. Cible : le titulaire qui executera, pas l'agence.",BMP-P506569,https://projects.worldbank.org/en/projects-operations/project-detail/P506569,2029-06-30,2025-06-16,nouveau,2026-08-13
2026-08-18,5.7,4.4,7.0,surveiller,indetermine,Kenya Watershed Services Improvement Project,State Department for Forestry,KEN,Projet BM (Active),"Projet BM Active approuve le 2025-06-12 (200 M USD). Signal AMONT : deploiement a venir en amont de l'appel d'offres. Cible : le titulaire qui executera, pas l'agence.",BMP-P509738,https://projects.worldbank.org/en/projects-operations/project-detail/P509738,2030-12-31,2025-06-12,nouveau,2026-08-13
2026-08-18,6.4,6.8,6.0,surveiller,indetermine,Uzbekistan Small Hydropower Development Project,Ministry of Energy,UZB,Projet BM (Active),"Projet BM Active approuve le 2025-06-12 (150 M USD). Signal AMONT : deploiement a venir en amont de l'appel d'offres. Cible : le titulaire qui executera, pas l'agence.",BMP-P509250,https://projects.worldbank.org/en/projects-operations/project-detail/P509250,2030-06-28,2025-06-12,nouveau,2026-08-13
2026-08-18,6.9,6.8,7.0,contacter,indetermine,"Mozambique Health Emergency Preparedness, Response and Resilience Project Using the Multiphase Programmatic Approach",Ministry of Health,MOZ,Projet BM (Active),"Projet BM Active approuve le 2025-06-11 (201 M USD). Signal AMONT : deploiement a venir en amont de l'appel d'offres. Cible : le titulaire qui executera, pas l'agence.",BMP-P511558,https://projects.worldbank.org/en/projects-operations/project-detail/P511558,2030-09-29,2025-06-11,nouveau,2026-08-13
2026-08-18,5.2,4.4,6.0,surveiller,indetermine,Scaling-up Locally Led Climate Action Program,"First Vice President's Office,Ministry of Finance,President's Office - Finance and Planning,President’s Office - Regional Administration and Local Government ,President’s Office- Regional Administration and Local Government and Special Departments,Vice President's Office",TZA,Projet BM (Active),"Projet BM Active approuve le 2025-06-11 (100 M USD). Signal AMONT : deploiement a venir en amont de l'appel d'offres. Cible : le titulaire qui executera, pas l'agence.",BMP-P180742,https://projects.worldbank.org/en/projects-operations/project-detail/P180742,2030-07-31,2025-06-11,nouveau,2026-08-13
2026-08-18,5.2,4.4,6.0,surveiller,indetermine,Sustainable Agricultural Transformation Program,"Ministere de l'Agriculture, de l'Hydraulique Villageoise et du Developpement Rural",TGO,Projet BM (Active),"Projet BM Active approuve le 2025-06-11 (150 M USD). Signal AMONT : deploiement a venir en amont de l'appel d'offres. Cible : le titulaire qui executera, pas l'agence.",BMP-P180580,https://projects.worldbank.org/en/projects-operations/project-detail/P180580,2029-12-31,2025-06-11,nouveau,2026-08-13
2026-08-18,5.2,4.4,6.0,surveiller,indetermine,Tanzania Scaling-up Sustainable Marine Fisheries and Aquaculture Management Project (TASFAM),"Deep Sea Fishing Authority,Ministry of Blue Economy and Fisheries (Zanzibar),Ministry of Livestock and Fisheries (Mainland Tanzania)",TZA,Projet BM (Active),"Projet BM Active approuve le 2025-06-11 (112 M USD). Signal AMONT : deploiement a venir en amont de l'appel d'offres. Cible : le titulaire qui executera, pas l'agence.",BMP-P179969,https://projects.worldbank.org/en/projects-operations/project-detail/P179969,2030-06-30,2025-06-11,nouveau,2026-08-13
2026-08-18,5.2,4.4,6.0,surveiller,indetermine,Gabon Urban Development Project,"Commission Nationale des Travaux d'Interet Public pour la Promotion de l'Entrepreneuriat et de l'Emploi (CNTIPPEE),Ministère des Travaux Publics et de la Construction",GAB,Projet BM (Active),"Projet BM Active approuve le 2025-06-11 (150 M USD). Signal AMONT : deploiement a venir en amont de l'appel d'offres. Cible : le titulaire qui executera, pas l'agence.",BMP-P177372,https://projects.worldbank.org/en/projects-operations/project-detail/P177372,2031-06-30,2025-06-11,nouveau,2026-08-13
2026-08-18,4.7,4.4,5.0,surveiller,indetermine,Excellence in Learning in Liberia,Ministry of Education,LBR,Projet BM (Active),"Projet BM Active approuve le 2025-06-10 (60 M USD). Signal AMONT : deploiement a venir en amont de l'appel d'offres. Cible : le titulaire qui executera, pas l'agence.",BMP-P510448,https://projects.worldbank.org/en/projects-operations/project-detail/P510448,2030-12-31,2025-06-10,nouveau,2026-08-13
2026-08-18,7.0,10.0,4.0,contacter,indetermine,South Sudan Resilient Livestock Sector Project,Ministry of Livestock and Fisheries,SSD,Projet BM (Active),"Projet BM Active approuve le 2025-06-10 (40 M USD). Signal AMONT : deploiement a venir en amont de l'appel d'offres. Cible : le titulaire qui executera, pas l'agence.",BMP-P500553,https://projects.worldbank.org/en/projects-operations/project-detail/P500553,2030-05-31,2025-06-10,nouveau,2026-08-13
2026-08-18,4.4,6.8,2.0,ignorer,indetermine,District and Community Health Services Revitalization Operation,,MOZ,Projet BM (Active),"Projet BM Active approuve le 2025-06-06 (9 M USD). Signal AMONT : deploiement a venir en amont de l'appel d'offres. Cible : le titulaire qui executera, pas l'agence.",BMP-P506595,https://projects.worldbank.org/en/projects-operations/project-detail/P506595,,2025-06-06,nouveau,2026-08-13
2026-08-18,5.2,4.4,6.0,surveiller,indetermine,Guinea Kounki Fisheries and Aquaculture Project,Ministère de la pêche et de l'économie maritime,GIN,Projet BM (Active),"Projet BM Active approuve le 2025-06-06 (100 M USD). Signal AMONT : deploiement a venir en amont de l'appel d'offres. Cible : le titulaire qui executera, pas l'agence.",BMP-P180906,https://projects.worldbank.org/en/projects-operations/project-detail/P180906,2031-08-14,2025-06-06,nouveau,2026-08-13
2026-08-18,5.9,6.8,5.0,surveiller,indetermine,Economic Transformation for Inclusive Growth Project,,MDG,Projet BM (Active),"Projet BM Active approuve le 2025-06-05 (71 M USD). Signal AMONT : deploiement a venir en amont de l'appel d'offres. Cible : le titulaire qui executera, pas l'agence.",BMP-P509688,https://projects.worldbank.org/en/projects-operations/project-detail/P509688,,2025-06-05,nouveau,2026-08-13
2026-08-18,8.5,10.0,7.0,contacter,indetermine,Niger Food Security and Emergency Access to Essential  Services Project,Ministry of Finance,NER,Projet BM (Active),"Projet BM Active approuve le 2025-06-05 (220 M USD). Signal AMONT : deploiement a venir en amont de l'appel d'offres. Cible : le titulaire qui executera, pas l'agence.",BMP-P509601,https://projects.worldbank.org/en/projects-operations/project-detail/P509601,2027-12-31,2025-06-05,nouveau,2026-08-13
2026-08-18,5.9,6.8,5.0,surveiller,indetermine,Pakistan Raises Revenue,,PAK,Projet BM (Active),"Projet BM Active approuve le 2025-06-05 (70 M USD). Signal AMONT : deploiement a venir en amont de l'appel d'offres. Cible : le titulaire qui executera, pas l'agence.",BMP-P508690,https://projects.worldbank.org/en/projects-operations/project-detail/P508690,,2025-06-05,nouveau,2026-08-13
2026-08-18,5.7,4.4,7.0,surveiller,indetermine,United Republic of Tanzania - Development Policy Financing with Catastrophe Deferred Drawdown Option,Ministry of Finance,TZA,Projet BM (Active),"Projet BM Active approuve le 2025-06-05 (300 M USD). Signal AMONT : deploiement a venir en amont de l'appel d'offres. Cible : le titulaire qui executera, pas l'agence.",BMP-P507912,https://projects.worldbank.org/en/projects-operations/project-detail/P507912,2028-06-04,2025-06-05,nouveau,2026-08-13
2026-08-18,5.7,4.4,7.0,surveiller,indetermine,Uganda Development Response to Displacement Impacts Project Phase II,"Inspectorate of Government,Office of the Prime Minister",UGA,Projet BM (Active),"Projet BM Active approuve le 2025-06-04 (328 M USD). Signal AMONT : deploiement a venir en amont de l'appel d'offres. Cible : le titulaire qui executera, pas l'agence.",BMP-P510476,https://projects.worldbank.org/en/projects-operations/project-detail/P510476,2031-12-31,2025-06-04,nouveau,2026-08-13
2026-08-18,5.7,4.4,7.0,surveiller,indetermine,Uganda Learning Acceleration Program (ULEARN),Ministry of Education and Sports,UGA,Projet BM (Active),"Projet BM Active approuve le 2025-06-04 (210 M USD). Signal AMONT : deploiement a venir en amont de l'appel d'offres. Cible : le titulaire qui executera, pas l'agence.",BMP-P179397,https://projects.worldbank.org/en/projects-operations/project-detail/P179397,2030-06-30,2025-06-04,nouveau,2026-08-13
2026-08-18,4.7,4.4,5.0,surveiller,indetermine,Mauritania Public Spending Efficiency,Ministry of Economy and Finance,MRT,Projet BM (Active),"Projet BM Active approuve le 2025-06-03 (50 M USD). Signal AMONT : deploiement a venir en amont de l'appel d'offres. Cible : le titulaire qui executera, pas l'agence.",BMP-P506443,https://projects.worldbank.org/en/projects-operations/project-detail/P506443,2030-12-31,2025-06-03,nouveau,2026-08-13
2026-08-18,8.5,10.0,7.0,contacter,indetermine,Inga 3  Development Program,Agence pour le développement et la promotion du Projet Grand Inga (ADPI),COD,Projet BM (Active),"Projet BM Active approuve le 2025-06-03 (250 M USD). Signal AMONT : deploiement a venir en amont de l'appel d'offres. Cible : le titulaire qui executera, pas l'agence.",BMP-P506438,https://projects.worldbank.org/en/projects-operations/project-detail/P506438,2030-12-30,2025-06-03,nouveau,2026-08-13
2026-08-18,3.7,4.4,3.0,ignorer,indetermine,Comoros Post-Kenneth Recovery and Resilience Project,,COM,Projet BM (Active),"Projet BM Active approuve le 2025-05-30 (12 M USD). Signal AMONT : deploiement a venir en amont de l'appel d'offres. Cible : le titulaire qui executera, pas l'agence.",BMP-P510727,https://projects.worldbank.org/en/projects-operations/project-detail/P510727,,2025-05-30,nouveau,2026-08-13
2026-08-18,6.9,6.8,7.0,contacter,indetermine,Sustainable Cities and Land Project,Ministry of Housing and Urban Development (MINHDU),CMR,Projet BM (Active),"Projet BM Active approuve le 2025-05-30 (200 M USD). Signal AMONT : deploiement a venir en amont de l'appel d'offres. Cible : le titulaire qui executera, pas l'agence.",BMP-P180884,https://projects.worldbank.org/en/projects-operations/project-detail/P180884,2031-06-30,2025-05-30,nouveau,2026-08-13
2026-08-18,3.2,4.4,2.0,ignorer,indetermine,Lebanon Utility-scale Solar Power RETF,Electricite du Liban (EDL),LBN,Projet BM (Active),"Projet BM Active approuve le 2025-05-29 (montant n.c.). Signal AMONT : deploiement a venir en amont de l'appel d'offres. Cible : le titulaire qui executera, pas l'agence.",BMP-P508484,https://projects.worldbank.org/en/projects-operations/project-detail/P508484,2027-06-30,2025-05-29,nouveau,2026-08-13
2026-08-18,4.2,4.4,4.0,ignorer,indetermine,Myanmar Health Assistance and Nutrition Support (HANS) Project,"UNICEF Myanmar,UNOPS Myanmar",MMR,Projet BM (Active),"Projet BM Active approuve le 2025-05-29 (40 M USD). Signal AMONT : deploiement a venir en amont de l'appel d'offres. Cible : le titulaire qui executera, pas l'agence.",BMP-P508089,https://projects.worldbank.org/en/projects-operations/project-detail/P508089,2030-06-30,2025-05-29,nouveau,2026-08-13
2026-08-18,4.7,4.4,5.0,surveiller,indetermine,Myanmar Strengthening Community Resilience Project,"International Committee of the Red Cross,United Nations Office for Project Services",MMR,Projet BM (Active),"Projet BM Active approuve le 2025-05-29 (52 M USD). Signal AMONT : deploiement a venir en amont de l'appel d'offres. Cible : le titulaire qui executera, pas l'agence.",BMP-P508006,https://projects.worldbank.org/en/projects-operations/project-detail/P508006,2029-06-30,2025-05-29,nouveau,2026-08-13
2026-08-18,8.5,10.0,7.0,contacter,indetermine,DRC Transport and Connectivity Development Project,Ministry of Infrastructure and Public Works / Cellule Infrastructure,COD,Projet BM (Active),"Projet BM Active approuve le 2025-05-29 (440 M USD). Signal AMONT : deploiement a venir en amont de l'appel d'offres. Cible : le titulaire qui executera, pas l'agence.",BMP-P506815,https://projects.worldbank.org/en/projects-operations/project-detail/P506815,2030-07-31,2025-05-29,nouveau,2026-08-13
2026-08-18,4.7,4.4,5.0,surveiller,indetermine,The Gambia Infrastructure Project,"Ministry of Petroleum, Energy and Mining ,Ministry of Transport, Works and Infrastructure",GMB,Projet BM (Active),"Projet BM Active approuve le 2025-05-29 (53 M USD). Signal AMONT : deploiement a venir en amont de l'appel d'offres. Cible : le titulaire qui executera, pas l'agence.",BMP-P504762,https://projects.worldbank.org/en/projects-operations/project-detail/P504762,2031-06-30,2025-05-29,nouveau,2026-08-13
2026-08-18,8.5,10.0,7.0,contacter,indetermine,Mali Connectivity and Road Resilience Project (Mali-NSS),Ministry of Transport and Infrastructure,MLI,Projet BM (Active),"Projet BM Active approuve le 2025-05-28 (220 M USD). Signal AMONT : deploiement a venir en amont de l'appel d'offres. Cible : le titulaire qui executera, pas l'agence.",BMP-P507921,https://projects.worldbank.org/en/projects-operations/project-detail/P507921,2030-10-31,2025-05-28,nouveau,2026-08-13
2026-08-18,4.7,4.4,5.0,surveiller,indetermine,Accelerating Sustainable and Clean Energy and Digital Access Transformation in Sudan,Trade and Development Bank,SDN,Projet BM (Active),"Projet BM Active approuve le 2025-05-28 (76 M USD). Signal AMONT : deploiement a venir en amont de l'appel d'offres. Cible : le titulaire qui executera, pas l'agence.",BMP-P507788,https://projects.worldbank.org/en/projects-operations/project-detail/P507788,2029-06-28,2025-05-28,nouveau,2026-08-13
2026-08-18,6.5,10.0,3.0,contacter,indetermine,Somalia Disaster Risk Management DPF with a Catastrophe Deferred Draw Down Option,Ministry of Finance,SOM,Projet BM (Active),"Projet BM Active approuve le 2025-05-23 (20 M USD). Signal AMONT : deploiement a venir en amont de l'appel d'offres. Cible : le titulaire qui executera, pas l'agence.",BMP-P509222,https://projects.worldbank.org/en/projects-operations/project-detail/P509222,2028-08-31,2025-05-23,nouveau,2026-08-13
2026-08-18,4.7,4.4,5.0,surveiller,indetermine,Sudan Somoud - Enhancing Community Resilience Project,,SDN,Projet BM (Active),"Projet BM Active approuve le 2025-05-22 (50 M USD). Signal AMONT : deploiement a venir en amont de l'appel d'offres. Cible : le titulaire qui executera, pas l'agence.",BMP-P509674,https://projects.worldbank.org/en/projects-operations/project-detail/P509674,,2025-05-22,nouveau,2026-08-13
2026-08-18,8.5,10.0,7.0,contacter,indetermine,DRC Urban Flood Resilience Project,Cellules Infrastructures,COD,Projet BM (Active),"Projet BM Active approuve le 2025-05-21 (200 M USD). Signal AMONT : deploiement a venir en amont de l'appel d'offres. Cible : le titulaire qui executera, pas l'agence.",BMP-P508410,https://projects.worldbank.org/en/projects-operations/project-detail/P508410,2030-06-30,2025-05-21,nouveau,2026-08-13
2026-08-18,3.2,4.4,2.0,ignorer,indetermine,CAR Public Sector Digital Governance - Additional Financing,,CAF,Projet BM (Active),"Projet BM Active approuve le 2025-05-21 (6 M USD). Signal AMONT : deploiement a venir en amont de l'appel d'offres. Cible : le titulaire qui executera, pas l'agence.",BMP-P181682,https://projects.worldbank.org/en/projects-operations/project-detail/P181682,2027-06-30,2025-05-21,nouveau,2026-08-13
2026-08-18,5.7,4.4,7.0,surveiller,indetermine,Grand Nokoué Sustainable Urban Mobility Project (GN-SUMP),Société des Infrastructures Routières et de l’Aménagement du Territoire (SIRAT) [Road Infrastructure and Land Management Company],BEN,Projet BM (Active),"Projet BM Active approuve le 2025-05-20 (200 M USD). Signal AMONT : deploiement a venir en amont de l'appel d'offres. Cible : le titulaire qui executera, pas l'agence.",BMP-P180579,https://projects.worldbank.org/en/projects-operations/project-detail/P180579,2030-12-31,2025-05-20,nouveau,2026-08-13
2026-08-18,4.2,4.4,4.0,ignorer,indetermine,Tajikistan Socio-Economic Resilience Strengthening Project,,TJK,Projet BM (Active),"Projet BM Active approuve le 2025-05-19 (25 M USD). Signal AMONT : deploiement a venir en amont de l'appel d'offres. Cible : le titulaire qui executera, pas l'agence.",BMP-P509252,https://projects.worldbank.org/en/projects-operations/project-detail/P509252,,2025-05-19,nouveau,2026-08-13
2026-08-18,8.5,10.0,7.0,contacter,indetermine,Southern Niger Connectivity and Integration Project,Ministère de l'Equipement et des Infrastructures,NER,Projet BM (Active),"Projet BM Active approuve le 2025-05-19 (400 M USD). Signal AMONT : deploiement a venir en amont de l'appel d'offres. Cible : le titulaire qui executera, pas l'agence.",BMP-P179770,https://projects.worldbank.org/en/projects-operations/project-detail/P179770,2031-09-15,2025-05-19,nouveau,2026-08-13
2026-08-18,7.0,10.0,4.0,contacter,indetermine,Somalia Urban Resilience Project II,,SOM,Projet BM (Active),"Projet BM Active approuve le 2025-05-16 (25 M USD). Signal AMONT : deploiement a venir en amont de l'appel d'offres. Cible : le titulaire qui executera, pas l'agence.",BMP-P509189,https://projects.worldbank.org/en/projects-operations/project-detail/P509189,,2025-05-16,nouveau,2026-08-13
2026-08-18,5.4,6.8,4.0,surveiller,indetermine,Geospatial Infrastructure for Sustainable Territorial Development,Cadastre Agency,UZB,Projet BM (Active),"Projet BM Active approuve le 2025-05-15 (35 M USD). Signal AMONT : deploiement a venir en amont de l'appel d'offres. Cible : le titulaire qui executera, pas l'agence.",BMP-P506803,https://projects.worldbank.org/en/projects-operations/project-detail/P506803,2030-06-28,2025-05-15,nouveau,2026-08-13
2026-08-18,6.4,6.8,6.0,surveiller,indetermine,Electricity Distribution Improvement and Strengthening through Commercialization and Transformation,JSC ‘Regional Electric Power Network’,UZB,Projet BM (Active),"Projet BM Active approuve le 2025-05-15 (100 M USD). Signal AMONT : deploiement a venir en amont de l'appel d'offres. Cible : le titulaire qui executera, pas l'agence.",BMP-P504630,https://projects.worldbank.org/en/projects-operations/project-detail/P504630,2029-12-31,2025-05-15,nouveau,2026-08-13
2026-08-18,6.9,6.8,7.0,contacter,indetermine,Water Efficiency and Conservation MPA - Uzbekistan National Irrigation and Energy Efficiency Improvement Project (Phase 1),Ministry of Water Resources,UZB,Projet BM (Active),"Projet BM Active approuve le 2025-05-15 (200 M USD). Signal AMONT : deploiement a venir en amont de l'appel d'offres. Cible : le titulaire qui executera, pas l'agence.",BMP-P504600,https://projects.worldbank.org/en/projects-operations/project-detail/P504600,2031-07-31,2025-05-15,nouveau,2026-08-13
2026-08-18,5.7,4.4,7.0,surveiller,indetermine,Mpatamanga Hydropower Storage Project,"Ministry of Energy, Republic of Malawi,Mpatamanga Hydro Power Limited (MHPL)",MWI,Projet BM (Active),"Projet BM Active approuve le 2025-05-15 (350 M USD). Signal AMONT : deploiement a venir en amont de l'appel d'offres. Cible : le titulaire qui executera, pas l'agence.",BMP-P165704,https://projects.worldbank.org/en/projects-operations/project-detail/P165704,2031-06-30,2025-05-15,nouveau,2026-08-13
2026-08-18,5.4,6.8,4.0,surveiller,indetermine,Higher Education Project,,MDA,Projet BM (Active),"Projet BM Active approuve le 2025-05-13 (32 M USD). Signal AMONT : deploiement a venir en amont de l'appel d'offres. Cible : le titulaire qui executera, pas l'agence.",BMP-P507119,https://projects.worldbank.org/en/projects-operations/project-detail/P507119,,2025-05-13,nouveau,2026-08-13
2026-08-18,6.5,10.0,3.0,contacter,indetermine,Innovative Private Sector Development II,,PSE,Projet BM (Active),"Projet BM Active approuve le 2025-05-12 (12 M USD). Signal AMONT : deploiement a venir en amont de l'appel d'offres. Cible : le titulaire qui executera, pas l'agence.",BMP-P509798,https://projects.worldbank.org/en/projects-operations/project-detail/P509798,,2025-05-12,nouveau,2026-08-13
2026-08-18,7.5,10.0,5.0,contacter,indetermine,Housing Repair for People's Empowerment Project  (HOPE),,UKR,Projet BM (Active),"Projet BM Active approuve le 2025-05-09 (84 M USD). Signal AMONT : deploiement a venir en amont de l'appel d'offres. Cible : le titulaire qui executera, pas l'agence.",BMP-P510438,https://projects.worldbank.org/en/projects-operations/project-detail/P510438,,2025-05-09,nouveau,2026-08-13
2026-08-18,3.2,4.4,2.0,ignorer,indetermine,Uganda Skills Development in Refugee and Host Communities,Ministry of Education and Sports,UGA,Projet BM (Active),"Projet BM Active approuve le 2025-05-09 (8 M USD). Signal AMONT : deploiement a venir en amont de l'appel d'offres. Cible : le titulaire qui executera, pas l'agence.",BMP-P176263,https://projects.worldbank.org/en/projects-operations/project-detail/P176263,2027-12-31,2025-05-09,nouveau,2026-08-13
2026-08-18,7.5,10.0,5.0,contacter,indetermine,"Somalia productive, resilient, and inclusive growth (SPRING) project",Ministry of Finance,SOM,Projet BM (Active),"Projet BM Active approuve le 2025-05-07 (95 M USD). Signal AMONT : deploiement a venir en amont de l'appel d'offres. Cible : le titulaire qui executera, pas l'agence.",BMP-P501662,https://projects.worldbank.org/en/projects-operations/project-detail/P501662,2030-06-30,2025-05-07,nouveau,2026-08-13
2026-08-18,6.9,6.8,7.0,contacter,indetermine,Cameroon Water Security Project,"CAMWATER,MINEE - ministère de l'Eau et de l'Energie (Ministry of Water and Energy)",CMR,Projet BM (Active),"Projet BM Active approuve le 2025-05-07 (200 M USD). Signal AMONT : deploiement a venir en amont de l'appel d'offres. Cible : le titulaire qui executera, pas l'agence.",BMP-P180321,https://projects.worldbank.org/en/projects-operations/project-detail/P180321,2030-12-31,2025-05-07,nouveau,2026-08-13
2026-08-18,4.4,6.8,2.0,ignorer,indetermine,Women's Empowerment through Gender-Based Violence Services (WEGS),Association Gender-Centru,MDA,Projet BM (Active),"Projet BM Active approuve le 2025-05-07 (3 M USD). Signal AMONT : deploiement a venir en amont de l'appel d'offres. Cible : le titulaire qui executera, pas l'agence.",BMP-P168790,https://projects.worldbank.org/en/projects-operations/project-detail/P168790,2029-05-31,2025-05-07,nouveau,2026-08-13
2026-08-18,3.2,4.4,2.0,ignorer,indetermine,Comoros Contingent Emergency Response Project,The Project Implementation Unit (PIU) of Post - Kenneth Recovery and Resilience Project,COM,Projet BM (Active),"Projet BM Active approuve le 2025-05-06 (montant n.c.). Signal AMONT : deploiement a venir en amont de l'appel d'offres. Cible : le titulaire qui executera, pas l'agence.",BMP-P509664,https://projects.worldbank.org/en/projects-operations/project-detail/P509664,2031-03-31,2025-05-06,nouveau,2026-08-13
2026-08-18,3.2,4.4,2.0,ignorer,indetermine,Employment Creation for Vulnerable Lebanese Citizens and Syrian Displaced Population in Livestock Value Chain,Food and Agriculture Organization of the United Nations (FAO),LBN,Projet BM (Active),"Projet BM Active approuve le 2025-05-06 (4 M USD). Signal AMONT : deploiement a venir en amont de l'appel d'offres. Cible : le titulaire qui executera, pas l'agence.",BMP-P176547,https://projects.worldbank.org/en/projects-operations/project-detail/P176547,2026-12-31,2025-05-06,nouveau,2026-08-13
2026-08-18,8.0,10.0,6.0,contacter,indetermine,Restoring Education System Performance and Improving Resilience Project,"Ministry of Basic Education, Literacy and Promotion of National Languages (Ministère de l'Enseignement de Base, de l'Alphabetisation et de la Promotion des Langues Nationales - MEBAPLN)",BFA,Projet BM (Active),"Projet BM Active approuve le 2025-05-05 (150 M USD). Signal AMONT : deploiement a venir en amont de l'appel d'offres. Cible : le titulaire qui executera, pas l'agence.",BMP-P502472,https://projects.worldbank.org/en/projects-operations/project-detail/P502472,2029-12-28,2025-05-05,nouveau,2026-08-13
2026-08-18,3.7,4.4,3.0,ignorer,indetermine,Digital Cabo Verde Project,,CPV,Projet BM (Active),"Projet BM Active approuve le 2025-05-02 (20 M USD). Signal AMONT : deploiement a venir en amont de l'appel d'offres. Cible : le titulaire qui executera, pas l'agence.",BMP-P509177,https://projects.worldbank.org/en/projects-operations/project-detail/P509177,,2025-05-02,nouveau,2026-08-13
2026-08-18,3.2,4.4,2.0,ignorer,indetermine,Strengthening Productive Capacity and Resilience of Smallholder Sweet Potato Producer Organizations in Uganda,Soroti Sweet potato Producer and Processors Association (SOSPPA),UGA,Projet BM (Active),"Projet BM Active approuve le 2025-05-01 (2 M USD). Signal AMONT : deploiement a venir en amont de l'appel d'offres. Cible : le titulaire qui executera, pas l'agence.",BMP-P179537,https://projects.worldbank.org/en/projects-operations/project-detail/P179537,2028-12-31,2025-05-01,nouveau,2026-08-13
2026-08-18,4.7,4.4,5.0,surveiller,indetermine,Gazetted Forests Management Project 2,Ministry of Environment and Transport,BEN,Projet BM (Active),"Projet BM Active approuve le 2025-04-30 (81 M USD). Signal AMONT : deploiement a venir en amont de l'appel d'offres. Cible : le titulaire qui executera, pas l'agence.",BMP-P508182,https://projects.worldbank.org/en/projects-operations/project-detail/P508182,2033-07-31,2025-04-30,nouveau,2026-08-13
2026-08-18,3.7,4.4,3.0,ignorer,indetermine,Adaptive and Productive Social Safety Nets Project,,CAF,Projet BM (Active),"Projet BM Active approuve le 2025-04-30 (22 M USD). Signal AMONT : deploiement a venir en amont de l'appel d'offres. Cible : le titulaire qui executera, pas l'agence.",BMP-P508180,https://projects.worldbank.org/en/projects-operations/project-detail/P508180,,2025-04-30,nouveau,2026-08-13
2026-08-18,8.5,10.0,7.0,contacter,indetermine,SIKASSO- KORHOGO-BOBO-DIOULASSO (SKBO) BASIN OF INTEGRATION PROJECT,"Ministry of Infrastructure ,Permanent secretary of the Transport Sectoral Program",BFA,Projet BM (Active),"Projet BM Active approuve le 2025-04-30 (216 M USD). Signal AMONT : deploiement a venir en amont de l'appel d'offres. Cible : le titulaire qui executera, pas l'agence.",BMP-P181499,https://projects.worldbank.org/en/projects-operations/project-detail/P181499,2030-12-30,2025-04-30,nouveau,2026-08-13
2026-08-18,5.2,4.4,6.0,surveiller,indetermine,Benin Land Tenure Management Program,Agence Nationale du Domaine et du Foncier,BEN,Projet BM (Active),"Projet BM Active approuve le 2025-04-30 (100 M USD). Signal AMONT : deploiement a venir en amont de l'appel d'offres. Cible : le titulaire qui executera, pas l'agence.",BMP-P181259,https://projects.worldbank.org/en/projects-operations/project-detail/P181259,2030-09-30,2025-04-30,nouveau,2026-08-13
2026-08-18,3.2,4.4,2.0,ignorer,indetermine,Comoros National Water Resilience Project,,COM,Projet BM (Active),"Projet BM Active approuve le 2025-04-29 (5 M USD). Signal AMONT : deploiement a venir en amont de l'appel d'offres. Cible : le titulaire qui executera, pas l'agence.",BMP-P509144,https://projects.worldbank.org/en/projects-operations/project-detail/P509144,,2025-04-29,nouveau,2026-08-13
2026-08-18,6.5,10.0,3.0,contacter,indetermine,"Bulsho: Strengthening Community and Local Institutions for Social Cohesion, Inclusion, and Resilience","Ministry of Finance - Somaliland,Ministry of Interior, Federal Affairs and Reconciliation,Ministry of Local Government and Urban Development - Somaliland",SOM,Projet BM (Active),"Projet BM Active approuve le 2025-04-29 (20 M USD). Signal AMONT : deploiement a venir en amont de l'appel d'offres. Cible : le titulaire qui executera, pas l'agence.",BMP-P508408,https://projects.worldbank.org/en/projects-operations/project-detail/P508408,2029-06-30,2025-04-29,nouveau,2026-08-13
2026-08-18,5.4,6.8,4.0,surveiller,indetermine,Khyber Pakhtunkhwa Integrated Tourism Development Project,,PAK,Projet BM (Active),"Projet BM Active approuve le 2025-04-28 (30 M USD). Signal AMONT : deploiement a venir en amont de l'appel d'offres. Cible : le titulaire qui executera, pas l'agence.",BMP-P508551,https://projects.worldbank.org/en/projects-operations/project-detail/P508551,,2025-04-28,nouveau,2026-08-13
2026-08-18,3.2,4.4,2.0,ignorer,indetermine,Expanding Opportunities for Learning,,DJI,Projet BM (Active),"Projet BM Active approuve le 2025-04-28 (6 M USD). Signal AMONT : deploiement a venir en amont de l'appel d'offres. Cible : le titulaire qui executera, pas l'agence.",BMP-P507069,https://projects.worldbank.org/en/projects-operations/project-detail/P507069,,2025-04-28,nouveau,2026-08-13
2026-08-18,6.4,6.8,6.0,surveiller,indetermine,Sindh Flood Emergency Rehabilitation Project,,PAK,Projet BM (Active),"Projet BM Active approuve le 2025-04-22 (150 M USD). Signal AMONT : deploiement a venir en amont de l'appel d'offres. Cible : le titulaire qui executera, pas l'agence.",BMP-P506144,https://projects.worldbank.org/en/projects-operations/project-detail/P506144,,2025-04-22,nouveau,2026-08-13
2026-08-18,3.2,4.4,2.0,ignorer,indetermine,Burundi Contingent Emergency Response Project,"Ministry of Environment, Agriculture and Livestock",BDI,Projet BM (Active),"Projet BM Active approuve le 2025-04-21 (montant n.c.). Signal AMONT : deploiement a venir en amont de l'appel d'offres. Cible : le titulaire qui executera, pas l'agence.",BMP-P509291,https://projects.worldbank.org/en/projects-operations/project-detail/P509291,2031-02-28,2025-04-21,nouveau,2026-08-13
2026-08-18,8.5,10.0,7.0,contacter,indetermine,Improving Power System Resilience for European Power Grid Integration,,UKR,Projet BM (Active),"Projet BM Active approuve le 2025-04-21 (250 M USD). Signal AMONT : deploiement a venir en amont de l'appel d'offres. Cible : le titulaire qui executera, pas l'agence.",BMP-P506947,https://projects.worldbank.org/en/projects-operations/project-detail/P506947,,2025-04-21,nouveau,2026-08-13
2026-08-18,5.2,4.4,6.0,surveiller,indetermine,"Kyrgyz Republic Developing a Sustainable Finance Market for Micro-, Small-, or Medium Enterprises (MSMEs) project",The Ministry of Finance,KGZ,Projet BM (Active),"Projet BM Active approuve le 2025-04-18 (120 M USD). Signal AMONT : deploiement a venir en amont de l'appel d'offres. Cible : le titulaire qui executera, pas l'agence.",BMP-P505643,https://projects.worldbank.org/en/projects-operations/project-detail/P505643,2030-12-31,2025-04-18,nouveau,2026-08-13
2026-08-18,5.2,4.4,6.0,surveiller,indetermine,Kyrgyz Republic: Water Supply and Sanitation Universal Access Program-1 Project,"State Institution of Drinking Water Supply and Wastewater Disposal under the Water Resources Service under the Ministry of Water Resources, Agriculture and Processing Industry",KGZ,Projet BM (Active),"Projet BM Active approuve le 2025-04-18 (121 M USD). Signal AMONT : deploiement a venir en amont de l'appel d'offres. Cible : le titulaire qui executera, pas l'agence.",BMP-P500620,https://projects.worldbank.org/en/projects-operations/project-detail/P500620,2029-12-31,2025-04-18,nouveau,2026-08-13
2026-08-18,4.2,4.4,4.0,ignorer,indetermine,Zambia Water Supply and Sanitation Services in Growth Centers Program,Ministry of Water Development and Sanitation,ZMB,Projet BM (Active),"Projet BM Active approuve le 2025-04-14 (33 M USD). Signal AMONT : deploiement a venir en amont de l'appel d'offres. Cible : le titulaire qui executera, pas l'agence.",BMP-P509550,https://projects.worldbank.org/en/projects-operations/project-detail/P509550,2030-12-31,2025-04-14,nouveau,2026-08-13
2026-08-18,6.0,10.0,2.0,surveiller,indetermine,Social Protection Enhancement Project II,The Ministry of Social Development,PSE,Projet BM (Active),"Projet BM Active approuve le 2025-04-14 (montant n.c.). Signal AMONT : deploiement a venir en amont de l'appel d'offres. Cible : le titulaire qui executera, pas l'agence.",BMP-P507278,https://projects.worldbank.org/en/projects-operations/project-detail/P507278,2029-02-28,2025-04-14,nouveau,2026-08-13
2026-08-18,3.2,4.4,2.0,ignorer,indetermine,Comoros Solar Energy Access Project,,COM,Projet BM (Active),"Projet BM Active approuve le 2025-04-11 (5 M USD). Signal AMONT : deploiement a venir en amont de l'appel d'offres. Cible : le titulaire qui executera, pas l'agence.",BMP-P508907,https://projects.worldbank.org/en/projects-operations/project-detail/P508907,,2025-04-11,nouveau,2026-08-13
2026-08-18,6.0,10.0,2.0,surveiller,indetermine,"Phase 3 Advancing Sustainability in Performance, Infrastructure, and Reliability of the Energy Sector in the West Bank and Gaza",Palestinian Energy and Natural Resources Authority (PENRA),PSE,Projet BM (Active),"Projet BM Active approuve le 2025-04-08 (montant n.c.). Signal AMONT : deploiement a venir en amont de l'appel d'offres. Cible : le titulaire qui executera, pas l'agence.",BMP-P507260,https://projects.worldbank.org/en/projects-operations/project-detail/P507260,2028-11-30,2025-04-08,nouveau,2026-08-13
2026-08-18,4.4,6.8,2.0,ignorer,indetermine,Madagascar Contingent and Emergency Response Project,Fonds d'Intervention pour le Développement,MDG,Projet BM (Active),"Projet BM Active approuve le 2025-04-07 (montant n.c.). Signal AMONT : deploiement a venir en amont de l'appel d'offres. Cible : le titulaire qui executera, pas l'agence.",BMP-P508924,https://projects.worldbank.org/en/projects-operations/project-detail/P508924,2031-02-28,2025-04-07,nouveau,2026-08-13
2026-08-18,6.9,6.8,7.0,contacter,indetermine,Electricity Sector Efficiency and Supply Reliability Program,,JOR,Projet BM (Active),"Projet BM Active approuve le 2025-04-07 (250 M USD). Signal AMONT : deploiement a venir en amont de l'appel d'offres. Cible : le titulaire qui executera, pas l'agence.",BMP-P507206,https://projects.worldbank.org/en/projects-operations/project-detail/P507206,,2025-04-07,nouveau,2026-08-13
2026-08-18,7.5,10.0,5.0,contacter,indetermine,ENHANCING NIGER NORTHEASTERN CONNECTIVITY,,NER,Projet BM (Active),"Projet BM Active approuve le 2025-04-07 (90 M USD). Signal AMONT : deploiement a venir en amont de l'appel d'offres. Cible : le titulaire qui executera, pas l'agence.",BMP-P506544,https://projects.worldbank.org/en/projects-operations/project-detail/P506544,,2025-04-07,nouveau,2026-08-13
2026-08-18,7.5,10.0,5.0,contacter,indetermine,Emergency Food Security Project,,AFG,Projet BM (Active),"Projet BM Active approuve le 2025-04-07 (95 M USD). Signal AMONT : deploiement a venir en amont de l'appel d'offres. Cible : le titulaire qui executera, pas l'agence.",BMP-P506507,https://projects.worldbank.org/en/projects-operations/project-detail/P506507,,2025-04-07,nouveau,2026-08-13
2026-08-18,5.7,4.4,7.0,surveiller,indetermine,Guinea Water and Sanitation Project,"Ministere de l'Energie, de l'Eau et des Hydrocarbures (MEHH)",GIN,Projet BM (Active),"Projet BM Active approuve le 2025-04-04 (200 M USD). Signal AMONT : deploiement a venir en amont de l'appel d'offres. Cible : le titulaire qui executera, pas l'agence.",BMP-P179017,https://projects.worldbank.org/en/projects-operations/project-detail/P179017,2031-09-30,2025-04-04,nouveau,2026-08-13
2026-08-18,6.0,10.0,2.0,surveiller,indetermine,Palestinian Emergency Financing Facility,,PSE,Projet BM (Active),"Projet BM Active approuve le 2025-04-01 (montant n.c.). Signal AMONT : deploiement a venir en amont de l'appel d'offres. Cible : le titulaire qui executera, pas l'agence.",BMP-P510040,https://projects.worldbank.org/en/projects-operations/project-detail/P510040,,2025-04-01,nouveau,2026-08-13
2026-08-18,6.0,10.0,2.0,surveiller,indetermine,Palestinian Health System Reform Project,Palestinian Ministry of Health,PSE,Projet BM (Active),"Projet BM Active approuve le 2025-04-01 (montant n.c.). Signal AMONT : deploiement a venir en amont de l'appel d'offres. Cible : le titulaire qui executera, pas l'agence.",BMP-P508917,https://projects.worldbank.org/en/projects-operations/project-detail/P508917,2030-03-31,2025-04-01,nouveau,2026-08-13
2026-08-18,6.0,10.0,2.0,surveiller,indetermine,West Bank and Gaza Social Recovery and Job Creation Project,"MDLF ,NGO development centre",PSE,Projet BM (Active),"Projet BM Active approuve le 2025-04-01 (montant n.c.). Signal AMONT : deploiement a venir en amont de l'appel d'offres. Cible : le titulaire qui executera, pas l'agence.",BMP-P508729,https://projects.worldbank.org/en/projects-operations/project-detail/P508729,2029-04-30,2025-04-01,nouveau,2026-08-13
2026-08-18,6.0,10.0,2.0,surveiller,indetermine,"Supporting an Education Reform Agenda for Improving Teaching, Assessment and Career Pathways Phase 2",Ministry of Education and Higher Education,PSE,Projet BM (Active),"Projet BM Active approuve le 2025-04-01 (montant n.c.). Signal AMONT : deploiement a venir en amont de l'appel d'offres. Cible : le titulaire qui executera, pas l'agence.",BMP-P507451,https://projects.worldbank.org/en/projects-operations/project-detail/P507451,2029-05-31,2025-04-01,nouveau,2026-08-13
2026-08-18,5.7,4.4,7.0,surveiller,indetermine,Northern Uganda Social Action Fund IV Project,"Inspectorate of Government,Office of the Prime Minister",UGA,Projet BM (Active),"Projet BM Active approuve le 2025-04-01 (250 M USD). Signal AMONT : deploiement a venir en amont de l'appel d'offres. Cible : le titulaire qui executera, pas l'agence.",BMP-P179904,https://projects.worldbank.org/en/projects-operations/project-detail/P179904,2031-12-31,2025-04-01,nouveau,2026-08-13
2026-08-18,4.7,4.4,5.0,surveiller,indetermine,N’Djamena Urban Resilience  Project,,TCD,Projet BM (Active),"Projet BM Active approuve le 2025-03-31 (50 M USD). Signal AMONT : deploiement a venir en amont de l'appel d'offres. Cible : le titulaire qui executera, pas l'agence.",BMP-P509253,https://projects.worldbank.org/en/projects-operations/project-detail/P509253,,2025-03-31,nouveau,2026-08-13
2026-08-18,7.5,10.0,5.0,contacter,indetermine,Bamako Urban Resilience Project,,MLI,Projet BM (Active),"Projet BM Active approuve le 2025-03-31 (50 M USD). Signal AMONT : deploiement a venir en amont de l'appel d'offres. Cible : le titulaire qui executera, pas l'agence.",BMP-P509236,https://projects.worldbank.org/en/projects-operations/project-detail/P509236,,2025-03-31,nouveau,2026-08-13
2026-08-18,6.9,6.8,7.0,contacter,indetermine,Jordan: Resilient and Sustainable Social Protection Program for Results,"Ministry of Planning and International Cooperation ,Ministry of Social Development (MOSD)",JOR,Projet BM (Active),"Projet BM Active approuve le 2025-03-31 (400 M USD). Signal AMONT : deploiement a venir en amont de l'appel d'offres. Cible : le titulaire qui executera, pas l'agence.",BMP-P508708,https://projects.worldbank.org/en/projects-operations/project-detail/P508708,2029-03-31,2025-03-31,nouveau,2026-08-13
2026-08-18,5.9,6.8,5.0,surveiller,indetermine,Accelerating Nutrition Results in Nigeria 2.0,Federal Ministry of Health and Social Welfare,NGA,Projet BM (Active),"Projet BM Active approuve le 2025-03-31 (80 M USD). Signal AMONT : deploiement a venir en amont de l'appel d'offres. Cible : le titulaire qui executera, pas l'agence.",BMP-P507935,https://projects.worldbank.org/en/projects-operations/project-detail/P507935,2026-12-31,2025-03-31,nouveau,2026-08-13
2026-08-18,5.9,6.8,5.0,surveiller,indetermine,Jordan Innovative Startups and SMEs Fund 2.0,Innovative Startups and SMEs Fund,JOR,Projet BM (Active),"Projet BM Active approuve le 2025-03-31 (50 M USD). Signal AMONT : deploiement a venir en amont de l'appel d'offres. Cible : le titulaire qui executera, pas l'agence.",BMP-P507684,https://projects.worldbank.org/en/projects-operations/project-detail/P507684,2030-07-31,2025-03-31,nouveau,2026-08-13
2026-08-18,6.9,6.8,7.0,contacter,indetermine,Jordan Growth and Competitiveness DPFs,Ministry of Planning and International Cooperation,JOR,Projet BM (Active),"Projet BM Active approuve le 2025-03-31 (400 M USD). Signal AMONT : deploiement a venir en amont de l'appel d'offres. Cible : le titulaire qui executera, pas l'agence.",BMP-P507382,https://projects.worldbank.org/en/projects-operations/project-detail/P507382,2026-09-30,2025-03-31,nouveau,2026-08-13
2026-08-18,7.4,6.8,8.0,contacter,indetermine,HOPE for Quality Basic Education for All,"Federal Ministry of Education,Universal Basic Education Commission",NGA,Projet BM (Active),"Projet BM Active approuve le 2025-03-31 (500 M USD). Signal AMONT : deploiement a venir en amont de l'appel d'offres. Cible : le titulaire qui executera, pas l'agence.",BMP-P507001,https://projects.worldbank.org/en/projects-operations/project-detail/P507001,2030-02-28,2025-03-31,nouveau,2026-08-13
2026-08-18,3.2,4.4,2.0,ignorer,indetermine,Myanmar Community Livelihood Assistance Project,"Food and Agriculture Organization of the United Nations (FAO),International Committee of the Red Cross (ICRC),World Food Programme (WFP)",MMR,Projet BM (Active),"Projet BM Active approuve le 2025-03-31 (montant n.c.). Signal AMONT : deploiement a venir en amont de l'appel d'offres. Cible : le titulaire qui executera, pas l'agence.",BMP-P181475,https://projects.worldbank.org/en/projects-operations/project-detail/P181475,2027-01-15,2025-03-31,nouveau,2026-08-13
2026-08-18,3.2,4.4,2.0,ignorer,indetermine,Cabo Verde Human Capital Project,,CPV,Projet BM (Active),"Projet BM Active approuve le 2025-03-29 (2 M USD). Signal AMONT : deploiement a venir en amont de l'appel d'offres. Cible : le titulaire qui executera, pas l'agence.",BMP-P508181,https://projects.worldbank.org/en/projects-operations/project-detail/P508181,,2025-03-29,nouveau,2026-08-13
2026-08-18,6.9,6.8,7.0,contacter,indetermine,Punjab Clean Air Program,"Government of Punjab: Agriculture Department,Government of Punjab: Environment Protection and Climate Change Department,Government of Punjab: Industries, Commerce & Investment Department,Government of Punjab: Planning and Development Board,Government of Punjab: Transport and Masstransit Department",PAK,Projet BM (Active),"Projet BM Active approuve le 2025-03-28 (300 M USD). Signal AMONT : deploiement a venir en amont de l'appel d'offres. Cible : le titulaire qui executera, pas l'agence.",BMP-P508222,https://projects.worldbank.org/en/projects-operations/project-detail/P508222,2030-06-30,2025-03-28,nouveau,2026-08-13
2026-08-18,7.4,6.8,8.0,contacter,indetermine,NIGERIA: Community Action (for) Resilience and Economic Stimulus Program,,NGA,Projet BM (Active),"Projet BM Active approuve le 2025-03-28 (500 M USD). Signal AMONT : deploiement a venir en amont de l'appel d'offres. Cible : le titulaire qui executera, pas l'agence.",BMP-P507141,https://projects.worldbank.org/en/projects-operations/project-detail/P507141,,2025-03-28,nouveau,2026-08-13
2026-08-18,8.5,10.0,7.0,contacter,indetermine,Delivering Resilient Infrastructure in Vulnerable Environments in Ukraine Project,"Ministry for the Development of Communities and Territories,State Agency for the Restoration and Development of Infrastructure of Ukraine",UKR,Projet BM (Active),"Projet BM Active approuve le 2025-03-28 (422 M USD). Signal AMONT : deploiement a venir en amont de l'appel d'offres. Cible : le titulaire qui executera, pas l'agence.",BMP-P504999,https://projects.worldbank.org/en/projects-operations/project-detail/P504999,2028-12-31,2025-03-28,nouveau,2026-08-13
2026-08-18,4.7,4.4,5.0,surveiller,indetermine,Development of Energy Resources and Mining Sector Support Phase 1 Project,"Ministry of Energy and Petroleum,Société Mauritanienne d'Electricité (SOMELEC)",MRT,Projet BM (Active),"Projet BM Active approuve le 2025-03-27 (82 M USD). Signal AMONT : deploiement a venir en amont de l'appel d'offres. Cible : le titulaire qui executera, pas l'agence.",BMP-P179383,https://projects.worldbank.org/en/projects-operations/project-detail/P179383,2030-06-30,2025-03-27,nouveau,2026-08-13
2026-08-18,5.9,6.8,5.0,surveiller,indetermine,Khyber Pakhtunkhwa Rural Accessibility Project (KPRAP),,PAK,Projet BM (Active),"Projet BM Active approuve le 2025-03-26 (78 M USD). Signal AMONT : deploiement a venir en amont de l'appel d'offres. Cible : le titulaire qui executera, pas l'agence.",BMP-P508791,https://projects.worldbank.org/en/projects-operations/project-detail/P508791,,2025-03-26,nouveau,2026-08-13
2026-08-18,3.2,4.4,2.0,ignorer,indetermine,Kyrgyz Republic Regional Economic Development Project,,KGZ,Projet BM (Active),"Projet BM Active approuve le 2025-03-26 (8 M USD). Signal AMONT : deploiement a venir en amont de l'appel d'offres. Cible : le titulaire qui executera, pas l'agence.",BMP-P506622,https://projects.worldbank.org/en/projects-operations/project-detail/P506622,,2025-03-26,nouveau,2026-08-13
2026-08-18,6.5,10.0,3.0,contacter,indetermine,KRI Social Safety Net Enhancement Project,KRG MOLSA Duhok - General Directorate of Care and Social Development,IRQ,Projet BM (Active),"Projet BM Active approuve le 2025-03-25 (12 M USD). Signal AMONT : deploiement a venir en amont de l'appel d'offres. Cible : le titulaire qui executera, pas l'agence.",BMP-P174422,https://projects.worldbank.org/en/projects-operations/project-detail/P174422,2027-12-31,2025-03-25,nouveau,2026-08-13
2026-08-18,5.7,4.4,7.0,surveiller,indetermine,Primary Health Care Quality Improvement Program,,KGZ,Projet BM (Active),"Projet BM Active approuve le 2025-03-24 (414 M USD). Signal AMONT : deploiement a venir en amont de l'appel d'offres. Cible : le titulaire qui executera, pas l'agence.",BMP-P509288,https://projects.worldbank.org/en/projects-operations/project-detail/P509288,,2025-03-24,nouveau,2026-08-13
2026-08-18,5.7,4.4,7.0,surveiller,indetermine,Dodoma Integrated and Sustainable Transport Project,"City Council of Dodoma (CCD),Land Transport Regulatory Authority (LATRA),Tanzania National Roads Agency (TANROADS),Tanzania Rural and Urban Roads Agency (TARURA)",TZA,Projet BM (Active),"Projet BM Active approuve le 2025-03-24 (200 M USD). Signal AMONT : deploiement a venir en amont de l'appel d'offres. Cible : le titulaire qui executera, pas l'agence.",BMP-P176623,https://projects.worldbank.org/en/projects-operations/project-detail/P176623,2030-03-28,2025-03-24,nouveau,2026-08-13
2026-08-18,6.4,6.8,6.0,surveiller,indetermine,Accelerating Sustainable and Clean Energy Access Transformation in Mozambique,"Electricidade de Moçambique (EDM),Fundo de Energia (FUNAE),Ministry of Mineral Resources and Energy (MIREME)",MOZ,Projet BM (Active),"Projet BM Active approuve le 2025-03-21 (100 M USD). Signal AMONT : deploiement a venir en amont de l'appel d'offres. Cible : le titulaire qui executera, pas l'agence.",BMP-P507759,https://projects.worldbank.org/en/projects-operations/project-detail/P507759,2030-12-31,2025-03-21,nouveau,2026-08-13
2026-08-18,5.7,4.4,7.0,surveiller,indetermine,Angola Youth Employment Opportunities Project,National Institute of Employment and Professional Training (INEFOP),AGO,Projet BM (Active),"Projet BM Active approuve le 2025-03-20 (250 M USD). Signal AMONT : deploiement a venir en amont de l'appel d'offres. Cible : le titulaire qui executera, pas l'agence.",BMP-P505158,https://projects.worldbank.org/en/projects-operations/project-detail/P505158,2029-07-31,2025-03-20,nouveau,2026-08-13
2026-08-18,4.4,6.8,2.0,ignorer,indetermine,Supporting Public Procurement Efficiency and Value for Money in Moldova,Ministry of Finance,MDA,Projet BM (Active),"Projet BM Active approuve le 2025-03-18 (montant n.c.). Signal AMONT : deploiement a venir en amont de l'appel d'offres. Cible : le titulaire qui executera, pas l'agence.",BMP-P507197,https://projects.worldbank.org/en/projects-operations/project-detail/P507197,2026-12-31,2025-03-18,nouveau,2026-08-13
2026-08-18,6.4,6.8,6.0,surveiller,indetermine,Pakistan: Resilient and Accessible Microfinance (RAM) Project,"Ministry of Finance through State Bank of Pakistan,State Bank of Pakistan",PAK,Projet BM (Active),"Projet BM Active approuve le 2025-03-18 (102 M USD). Signal AMONT : deploiement a venir en amont de l'appel d'offres. Cible : le titulaire qui executera, pas l'agence.",BMP-P181037,https://projects.worldbank.org/en/projects-operations/project-detail/P181037,2029-12-31,2025-03-18,nouveau,2026-08-13
2026-08-18,4.2,4.4,4.0,ignorer,indetermine,Integrated Community Resilience Project,"Djiboutian Social Development Agency,Ministry of Social Affairs and Solidarity",DJI,Projet BM (Active),"Projet BM Active approuve le 2025-03-14 (31 M USD). Signal AMONT : deploiement a venir en amont de l'appel d'offres. Cible : le titulaire qui executera, pas l'agence.",BMP-P506969,https://projects.worldbank.org/en/projects-operations/project-detail/P506969,2029-06-30,2025-03-14,nouveau,2026-08-13
2026-08-18,6.9,6.8,7.0,contacter,indetermine,"Improving Performance, Accountability and Transparency in Cameroon PforR","Cameroon Water Utilities Corporation (CAMWATER),Direction Générale des Impôts,Directorate General for Treasury and Public Accounts (DGTCFM) ,Ministry of Economy, Planning and Territorial Administration (MINEPAT),Ministry of Finance (MINFI),Ministry of Health,Ministry of Public Procurement (MINMAP),Regulatory Authority for Public Procurement (ARMP)",CMR,Projet BM (Active),"Projet BM Active approuve le 2025-03-14 (200 M USD). Signal AMONT : deploiement a venir en amont de l'appel d'offres. Cible : le titulaire qui executera, pas l'agence.",BMP-P505030,https://projects.worldbank.org/en/projects-operations/project-detail/P505030,2029-04-30,2025-03-14,nouveau,2026-08-13
2026-08-18,6.9,6.8,7.0,contacter,indetermine,"Cameroon Second Fiscal Sustainability, Inclusive and Sustainable Growth Development Policy Financing",Republic of Cameroon,CMR,Projet BM (Active),"Projet BM Active approuve le 2025-03-14 (200 M USD). Signal AMONT : deploiement a venir en amont de l'appel d'offres. Cible : le titulaire qui executera, pas l'agence.",BMP-P180017,https://projects.worldbank.org/en/projects-operations/project-detail/P180017,2026-12-31,2025-03-14,nouveau,2026-08-13
2026-08-18,8.0,10.0,6.0,contacter,indetermine,AFGHANISTAN HEALTH EMERGENCY RESPONSE (HER) PROJECT,,AFG,Projet BM (Active),"Projet BM Active approuve le 2025-03-06 (160 M USD). Signal AMONT : deploiement a venir en amont de l'appel d'offres. Cible : le titulaire qui executera, pas l'agence.",BMP-P506249,https://projects.worldbank.org/en/projects-operations/project-detail/P506249,,2025-03-06,nouveau,2026-08-13
2026-08-18,7.5,10.0,5.0,contacter,indetermine,Barwaaqo - Somalia Water for Rural Resilience Project,,SOM,Projet BM (Active),"Projet BM Active approuve le 2025-03-03 (70 M USD). Signal AMONT : deploiement a venir en amont de l'appel d'offres. Cible : le titulaire qui executera, pas l'agence.",BMP-P507115,https://projects.worldbank.org/en/projects-operations/project-detail/P507115,,2025-03-03,nouveau,2026-08-13
2026-08-18,5.2,4.4,6.0,surveiller,indetermine,Tanzania Roads to Inclusion and Socioeconomic Opportunities (RISE) Project,,TZA,Projet BM (Active),"Projet BM Active approuve le 2025-02-28 (100 M USD). Signal AMONT : deploiement a venir en amont de l'appel d'offres. Cible : le titulaire qui executera, pas l'agence.",BMP-P507850,https://projects.worldbank.org/en/projects-operations/project-detail/P507850,,2025-02-28,nouveau,2026-08-13
2026-08-18,7.0,10.0,4.0,contacter,indetermine,Somali Integrated Statistics and Economic Planning Capacity Building,,SOM,Projet BM (Active),"Projet BM Active approuve le 2025-02-25 (35 M USD). Signal AMONT : deploiement a venir en amont de l'appel d'offres. Cible : le titulaire qui executera, pas l'agence.",BMP-P507108,https://projects.worldbank.org/en/projects-operations/project-detail/P507108,,2025-02-25,nouveau,2026-08-13
2026-08-18,3.7,4.4,3.0,ignorer,indetermine,Advancing Innovative Methods to Promote Learning (AIM4Learning) in Eastern and Southern Africa MPA Program,Ministry of National Education,COM,Projet BM (Active),"Projet BM Active approuve le 2025-02-20 (15 M USD). Signal AMONT : deploiement a venir en amont de l'appel d'offres. Cible : le titulaire qui executera, pas l'agence.",BMP-P507220,https://projects.worldbank.org/en/projects-operations/project-detail/P507220,2029-06-30,2025-02-20,nouveau,2026-08-13
2026-08-18,5.9,6.8,5.0,surveiller,indetermine,Ethiopia Education Transformation Operation for Learning,"Federal Ministry of Education,Federal Ministry of Finance",ETH,Projet BM (Active),"Projet BM Active approuve le 2025-02-20 (50 M USD). Signal AMONT : deploiement a venir en amont de l'appel d'offres. Cible : le titulaire qui executera, pas l'agence.",BMP-P501017,https://projects.worldbank.org/en/projects-operations/project-detail/P501017,2029-12-31,2025-02-20,nouveau,2026-08-13
2026-08-18,8.0,10.0,6.0,contacter,indetermine,Integrated Persistent Organic Pollutants (POPs) and Chemical Hotspots Management Project,Ministry of Environment,IRQ,Projet BM (Active),"Projet BM Active approuve le 2025-02-20 (102 M USD). Signal AMONT : deploiement a venir en amont de l'appel d'offres. Cible : le titulaire qui executera, pas l'agence.",BMP-P178935,https://projects.worldbank.org/en/projects-operations/project-detail/P178935,2031-12-31,2025-02-20,nouveau,2026-08-13
2026-08-18,5.2,4.4,6.0,surveiller,indetermine,Chad Connectivity and Integration Project,"Ministere des Infrastructures, du desenclavement et de l'entretien routier                                                                        ,Ministere des Transports, de l'Aviation Civile et de la Meteorologie",TCD,Projet BM (Active),"Projet BM Active approuve le 2025-02-18 (170 M USD). Signal AMONT : deploiement a venir en amont de l'appel d'offres. Cible : le titulaire qui executera, pas l'agence.",BMP-P180915,https://projects.worldbank.org/en/projects-operations/project-detail/P180915,2031-02-27,2025-02-18,nouveau,2026-08-13
